Date,MinTemp,MaxTemp,Rainfall,Evaporation,Sunshine,WindGustDir,WindGustSpeed,WindDir9am,WindDir3pm,WindSpeed9am,WindSpeed3pm,Humidity9am,Humidity3pm,Pressure9am,Pressure3pm,Cloud9am,Cloud3pm,Temp9am,Temp3pm,RainToday,RainTomorrow,Rain_Today_Flag,Rain_Tomorrow_Flag,WindGust_Reliable,Year,Month,MonthName,YearMonth,Quarter,DayOfYear,Season,TempMean,TempRange,WindSpeedAvg,HumidityAvg,PressureAvg,Rain_Category,WindGustDir_Deg,MaxTemp_Anomaly,MinTemp_Anomaly,MaxTemp_Z,MinTemp_Z,Temp_Anomaly_Flag,Heavy_Rain_Flag,Strong_Gust_Flag,WarmSpell_Flag,Gap_Days_Before
2008-02-01,19.5,22.4,15.6,6.2,0.0,,,S,SSW,17,20,92,84,1017.6,1017.4,8,8,20.7,20.9,Yes,Yes,1,1,0,2008,2,Feb,2008-02-01,Q1,32,Été,20.95,2.8999999999999986,18.5,88.0,1017.5,Modérée (10-30),,-4.4807843137254935,-0.6862745098039227,-1.4063641455989662,-0.3271331252248787,,0,0,0,0
2008-02-02,19.5,25.6,6.0,3.4,2.7,,,W,E,9,13,83,73,1017.9,1016.4,7,7,22.4,24.8,Yes,Yes,1,1,0,2008,2,Feb,2008-02-01,Q1,33,Été,22.55,6.100000000000001,11.0,78.0,1017.15,Faible (1-10),,-1.2807843137254906,-0.6862745098039227,-0.4019941623950833,-0.3271331252248787,,0,0,0,0
2008-02-03,21.6,24.5,6.6,2.4,0.1,,,ESE,ESE,17,2,88,86,1016.7,1015.6,7,8,23.5,23.0,Yes,Yes,1,1,0,2008,2,Feb,2008-02-01,Q1,34,Été,23.05,2.8999999999999986,9.5,87.0,1016.1500000000001,Faible (1-10),,-2.380784313725492,1.4137254901960787,-0.7472463441214182,0.6738942379632492,,0,0,0,0
2008-02-04,20.2,22.8,18.8,2.2,0.0,,,NNE,E,22,20,83,90,1014.2,1011.8,8,8,21.4,20.9,Yes,Yes,1,1,0,2008,2,Feb,2008-02-01,Q1,35,Été,21.5,2.6000000000000014,21.0,86.5,1013.0,Modérée (10-30),,-4.080784313725491,0.013725490196076606,-1.2808178976984803,0.006542662504496693,,0,0,0,0
2008-02-05,19.7,25.7,77.4,4.8,0.0,,,NNE,W,11,6,88,74,1008.3,1004.8,8,8,22.5,25.5,Yes,Yes,1,1,0,2008,2,Feb,2008-02-01,Q1,36,Été,22.7,6.0,8.5,81.0,1006.55,Forte (>30),,-1.1807843137254928,-0.4862745098039234,-0.37060760041996266,-0.23179718587362882,,1,0,0,0
2008-02-06,20.2,27.2,1.6,2.6,8.6,,,W,ENE,9,22,69,62,1002.7,998.6,6,6,23.8,26.0,Yes,Yes,1,1,0,2008,2,Feb,2008-02-01,Q1,37,Été,23.7,7.0,15.5,65.5,1000.6500000000001,Faible (1-10),,0.31921568627450725,0.013725490196076606,0.10019082920685704,0.006542662504496693,,0,0,0,0
2008-02-07,18.6,26.3,6.2,5.2,5.2,,,W,S,15,15,75,80,999.0,1000.3,4,7,21.7,22.3,Yes,Yes,1,1,0,2008,2,Feb,2008-02-01,Q1,38,Été,22.450000000000003,7.699999999999999,15.0,77.5,999.65,Faible (1-10),,-0.5807843137254913,-1.5862745098039213,-0.18228822856923432,-0.756144852305504,,0,0,0,0
2008-02-08,17.2,22.3,27.6,5.8,2.1,,,S,SE,7,15,77,61,1008.3,1007.4,7,8,18.9,21.1,Yes,Yes,1,1,0,2008,2,Feb,2008-02-01,Q1,39,Été,19.75,5.100000000000001,11.0,69.0,1007.8499999999999,Modérée (10-30),,-4.580784313725491,-2.9862745098039234,-1.4377507075740867,-1.4234964277642563,,0,0,0,0
2008-02-09,16.4,20.8,12.6,4.8,3.0,,,SSW,W,19,9,92,91,1006.4,1007.6,7,7,17.1,16.5,Yes,Yes,1,1,0,2008,2,Feb,2008-02-01,Q1,40,Été,18.6,4.400000000000002,14.0,91.5,1007.0,Modérée (10-30),,-6.080784313725491,-3.786274509803924,-1.9085491372009065,-1.8048401851692577,,0,0,0,0
2008-02-10,14.6,24.2,8.8,4.4,10.1,,,W,SSE,11,20,80,53,1014.0,1013.4,4,2,17.2,23.3,Yes,No,1,0,0,2008,2,Feb,2008-02-01,Q1,41,Été,19.4,9.6,15.5,66.5,1013.7,Faible (1-10),,-2.6807843137254928,-5.586274509803923,-0.8414060300467824,-2.662863639330509,,0,0,0,0
2008-02-11,16.4,23.9,0.0,6.4,8.0,,,WNW,E,9,26,78,53,1017.6,1015.3,7,8,18.9,23.7,No,No,0,0,0,2008,2,Feb,2008-02-01,Q1,42,Été,20.15,7.5,17.5,65.5,1016.45,Sec (≤1 mm),,-2.9807843137254935,-3.786274509803924,-0.9355657159721464,-1.8048401851692577,,0,0,0,0
2008-02-12,18.9,27.3,0.0,6.8,6.7,,,N,NE,7,24,68,67,1010.7,1007.5,7,7,22.9,24.7,No,Yes,0,1,0,2008,2,Feb,2008-02-01,Q1,43,Été,23.1,8.400000000000002,15.5,67.5,1009.1,Sec (≤1 mm),,0.41921568627450867,-1.286274509803924,0.13157739118197878,-0.61314094327863,,0,0,0,0
2008-02-13,18.4,22.8,14.4,7.0,3.3,,,S,S,24,30,87,70,1009.2,1011.7,8,7,20.9,21.0,Yes,Yes,1,1,0,2008,2,Feb,2008-02-01,Q1,44,Été,20.6,4.400000000000002,27.0,78.5,1010.45,Modérée (10-30),,-4.080784313725491,-1.786274509803924,-1.2808178976984803,-0.8514807916567555,,0,0,0,0
2008-02-14,16.9,24.3,3.0,3.2,8.7,,,SSW,SSE,15,19,81,51,1017.2,1016.5,7,1,18.4,23.3,Yes,No,1,0,0,2008,2,Feb,2008-02-01,Q1,45,Été,20.6,7.400000000000002,17.0,66.0,1016.85,Faible (1-10),,-2.5807843137254913,-3.286274509803924,-0.8100194680716606,-1.566500336791132,,0,0,0,0
2008-02-15,18.3,24.4,0.0,6.2,8.5,,,SW,SSE,19,22,80,56,1020.2,1018.9,7,3,19.5,23.8,No,No,0,0,0,2008,2,Feb,2008-02-01,Q1,46,Été,21.35,6.099999999999998,20.5,68.0,1019.55,Sec (≤1 mm),,-2.4807843137254935,-1.886274509803922,-0.7786329060965399,-0.8991487613323796,,0,0,0,0
2008-02-16,16.7,24.1,0.0,6.2,8.8,,,WNW,SSE,11,26,77,52,1023.0,1022.6,7,6,19.8,23.3,No,No,0,0,0,2008,2,Feb,2008-02-01,Q1,47,Été,20.4,7.400000000000002,18.5,64.5,1022.8,Sec (≤1 mm),,-2.7807843137254906,-3.4862745098039234,-0.872792592021903,-1.661836276142382,,0,0,0,0
2008-02-17,19.5,24.8,0.0,7.6,3.2,,,SE,ESE,13,24,63,62,1024.7,1023.1,7,7,21.8,23.4,No,No,0,0,0,2008,2,Feb,2008-02-01,Q1,48,Été,22.15,5.300000000000001,18.5,62.5,1023.9000000000001,Sec (≤1 mm),,-2.0807843137254913,-0.6862745098039227,-0.653086658196054,-0.3271331252248787,,0,0,0,0
2008-02-18,18.6,25.3,0.0,4.2,4.5,,,SSE,ENE,13,24,70,59,1021.7,1019.4,7,6,21.2,23.8,No,No,0,0,0,2008,2,Feb,2008-02-01,Q1,49,Été,21.950000000000003,6.699999999999999,18.5,64.5,1020.55,Sec (≤1 mm),,-1.5807843137254913,-1.5862745098039213,-0.49615384832044745,-0.756144852305504,,0,0,0,0
2008-02-19,19.0,24.8,0.0,5.2,7.5,,,WNW,E,7,17,79,65,1018.0,1015.4,7,7,20.8,23.4,No,No,0,0,0,2008,2,Feb,2008-02-01,Q1,50,Été,21.9,5.800000000000001,12.0,72.0,1016.7,Sec (≤1 mm),,-2.0807843137254913,-1.1862745098039227,-0.653086658196054,-0.5654729736030042,,0,0,0,0
2008-02-20,18.3,26.4,0.0,4.6,11.1,,,W,E,13,22,80,60,1013.4,1010.8,3,1,21.3,25.2,No,No,0,0,0,2008,2,Feb,2008-02-01,Q1,51,Été,22.35,8.099999999999998,17.5,70.0,1012.0999999999999,Sec (≤1 mm),,-0.48078431372549346,-1.886274509803922,-0.1509016665941137,-0.8991487613323796,,0,0,0,0
2008-02-21,20.6,26.8,0.0,6.8,6.4,,,WNW,SE,4,15,86,62,1011.4,1009.7,7,7,22.1,24.9,No,No,0,0,0,2008,2,Feb,2008-02-01,Q1,52,Été,23.700000000000003,6.199999999999999,9.5,74.0,1010.55,Sec (≤1 mm),,-0.08078431372549133,0.41372549019607874,-0.025355418693627767,0.19721454120699813,,0,0,0,0
2008-02-22,19.1,25.4,0.4,4.4,9.4,,,WNW,E,11,28,77,66,1009.2,1003.1,4,1,22.3,24.9,No,No,0,0,0,2008,2,Feb,2008-02-01,Q1,53,Été,22.25,6.299999999999997,19.5,71.5,1006.1500000000001,Sec (≤1 mm),,-1.4807843137254935,-1.0862745098039213,-0.4647672863453268,-0.5178050039273785,,0,0,0,0
2008-02-23,20.5,26.0,0.0,6.6,12.2,,,WSW,ESE,20,24,38,45,1007.4,1007.0,1,1,22.5,24.0,No,No,0,0,0,2008,2,Feb,2008-02-01,Q1,54,Été,23.25,5.5,22.0,41.5,1007.2,Sec (≤1 mm),,-0.880784313725492,0.3137254901960773,-0.2764479144945985,0.14954657153137235,,0,0,0,0
2008-02-24,16.5,28.3,0.0,8.6,12.0,,,WNW,ESE,11,24,48,40,1007.9,1008.0,0,0,21.2,26.1,No,No,0,0,0,2008,2,Feb,2008-02-01,Q1,55,Été,22.4,11.8,17.5,44.0,1007.95,Sec (≤1 mm),,1.4192156862745087,-3.6862745098039227,0.44544301093319194,-1.7571722154936318,,0,0,0,0
2008-02-25,20.5,24.2,0.0,8.6,1.5,,,E,E,15,20,58,54,1017.5,1016.9,7,7,21.6,23.5,No,No,0,0,0,2008,2,Feb,2008-02-01,Q1,56,Été,22.35,3.6999999999999993,17.5,56.0,1017.2,Sec (≤1 mm),,-2.6807843137254928,0.3137254901960773,-0.8414060300467824,0.14954657153137235,,0,0,0,0
2008-02-26,19.3,26.2,0.0,3.6,8.4,,,WSW,E,2,28,73,65,1018.3,1015.6,1,6,23.0,25.8,No,Yes,0,1,0,2008,2,Feb,2008-02-01,Q1,57,Été,22.75,6.899999999999999,15.0,69.0,1016.95,Sec (≤1 mm),,-0.6807843137254928,-0.886274509803922,-0.2136747905443561,-0.4224690645761286,,0,0,0,0
2008-02-27,19.0,29.0,22.2,8.2,3.3,,,W,NNE,0,15,82,52,1014.1,1010.6,7,7,21.3,24.7,Yes,Yes,1,1,0,2008,2,Feb,2008-02-01,Q1,58,Été,24.0,10.0,7.5,67.0,1012.35,Modérée (10-30),,2.119215686274508,-1.1862745098039227,0.6651489447590408,-0.5654729736030042,,0,0,0,0
2008-02-28,17.9,21.4,4.2,4.2,0.0,,,S,ESE,20,9,77,88,1010.0,1010.1,8,8,20.4,19.2,Yes,Yes,1,1,0,2008,2,Feb,2008-02-01,Q1,59,Été,19.65,3.5,14.5,82.5,1010.05,Faible (1-10),,-5.4807843137254935,-2.286274509803924,-1.7202297653501792,-1.089820640034881,,0,0,0,0
2008-02-29,14.7,20.6,33.0,7.0,8.9,,,SW,S,24,28,65,51,1015.3,1015.6,5,3,17.1,19.9,Yes,No,1,0,0,2008,2,Feb,2008-02-01,Q1,60,Été,17.65,5.900000000000002,26.0,58.0,1015.45,Forte (>30),,-6.280784313725491,-5.486274509803923,-1.971322261151149,-2.615195669654884,,0,0,0,0
2008-03-01,12.8,22.0,0.2,6.2,11.3,,,W,SSE,19,31,55,46,1020.9,1020.6,0,1,15.9,21.2,No,Yes,0,1,0,2008,3,Mar,2008-03-01,Q1,61,Automne,17.4,9.2,25.0,50.5,1020.75,Sec (≤1 mm),,-3.881290322580643,-6.057419354838711,-1.584217648324543,-2.8234343744111317,,0,0,0,0
2008-03-02,14.2,23.4,5.4,6.4,7.3,,,W,SE,13,17,93,54,1026.2,1025.2,7,2,15.1,22.4,Yes,No,1,0,0,2008,3,Mar,2008-03-01,Q1,62,Automne,18.799999999999997,9.2,15.0,73.5,1025.7,Faible (1-10),,-2.4812903225806444,-4.657419354838712,-1.0127827585532236,-2.1708779155260376,,0,0,0,0
2008-03-03,15.0,23.1,0.2,2.6,11.2,,,W,ENE,15,19,78,57,1025.8,1022.5,1,1,18.2,22.5,No,No,0,0,0,2008,3,Mar,2008-03-01,Q1,63,Automne,19.05,8.100000000000001,17.0,67.5,1024.15,Sec (≤1 mm),,-2.7812903225806416,-3.8574193548387115,-1.1352330920756482,-1.7979885104488402,,0,0,0,0
2008-03-04,15.5,25.4,0.0,6.8,11.3,,,WNW,E,9,19,77,57,1020.5,1018.6,0,2,18.7,23.8,No,No,0,0,0,2008,3,Mar,2008-03-01,Q1,64,Automne,20.45,9.899999999999999,14.0,67.0,1019.55,Sec (≤1 mm),,-0.4812903225806444,-3.3574193548387115,-0.1964472017370525,-1.564932632275592,,0,0,0,0
2008-03-05,18.7,25.8,0.0,6.0,8.7,,,S,ESE,19,22,72,64,1024.8,1024.2,6,3,22.6,24.1,No,No,0,0,0,2008,3,Mar,2008-03-01,Q1,65,Automne,22.25,7.100000000000001,20.5,68.0,1024.5,Sec (≤1 mm),,-0.08129032258064228,-0.15741935483871217,-0.033180090373817396,-0.07337501196680443,,0,0,0,0
2008-03-06,19.6,26.0,0.0,5.0,10.4,,,N,ENE,11,19,67,65,1024.2,1019.8,1,1,22.1,24.7,No,No,0,0,0,2008,3,Mar,2008-03-01,Q1,66,Automne,22.8,6.399999999999999,15.0,66.0,1022.0,Sec (≤1 mm),,0.11870967741935701,0.74258064516129,0.048453465307799426,0.34612556874504313,,0,0,0,0
2008-03-07,19.9,24.9,0.0,7.6,4.5,,,SSW,SSE,13,24,83,75,1021.3,1020.7,5,7,22.9,23.3,No,Yes,0,1,0,2008,3,Mar,2008-03-01,Q1,67,Automne,22.4,5.0,18.5,79.0,1021.0,Sec (≤1 mm),,-0.9812903225806444,1.0425806451612871,-0.4005310909410953,0.4859590956489907,,0,0,0,0
2008-03-08,16.5,24.8,17.4,6.0,9.6,,,WNW,E,9,22,88,71,1023.4,1022.3,1,2,18.8,21.5,Yes,No,1,0,0,2008,3,Mar,2008-03-01,Q1,68,Automne,20.65,8.3,15.5,79.5,1022.8499999999999,Modérée (10-30),,-1.0812903225806423,-2.3574193548387115,-0.44134786878190296,-1.0988208759290958,,0,0,0,0
2008-03-09,16.4,24.3,0.0,4.6,10.2,,,W,E,9,19,82,64,1025.5,1025.2,1,2,19.7,23.8,No,No,0,0,0,2008,3,Mar,2008-03-01,Q1,69,Automne,20.35,7.900000000000002,14.0,73.0,1025.35,Sec (≤1 mm),,-1.5812903225806423,-2.457419354838713,-0.6454317579859458,-1.1454320515637462,,0,0,0,0
2008-03-10,19.3,26.3,0.0,4.6,10.8,,,WNW,NE,9,24,76,50,1025.1,1022.5,1,0,22.9,25.5,No,No,0,0,0,2008,3,Mar,2008-03-01,Q1,70,Automne,22.8,7.0,16.5,63.0,1023.8,Sec (≤1 mm),,0.4187096774193577,0.44258064516128925,0.17090379883022538,0.20629204184109395,,0,0,0,0
2008-03-11,18.6,26.1,0.0,7.6,11.3,,,ENE,E,2,20,72,58,1022.0,1021.4,0,0,21.9,26.0,No,No,0,0,0,2008,3,Mar,2008-03-01,Q1,71,Automne,22.35,7.5,11.0,65.0,1021.7,Sec (≤1 mm),,0.21870967741935843,-0.25741935483871003,0.08927024314860857,-0.11998618760145306,,0,0,0,0
2008-03-12,19.3,26.4,0.0,7.0,11.1,,,W,NE,7,22,77,60,1021.9,1018.8,1,1,22.2,25.0,No,No,0,0,0,2008,3,Mar,2008-03-01,Q1,72,Automne,22.85,7.099999999999998,14.5,68.5,1020.3499999999999,Sec (≤1 mm),,0.5187096774193556,0.44258064516128925,0.21172057667103308,0.20629204184109395,,0,0,0,0
2008-03-13,19.2,26.1,0.0,6.0,10.6,,,WNW,ESE,6,20,84,69,1019.7,1019.0,1,4,22.4,25.3,No,No,0,0,0,2008,3,Mar,2008-03-01,Q1,73,Automne,22.65,6.900000000000002,13.0,76.5,1019.35,Sec (≤1 mm),,0.21870967741935843,0.34258064516128783,0.08927024314860857,0.15968086620644367,,0,0,0,0
2008-03-14,18.8,26.0,0.0,5.4,11.0,,,W,ENE,9,24,84,62,1022.8,1020.0,3,1,21.8,25.7,No,No,0,0,0,2008,3,Mar,2008-03-01,Q1,74,Automne,22.4,7.199999999999999,16.5,73.0,1021.4,Sec (≤1 mm),,0.11870967741935701,-0.057419354838710746,0.048453465307799426,-0.02676383633215415,,0,0,0,0
2008-03-15,19.3,26.1,0.0,7.0,11.3,,,NW,ENE,2,20,80,64,1022.1,1020.9,1,1,22.5,25.6,No,No,0,0,0,2008,3,Mar,2008-03-01,Q1,75,Automne,22.700000000000003,6.800000000000001,11.0,72.0,1021.5,Sec (≤1 mm),,0.21870967741935843,0.44258064516128925,0.08927024314860857,0.20629204184109395,,0,0,0,0
2008-03-16,19.7,25.8,0.0,5.6,10.1,,,W,E,7,24,81,69,1024.6,1022.6,2,2,22.8,24.7,No,No,0,0,0,2008,3,Mar,2008-03-01,Q1,76,Automne,22.75,6.100000000000001,15.5,75.0,1023.5999999999999,Sec (≤1 mm),,-0.08129032258064228,0.8425806451612878,-0.033180090373817396,0.3927367443796918,,0,0,0,0
2008-03-17,19.5,25.7,0.0,6.4,10.0,,,WNW,E,4,19,82,60,1024.8,1022.8,4,1,22.0,25.4,No,No,0,0,0,2008,3,Mar,2008-03-01,Q1,77,Automne,22.6,6.199999999999999,11.5,71.0,1023.8,Sec (≤1 mm),,-0.1812903225806437,0.6425806451612885,-0.07399686821462653,0.29951439311039285,,0,0,0,0
2008-03-18,19.0,26.7,0.0,8.0,9.7,,,N,ENE,11,20,73,58,1023.3,1020.0,0,2,22.2,25.6,No,No,0,0,0,2008,3,Mar,2008-03-01,Q1,78,Automne,22.85,7.699999999999999,15.5,65.5,1021.65,Sec (≤1 mm),,0.8187096774193563,0.14258064516128854,0.334170910193459,0.06645851493714476,,0,0,0,0
2008-03-19,19.9,26.9,0.0,6.6,6.3,,,SSE,E,7,13,70,60,1021.2,1019.4,5,7,23.9,24.9,No,No,0,0,0,2008,3,Mar,2008-03-01,Q1,79,Automne,23.4,7.0,10.0,65.0,1020.3,Sec (≤1 mm),,1.0187096774193556,1.0425806451612871,0.41580446587507586,0.4859590956489907,,0,0,0,0
2008-03-20,19.7,28.1,0.0,6.0,10.4,,,NNE,NE,6,17,70,58,1014.3,1009.6,2,2,23.5,27.6,No,No,0,0,0,2008,3,Mar,2008-03-01,Q1,80,Automne,23.9,8.400000000000002,11.5,64.0,1011.95,Sec (≤1 mm),,2.2187096774193584,0.8425806451612878,0.9056057999647797,0.3927367443796918,,0,0,0,0
2008-03-21,17.7,19.6,1.0,7.0,0.0,,,S,SSW,26,22,87,80,1017.3,1018.9,8,8,17.8,18.4,No,Yes,0,1,0,2008,3,Mar,2008-03-01,Q1,81,Automne,18.65,1.9000000000000021,24.0,83.5,1018.0999999999999,Sec (≤1 mm),,-6.281290322580642,-1.1574193548387122,-2.5638203165039477,-0.5394867683133007,,0,0,0,0
2008-03-22,16.9,23.2,2.2,2.2,0.6,,,ESE,E,24,30,81,60,1022.8,1022.2,7,7,19.6,21.7,Yes,No,1,0,0,2008,3,Mar,2008-03-01,Q1,82,Automne,20.049999999999997,6.300000000000001,27.0,70.5,1022.5,Faible (1-10),,-2.6812903225806437,-1.9574193548387129,-1.0944163142348404,-0.9123761733904979,,0,0,0,0
2008-03-23,16.3,24.8,0.4,4.0,6.1,,,WNW,ESE,9,13,82,57,1023.1,1020.6,5,6,18.5,24.8,No,Yes,0,1,0,2008,3,Mar,2008-03-01,Q1,83,Automne,20.55,8.5,11.0,69.5,1021.85,Sec (≤1 mm),,-1.0812903225806423,-2.5574193548387107,-0.44134786878190296,-1.1920432271983947,,0,0,0,0
2008-03-24,18.5,24.3,17.0,2.6,8.0,,,NNW,ENE,7,26,95,72,1018.7,1015.3,6,2,19.9,23.3,Yes,No,1,0,0,2008,3,Mar,2008-03-01,Q1,84,Automne,21.4,5.800000000000001,16.5,83.5,1017.0,Modérée (10-30),,-1.5812903225806423,-0.35741935483871146,-0.6454317579859458,-0.16659736323610336,,0,0,0,0
2008-03-25,19.8,27.5,0.4,6.4,2.5,,,NE,NNW,4,17,81,58,1011.1,1006.9,5,7,21.4,27.0,No,Yes,0,1,0,2008,3,Mar,2008-03-01,Q1,85,Automne,23.65,7.699999999999999,10.5,69.5,1009.0,Sec (≤1 mm),,1.618709677419357,0.9425806451612893,0.6607051329199278,0.4393479200143421,,0,0,0,0
2008-03-26,17.0,27.2,19.0,2.4,10.5,,,W,NW,0,6,76,38,1008.9,1007.9,1,5,20.5,27.1,Yes,No,1,0,0,2008,3,Mar,2008-03-01,Q1,86,Automne,22.1,10.2,3.0,57.0,1008.4,Modérée (10-30),,1.3187096774193563,-1.8574193548387115,0.5382547993975019,-0.8657649977558477,,0,0,0,0
2008-03-27,15.0,23.6,0.0,5.8,11.0,,,W,ESE,20,19,52,42,1014.7,1013.4,1,1,17.5,21.8,No,No,0,0,0,2008,3,Mar,2008-03-01,Q1,87,Automne,19.3,8.600000000000001,19.5,47.0,1014.05,Sec (≤1 mm),,-2.2812903225806416,-3.8574193548387115,-0.9311492028716053,-1.7979885104488402,,0,0,0,0
2008-03-28,15.2,21.7,0.0,2.6,8.3,,,SSW,SE,13,17,71,51,1017.1,1016.2,4,3,18.3,21.2,No,No,0,0,0,2008,3,Mar,2008-03-01,Q1,88,Automne,18.45,6.5,15.0,61.0,1016.6500000000001,Sec (≤1 mm),,-4.181290322580644,-3.657419354838712,-1.7066679818469688,-1.7047661591795413,,0,0,0,0
2008-03-29,14.4,22.9,0.2,4.8,9.3,,,W,E,15,15,85,65,1015.4,1011.2,3,2,16.7,21.7,No,No,0,0,0,2008,3,Mar,2008-03-01,Q1,89,Automne,18.65,8.499999999999998,15.0,75.0,1013.3,Sec (≤1 mm),,-2.9812903225806444,-4.457419354838711,-1.2168666477572665,-2.077655564256738,,0,0,0,0
2008-03-30,13.1,26.8,0.0,4.6,10.9,,,W,WNW,22,15,61,22,1013.0,1009.0,0,1,16.9,25.9,No,No,0,0,0,2008,3,Mar,2008-03-01,Q1,90,Automne,19.95,13.700000000000001,18.5,41.5,1011.0,Sec (≤1 mm),,0.9187096774193577,-5.757419354838712,0.3749876880342682,-2.6836008475071833,,0,0,0,0
2008-03-31,13.5,25.6,0.0,5.8,10.4,,,WNW,WNW,9,17,57,31,1015.0,1012.5,4,1,16.3,24.9,No,No,0,0,0,2008,3,Mar,2008-03-01,Q1,91,Automne,19.55,12.100000000000001,13.0,44.0,1013.75,Sec (≤1 mm),,-0.28129032258064157,-5.3574193548387115,-0.11481364605543422,-2.4971561449685846,,0,0,0,0
2008-04-01,13.7,23.9,0.0,6.6,11.0,,,W,ESE,20,15,55,54,1023.0,1021.5,1,1,16.7,23.3,No,No,0,0,0,2008,4,Apr,2008-04-01,Q2,92,Automne,18.799999999999997,10.2,17.5,54.5,1022.25,Sec (≤1 mm),,0.40830188679245083,-1.6592452830188673,0.14646314452441453,-0.7240130217431099,,0,0,0,0
2008-04-02,14.1,28.7,0.0,3.8,10.5,,,W,N,6,22,75,34,1019.0,1012.4,1,7,17.8,28.0,No,No,0,0,0,2008,4,Apr,2008-04-01,Q2,93,Automne,21.4,14.6,14.0,54.5,1015.7,Sec (≤1 mm),,5.2083018867924515,-1.259245283018867,1.868284954460239,-0.5494726981025146,,0,0,0,0
2008-04-03,16.4,22.2,0.0,10.6,9.7,,,SW,WSW,26,20,42,21,1009.9,1010.8,6,1,16.6,21.2,No,No,0,0,0,2008,4,Apr,2008-04-01,Q2,94,Automne,19.299999999999997,5.800000000000001,23.0,31.5,1010.3499999999999,Sec (≤1 mm),,-1.2916981132075485,1.040754716981132,-0.46334874649452296,0.4541341628309069,,0,0,0,0
2008-04-04,11.2,22.2,0.0,7.6,10.6,,,W,E,24,15,47,37,1020.8,1019.2,1,0,13.9,21.0,No,No,0,0,0,2008,4,Apr,2008-04-01,Q2,95,Automne,16.7,11.0,19.5,42.0,1020.0,Sec (≤1 mm),,-1.2916981132075485,-4.159245283018867,-0.46334874649452296,-1.8148900444968294,,0,0,0,0
2008-04-05,11.6,22.7,0.0,4.2,10.7,,,WNW,E,13,17,71,50,1024.5,1023.4,0,1,15.2,21.0,No,No,0,0,0,2008,4,Apr,2008-04-01,Q2,96,Automne,17.15,11.1,15.0,60.5,1023.95,Sec (≤1 mm),,-0.7916981132075485,-3.759245283018867,-0.2839923079595413,-1.640349720856234,,0,0,0,0
2008-04-06,13.1,22.7,0.0,3.6,6.4,,,W,ESE,13,20,71,55,1027.2,1024.6,5,6,17.7,22.1,No,Yes,0,1,0,2008,4,Apr,2008-04-01,Q2,97,Automne,17.9,9.6,16.5,63.0,1025.9,Sec (≤1 mm),,-0.7916981132075485,-2.259245283018867,-0.2839923079595413,-0.9858235072040025,,0,0,0,0
2008-04-07,15.3,22.0,12.0,3.2,4.7,,,SSW,SSE,11,15,83,70,1026.3,1024.2,5,6,18.2,19.8,Yes,Yes,1,1,0,2008,4,Apr,2008-04-01,Q2,98,Automne,18.65,6.699999999999999,13.0,76.5,1025.25,Modérée (10-30),,-1.4916981132075477,-0.05924528301886589,-0.5350913219085154,-0.025851727180728767,,0,0,0,0
2008-04-08,14.6,22.1,9.6,5.4,5.1,,,SE,SE,20,17,86,75,1026.5,1024.1,6,6,17.0,18.9,Yes,Yes,1,1,0,2008,4,Apr,2008-04-01,Q2,99,Automne,18.35,7.500000000000002,18.5,80.5,1025.3,Faible (1-10),,-1.3916981132075463,-0.759245283018867,-0.49922003420151856,-0.33129729355177073,,0,0,0,0
2008-04-09,15.6,22.2,22.8,5.4,5.8,,,W,E,13,20,96,62,1024.6,1021.4,7,5,16.3,21.1,Yes,Yes,1,1,0,2008,4,Apr,2008-04-01,Q2,100,Automne,18.9,6.6,16.5,79.0,1023.0,Modérée (10-30),,-1.2916981132075485,0.24075471698113304,-0.46334874649452296,0.10505351554971712,,0,0,0,0
2008-04-10,13.8,22.7,2.2,3.6,10.6,,,W,E,15,15,77,60,1022.1,1019.7,5,1,18.7,21.9,Yes,No,1,0,0,2008,4,Apr,2008-04-01,Q2,101,Automne,18.25,8.899999999999999,15.0,68.5,1020.9000000000001,Faible (1-10),,-0.7916981132075485,-1.559245283018866,-0.2839923079595413,-0.6803779408329605,,0,0,0,0
2008-04-11,14.1,23.5,0.0,3.2,8.9,,,W,E,15,15,83,61,1020.1,1017.5,4,2,17.1,22.1,No,No,0,0,0,2008,4,Apr,2008-04-01,Q2,102,Automne,18.8,9.4,15.0,72.0,1018.8,Sec (≤1 mm),,0.008301886792452251,-1.259245283018867,0.002977993696429677,-0.5494726981025146,,0,0,0,0
2008-04-12,14.0,23.8,0.0,4.0,7.8,,,W,E,11,9,79,59,1018.6,1016.0,7,4,17.6,22.2,No,No,0,0,0,2008,4,Apr,2008-04-01,Q2,103,Automne,18.9,9.8,10.0,69.0,1017.3,Sec (≤1 mm),,0.30830188679245296,-1.3592452830188666,0.11059185681741894,-0.5931077790126632,,0,0,0,0
2008-04-13,15.1,22.7,0.0,1.8,6.6,,,W,ESE,11,4,81,75,1016.4,1013.4,5,6,17.4,19.7,No,Yes,0,1,0,2008,4,Apr,2008-04-01,Q2,104,Automne,18.9,7.6,7.5,78.0,1014.9,Sec (≤1 mm),,-0.7916981132075485,-0.25924528301886696,-0.2839923079595413,-0.11312188900102679,,0,0,0,0
2008-04-14,13.2,18.9,11.0,3.2,5.2,,,SSW,S,19,30,82,64,1019.6,1019.2,7,3,15.9,18.8,Yes,Yes,1,1,0,2008,4,Apr,2008-04-01,Q2,105,Automne,16.049999999999997,5.699999999999999,24.5,73.0,1019.4000000000001,Modérée (10-30),,-4.591698113207549,-2.1592452830188673,-1.6471012408254024,-0.9421884262938538,,0,0,0,0
2008-04-15,13.8,19.7,2.8,2.8,1.7,,,SW,S,20,22,85,71,1025.4,1023.9,7,7,15.9,19.0,Yes,Yes,1,1,0,2008,4,Apr,2008-04-01,Q2,106,Automne,16.75,5.899999999999999,21.0,78.0,1024.65,Faible (1-10),,-3.7916981132075485,-1.559245283018866,-1.3601309391694314,-0.6803779408329605,,0,0,0,0
2008-04-16,13.8,20.9,1.4,4.6,2.2,,,SSW,SSW,15,20,78,85,1026.4,1024.6,7,8,17.2,16.2,Yes,Yes,1,1,0,2008,4,Apr,2008-04-01,Q2,107,Automne,17.35,7.099999999999998,17.5,81.5,1025.5,Faible (1-10),,-2.591698113207549,-1.559245283018866,-0.9296754866854756,-0.6803779408329605,,0,0,0,0
2008-04-17,14.9,19.7,4.6,1.4,0.8,,,SSW,S,17,13,91,72,1025.1,1023.4,7,7,16.4,19.4,Yes,Yes,1,1,0,2008,4,Apr,2008-04-01,Q2,108,Automne,17.3,4.799999999999999,15.0,81.5,1024.25,Faible (1-10),,-3.7916981132075485,-0.45924528301886625,-1.3601309391694314,-0.20039205082132405,,0,0,0,0
2008-04-18,15.3,20.0,6.4,3.2,0.3,,,W,SSE,4,15,94,75,1025.4,1023.7,8,7,16.4,19.6,Yes,Yes,1,1,0,2008,4,Apr,2008-04-01,Q2,109,Automne,17.65,4.699999999999999,9.5,84.5,1024.5500000000002,Faible (1-10),,-3.4916981132075477,-0.05924528301886589,-1.252517076048442,-0.025851727180728767,,0,0,0,0
2008-04-19,15.9,21.4,5.0,4.8,5.0,,,SE,SE,22,24,51,61,1027.2,1026.1,6,7,19.3,19.5,Yes,Yes,1,1,0,2008,4,Apr,2008-04-01,Q2,110,Automne,18.65,5.499999999999998,23.0,56.0,1026.65,Faible (1-10),,-2.091698113207549,0.5407547169811338,-0.7503190481504939,0.23595875828016377,,0,0,0,0
2008-04-20,15.2,19.1,2.8,4.0,1.3,,,ESE,S,15,6,79,75,1026.6,1023.7,7,6,17.3,18.4,Yes,Yes,1,1,0,2008,4,Apr,2008-04-01,Q2,111,Automne,17.15,3.900000000000002,10.5,77.0,1025.15,Faible (1-10),,-4.391698113207546,-0.1592452830188673,-1.5753586654114087,-0.06948680809087818,,0,0,0,0
2008-04-21,14.7,19.3,21.8,7.5,4.6,,,SSW,S,9,19,91,70,1023.2,1021.4,8,7,16.6,19.0,Yes,Yes,1,1,0,2008,4,Apr,2008-04-01,Q2,112,Automne,17.0,4.600000000000001,14.0,80.5,1022.3,Modérée (10-30),,-4.191698113207547,-0.6592452830188673,-1.5036160899974162,-0.28766221264162206,,0,0,0,0
2008-04-22,14.4,20.3,10.2,3.6,2.0,,,SSE,SE,9,20,90,55,1023.6,1022.3,7,5,16.1,20.1,Yes,Yes,1,1,0,2008,4,Apr,2008-04-01,Q2,113,Automne,17.35,5.9,14.5,72.5,1022.95,Modérée (10-30),,-3.191698113207547,-0.9592452830188662,-1.1449032129274528,-0.41856745537206796,,0,0,0,0
2008-04-23,14.7,17.9,12.6,4.0,0.7,,,SW,SSE,6,22,90,89,1024.0,1022.1,7,7,16.2,17.2,Yes,Yes,1,1,0,2008,4,Apr,2008-04-01,Q2,114,Automne,16.299999999999997,3.1999999999999993,14.0,89.5,1023.05,Modérée (10-30),,-5.591698113207549,-0.6592452830188673,-2.005814117895366,-0.28766221264162206,,0,0,0,0
2008-04-24,14.7,20.0,15.6,1.6,2.5,,,S,S,19,20,93,80,1021.3,1018.6,7,7,16.8,19.3,Yes,Yes,1,1,0,2008,4,Apr,2008-04-01,Q2,115,Automne,17.35,5.300000000000001,19.5,86.5,1019.95,Modérée (10-30),,-3.4916981132075477,-0.6592452830188673,-1.252517076048442,-0.28766221264162206,,0,0,0,0
2008-04-26,12.7,24.8,0.4,2.6,10.2,,,W,E,15,6,81,38,1011.2,1007.0,2,7,15.6,24.6,No,No,0,0,0,2008,4,Apr,2008-04-01,Q2,117,Automne,18.75,12.100000000000001,10.5,59.5,1009.1,Sec (≤1 mm),,1.308301886792453,-2.6592452830188673,0.4693047338873823,-1.1603638308445978,,0,0,0,1
2008-04-27,15.6,26.1,0.0,5.2,7.6,,,NNW,N,20,22,51,28,1005.2,999.1,6,2,20.3,25.7,No,No,0,0,0,2008,4,Apr,2008-04-01,Q2,118,Automne,20.85,10.500000000000002,21.0,39.5,1002.1500000000001,Sec (≤1 mm),,2.6083018867924537,0.24075471698113304,0.9356314740783349,0.10505351554971712,,0,0,0,0
2008-04-28,11.9,16.8,0.0,7.6,8.5,,,W,WSW,20,24,46,33,1007.4,1008.6,2,6,13.7,15.6,No,No,0,0,0,2008,4,Apr,2008-04-01,Q2,119,Automne,14.350000000000001,4.9,22.0,39.5,1008.0,Sec (≤1 mm),,-6.691698113207547,-3.4592452830188662,-2.4003982826723247,-1.5094444781257874,,0,0,0,0
2008-04-29,8.6,18.4,0.0,3.8,10.5,,,W,SSE,24,9,54,41,1020.4,1019.8,1,1,11.7,17.8,No,No,0,0,0,2008,4,Apr,2008-04-01,Q2,120,Automne,13.5,9.799999999999999,16.5,47.5,1020.0999999999999,Sec (≤1 mm),,-5.091698113207549,-6.759245283018867,-1.826457679360384,-2.9494021481606976,,0,0,0,0
2008-04-30,8.4,19.6,0.0,3.6,9.8,,,W,E,15,17,68,50,1024.2,1021.3,1,3,11.6,18.1,No,No,0,0,0,2008,4,Apr,2008-04-01,Q2,121,Automne,14.0,11.200000000000001,16.0,59.0,1022.75,Sec (≤1 mm),,-3.8916981132075463,-6.959245283018866,-1.396002226876427,-3.036672309980995,Froid extrême (Tmin),0,0,0,0
2008-05-01,11.6,18.2,0.0,4.0,2.7,,,WNW,W,11,7,74,56,1019.7,1016.7,7,7,13.4,18.1,No,No,0,0,0,2008,5,May,2008-05-01,Q2,122,Automne,14.899999999999999,6.6,9.0,65.0,1018.2,Sec (≤1 mm),,-2.9535483870967774,-0.5106451612903236,-1.1508383644922862,-0.24421459246562574,,0,0,0,0
2008-05-02,10.8,22.2,0.0,2.4,9.1,,,W,WSW,19,17,65,44,1018.7,1015.3,1,3,14.5,21.7,No,No,0,0,0,2008,5,May,2008-05-01,Q2,123,Automne,16.5,11.399999999999999,18.0,54.5,1017.0,Sec (≤1 mm),,1.0464516129032226,-1.3106451612903225,0.40774570275370914,-0.626812311552644,,0,0,0,0
2008-05-03,10.9,19.6,0.0,3.4,10.5,,,W,SSE,19,11,62,52,1019.3,1016.9,1,1,14.1,18.6,No,No,0,0,0,2008,5,May,2008-05-01,Q2,124,Automne,15.25,8.700000000000001,15.0,57.0,1018.0999999999999,Sec (≤1 mm),,-1.5535483870967752,-1.2106451612903228,-0.6053339409561869,-0.5789875966667668,,0,0,0,0
2008-05-04,9.4,20.3,0.0,3.6,10.3,,,W,SE,22,11,64,47,1021.1,1018.3,1,1,12.4,19.4,No,No,0,0,0,2008,5,May,2008-05-01,Q2,125,Automne,14.850000000000001,10.9,16.5,55.5,1019.7,Sec (≤1 mm),,-0.8535483870967759,-2.710645161290323,-0.33258172918813805,-1.2963583199549271,,0,0,0,0
2008-05-05,9.4,22.3,0.0,2.0,10.0,,,W,NW,15,7,71,34,1018.7,1015.2,1,2,12.4,22.2,No,No,0,0,0,2008,5,May,2008-05-01,Q2,126,Automne,15.850000000000001,12.9,11.0,52.5,1016.95,Sec (≤1 mm),,1.146451612903224,-2.710645161290323,0.44671030443485954,-1.2963583199549271,,0,0,0,0
2008-05-06,11.8,23.6,0.0,3.4,3.1,,,W,WNW,9,9,74,48,1017.1,1013.3,6,7,13.7,21.1,No,No,0,0,0,2008,5,May,2008-05-01,Q2,127,Automne,17.700000000000003,11.8,9.0,61.0,1015.2,Sec (≤1 mm),,2.4464516129032248,-0.3106451612903225,0.9532501262898082,-0.14856516269387054,,0,0,0,0
2008-05-07,13.0,23.0,0.0,3.6,9.4,,,W,SSE,22,13,57,44,1014.3,1011.8,1,3,16.5,22.0,No,No,0,0,0,2008,5,May,2008-05-01,Q2,128,Automne,18.0,10.0,17.5,50.5,1013.05,Sec (≤1 mm),,1.8464516129032233,0.8893548387096768,0.7194625162029085,0.42533141593665724,,0,0,0,0
2008-05-08,11.0,21.8,0.0,3.2,10.2,,,W,S,24,15,63,45,1019.2,1017.5,1,1,14.0,20.8,No,No,0,0,0,2008,5,May,2008-05-01,Q2,129,Automne,16.4,10.8,19.5,54.0,1018.35,Sec (≤1 mm),,0.6464516129032241,-1.1106451612903232,0.25188729602911014,-0.5311628817808897,,0,0,0,0
2008-05-09,11.0,21.9,0.0,3.2,10.1,,,W,SE,17,11,75,60,1021.4,1020.2,0,1,14.3,20.6,No,No,0,0,0,2008,5,May,2008-05-01,Q2,130,Automne,16.45,10.899999999999999,14.0,67.5,1020.8,Sec (≤1 mm),,0.7464516129032219,-1.1106451612903232,0.2908518977102592,-0.5311628817808897,,0,0,0,0
2008-05-10,12.6,21.3,0.0,3.0,9.6,,,WNW,E,11,11,86,67,1022.2,1019.6,1,1,15.2,19.3,No,No,0,0,0,2008,5,May,2008-05-01,Q2,131,Automne,16.95,8.700000000000001,11.0,76.5,1020.9000000000001,Sec (≤1 mm),,0.14645161290322406,0.48935483870967644,0.05706428762336076,0.2340325563931477,,0,0,0,0
2008-05-11,14.0,19.4,0.0,1.2,2.1,,,WNW,SSE,13,15,84,67,1023.1,1021.2,7,7,16.8,18.7,No,No,0,0,0,2008,5,May,2008-05-01,Q2,132,Automne,16.7,5.399999999999999,14.0,75.5,1022.1500000000001,Sec (≤1 mm),,-1.753548387096778,1.8893548387096768,-0.6832631443184878,0.9035785647954307,,0,0,0,0
2008-05-12,12.4,19.5,0.0,1.6,7.3,,,W,E,11,15,88,63,1023.5,1020.5,1,1,14.9,19.2,No,No,0,0,0,2008,5,May,2008-05-01,Q2,133,Automne,15.95,7.1,13.0,75.5,1022.0,Sec (≤1 mm),,-1.6535483870967767,0.28935483870967715,-0.6442985426373373,0.13838312662139335,,0,0,0,0
2008-05-13,13.2,19.7,0.0,1.8,4.2,,,W,E,11,9,88,67,1023.4,1021.7,6,7,15.0,18.1,No,No,0,0,0,2008,5,May,2008-05-01,Q2,134,Automne,16.45,6.5,10.0,77.5,1022.55,Sec (≤1 mm),,-1.4535483870967774,1.089354838709676,-0.5663693392750379,0.5209808457084116,,0,0,0,0
2008-05-14,11.2,20.6,0.0,2.0,9.7,,,W,ENE,20,19,82,64,1023.8,1020.5,1,1,13.8,20.0,No,No,0,0,0,2008,5,May,2008-05-01,Q2,135,Automne,15.9,9.400000000000002,19.5,73.0,1022.15,Sec (≤1 mm),,-0.5535483870967752,-0.9106451612903239,-0.21568792414468813,-0.4355134520091353,,0,0,0,0
2008-05-15,12.0,21.4,0.2,3.2,8.7,,,W,E,13,9,90,60,1022.2,1017.8,1,1,13.9,21.3,No,Yes,0,1,0,2008,5,May,2008-05-01,Q2,136,Automne,16.7,9.399999999999999,11.0,75.0,1020.0,Sec (≤1 mm),,0.24645161290322193,-0.1106451612903232,0.0960288893045098,-0.052915732922116196,,0,0,0,0
2008-05-16,13.8,23.2,1.2,2.2,6.4,,,WNW,NE,15,15,78,66,1017.1,1013.0,6,2,15.9,20.9,Yes,No,1,0,0,2008,5,May,2008-05-01,Q2,137,Automne,18.5,9.399999999999999,15.0,72.0,1015.05,Faible (1-10),,2.0464516129032226,1.6893548387096775,0.7973917195652079,0.8079291350236764,,0,0,0,0
2008-05-17,15.2,21.8,0.0,4.2,6.9,,,NNW,NNW,20,17,52,41,1008.4,1003.6,3,7,19.2,20.9,No,No,0,0,0,2008,5,May,2008-05-01,Q2,138,Automne,18.5,6.600000000000001,18.5,46.5,1006.0,Sec (≤1 mm),,0.6464516129032241,3.089354838709676,0.25188729602911014,1.4774751434259585,,0,0,0,0
2008-05-18,8.8,17.8,0.0,4.2,9.4,,,W,W,19,31,57,36,1007.0,1006.3,1,1,11.6,17.0,No,No,0,0,0,2008,5,May,2008-05-01,Q2,139,Automne,13.3,9.0,25.0,46.5,1006.65,Sec (≤1 mm),,-3.353548387096776,-3.3106451612903225,-1.306696771216885,-1.5833066092701908,,0,0,0,0
2008-05-19,10.7,20.5,0.0,4.4,9.9,,,W,WNW,22,7,58,36,1015.7,1013.3,1,0,12.5,20.3,No,No,0,0,0,2008,5,May,2008-05-01,Q2,140,Automne,15.6,9.8,14.5,47.0,1014.5,Sec (≤1 mm),,-0.6535483870967767,-1.410645161290324,-0.2546525258258386,-0.6746370264385221,,0,0,0,0
2008-05-20,10.3,21.7,0.0,3.0,10.0,,,W,W,24,7,64,38,1020.1,1017.5,1,1,13.0,21.3,No,No,0,0,0,2008,5,May,2008-05-01,Q2,141,Automne,16.0,11.399999999999999,15.5,51.0,1018.8,Sec (≤1 mm),,0.5464516129032226,-1.8106451612903225,0.2129226943479597,-0.8659358859820308,,0,0,0,0
2008-05-21,11.1,18.9,0.0,2.4,6.1,,,WNW,S,19,22,74,64,1022.4,1022.8,4,7,13.5,17.3,No,No,0,0,0,2008,5,May,2008-05-01,Q2,142,Automne,15.0,7.799999999999999,20.5,69.0,1022.5999999999999,Sec (≤1 mm),,-2.253548387096778,-1.0106451612903236,-0.8780861527242372,-0.48333816689501247,,0,0,0,0
2008-05-22,11.9,18.7,0.0,4.0,7.5,,,SSW,SSE,20,19,63,52,1028.2,1026.2,1,2,15.1,17.4,No,No,0,0,0,2008,5,May,2008-05-01,Q2,143,Automne,15.3,6.799999999999999,19.5,57.5,1027.2,Sec (≤1 mm),,-2.4535483870967774,-0.21064516129032285,-0.9560153560865366,-0.10074044780799338,,0,0,0,0
2008-05-23,11.0,18.4,0.0,3.4,5.4,,,WNW,SSE,17,13,76,53,1026.9,1024.6,1,5,12.7,17.1,No,No,0,0,0,2008,5,May,2008-05-01,Q2,144,Automne,14.7,7.399999999999999,15.0,64.5,1025.75,Sec (≤1 mm),,-2.753548387096778,-1.1106451612903232,-1.0729091611299866,-0.5311628817808897,,0,0,0,0
2008-05-24,11.4,20.1,0.0,2.4,9.1,,,W,NW,13,2,71,39,1025.4,1022.7,1,1,13.3,19.3,No,No,0,0,0,2008,5,May,2008-05-01,Q2,145,Automne,15.75,8.700000000000001,7.5,55.0,1024.0500000000002,Sec (≤1 mm),,-1.0535483870967752,-0.7106451612903228,-0.4105109325504375,-0.3398640222373801,,0,0,0,0
2008-05-25,8.8,18.3,0.0,3.6,6.5,,,W,ENE,17,11,78,58,1025.1,1022.2,4,3,11.1,16.9,No,No,0,0,0,2008,5,May,2008-05-01,Q2,146,Automne,13.55,9.5,14.0,68.0,1023.65,Sec (≤1 mm),,-2.853548387096776,-3.3106451612903225,-1.1118737628111357,-1.5833066092701908,,0,0,0,0
2008-05-26,10.9,21.1,0.4,0.4,9.1,,,W,ENE,20,13,81,58,1025.9,1022.6,6,2,12.9,19.5,No,No,0,0,0,2008,5,May,2008-05-01,Q2,147,Automne,16.0,10.200000000000001,16.5,69.5,1024.25,Sec (≤1 mm),,-0.05354838709677523,-1.2106451612903228,-0.020864915738938727,-0.5789875966667668,,0,0,0,0
2008-05-27,11.5,22.4,0.0,3.2,8.7,,,W,E,15,13,82,71,1024.6,1021.8,3,1,13.6,19.1,No,No,0,0,0,2008,5,May,2008-05-01,Q2,148,Automne,16.95,10.899999999999999,14.0,76.5,1023.1999999999999,Sec (≤1 mm),,1.246451612903222,-0.6106451612903232,0.4856749061160086,-0.2920393073515029,,0,0,0,0
2008-05-28,11.0,19.2,0.0,1.6,3.9,,,W,NE,26,2,80,74,1025.6,1023.9,3,6,12.8,18.6,No,No,0,0,0,2008,5,May,2008-05-01,Q2,149,Automne,15.1,8.2,14.0,77.0,1024.75,Sec (≤1 mm),,-1.9535483870967774,-1.1106451612903232,-0.7611923476807873,-0.5311628817808897,,0,0,0,0
2008-05-29,11.0,18.6,1.0,1.0,4.6,,,W,S,19,4,86,76,1030.2,1029.1,3,2,12.7,17.6,No,No,0,0,0,2008,5,May,2008-05-01,Q2,150,Automne,14.8,7.600000000000001,11.5,81.0,1029.65,Sec (≤1 mm),,-2.5535483870967752,-1.1106451612903232,-0.9949799577676857,-0.5311628817808897,,0,0,0,0
2008-05-30,10.9,21.0,0.2,1.4,5.6,,,W,E,19,7,87,58,1032.0,1028.7,1,2,12.7,19.6,No,No,0,0,0,2008,5,May,2008-05-01,Q2,151,Automne,15.95,10.1,13.0,72.5,1030.35,Sec (≤1 mm),,-0.15354838709677665,-1.2106451612903228,-0.05982951742008916,-0.5789875966667668,,0,0,0,0
2008-05-31,10.8,20.1,0.0,1.0,9.4,,,WNW,SSE,17,17,90,61,1028.6,1026.66,1,1,11.7,19.4,No,No,0,0,0,2008,5,May,2008-05-01,Q2,152,Automne,15.450000000000001,9.3,17.0,75.5,1027.63,Sec (≤1 mm),,-1.0535483870967752,-1.3106451612903225,-0.4105109325504375,-0.626812311552644,,0,0,0,0
2008-06-01,11.6,20.5,0.2,2.2,0.3,,,W,SE,19,17,91,74,1029.3,1027.0,7,7,14.3,18.7,No,Yes,0,1,0,2008,6,Jun,2008-06-01,Q2,153,Hiver,16.05,8.9,18.0,82.5,1028.15,Sec (≤1 mm),,2.123793103448275,1.0617241379310336,1.0456918472715064,0.469803964985326,,0,0,0,0
2008-06-02,14.3,17.6,22.0,1.8,0.1,,,W,W,9,7,97,90,1027.3,1024.8,8,7,15.3,17.1,Yes,Yes,1,1,0,2008,6,Jun,2008-06-01,Q2,154,Hiver,15.950000000000001,3.3000000000000007,8.0,93.5,1026.05,Modérée (10-30),,-0.7762068965517237,3.7617241379310347,-0.3821809300549051,1.6645311640223859,,0,0,0,0
2008-06-03,15.2,19.1,4.0,0.4,0.0,,,W,E,17,22,98,90,1026.4,1024.1,8,8,15.6,16.7,Yes,Yes,1,1,0,2008,6,Jun,2008-06-01,Q2,155,Hiver,17.15,3.900000000000002,19.5,94.0,1025.25,Faible (1-10),,0.7237931034482763,4.661724137931033,0.35637395476910116,2.062773563701405,,0,0,0,0
2008-06-04,15.5,18.3,9.2,2.4,0.0,,,SE,ESE,19,26,87,88,1023.1,1020.5,8,8,17.5,17.2,Yes,Yes,1,1,0,2008,6,Jun,2008-06-01,Q2,156,Hiver,16.9,2.8000000000000007,22.5,87.5,1021.8,Faible (1-10),,-0.07620689655172441,4.961724137931034,-0.03752198380370252,2.195521030261079,,0,0,0,0
2008-06-05,15.2,16.9,46.4,2.4,0.0,,,SSW,S,24,24,82,84,1020.1,1018.6,7,8,16.0,16.6,Yes,Yes,1,1,0,2008,6,Jun,2008-06-01,Q2,157,Hiver,16.049999999999997,1.6999999999999993,24.0,83.0,1019.35,Forte (>30),,-1.4762068965517265,4.661724137931033,-0.7268398763061095,2.062773563701405,,0,0,0,0
2008-06-06,14.7,17.4,12.4,0.4,1.8,,,WSW,SSW,15,24,81,70,1021.2,1020.3,7,6,15.1,16.6,Yes,No,1,0,0,2008,6,Jun,2008-06-01,Q2,158,Hiver,16.049999999999997,2.6999999999999993,19.5,75.5,1020.75,Modérée (10-30),,-0.9762068965517265,4.161724137931033,-0.48065491469810734,1.8415277861019497,,0,0,0,0
2008-06-07,11.7,18.2,0.0,2.2,8.8,,,W,S,19,24,76,49,1025.0,1025.7,1,1,13.3,17.9,No,Yes,0,1,0,2008,6,Jun,2008-06-01,Q2,159,Hiver,14.95,6.5,21.5,62.5,1025.35,Sec (≤1 mm),,-0.17620689655172583,1.1617241379310332,-0.08675897612530364,0.514053120505217,,0,0,0,0
2008-06-08,12.7,17.7,6.0,1.4,0.5,,,WNW,ESE,17,17,97,71,1032.1,1029.8,8,7,14.1,17.2,Yes,Yes,1,1,0,2008,6,Jun,2008-06-01,Q2,160,Hiver,15.2,5.0,17.0,84.0,1030.9499999999998,Faible (1-10),,-0.6762068965517258,2.1617241379310332,-0.3329439377333057,0.9565446757041278,,0,0,0,0
2008-06-09,13.0,16.9,3.6,1.2,1.2,,,W,ESE,13,2,96,89,1030.9,1028.0,7,8,13.9,16.2,Yes,Yes,1,1,0,2008,6,Jun,2008-06-01,Q2,161,Hiver,14.95,3.8999999999999986,7.5,92.5,1029.45,Faible (1-10),,-1.4762068965517265,2.461724137931034,-0.7268398763061095,1.0892921422638013,,0,0,0,0
2008-06-10,12.4,19.9,1.6,1.6,3.9,,,W,N,13,9,98,68,1027.5,1023.9,7,1,13.2,19.1,Yes,No,1,0,0,2008,6,Jun,2008-06-01,Q2,162,Hiver,16.15,7.499999999999998,11.0,83.0,1025.7,Faible (1-10),,1.5237931034482735,1.8617241379310343,0.7502698933419032,0.8237972091444551,,0,0,0,0
2008-06-11,13.2,19.9,0.0,1.8,0.0,,,NNW,N,6,4,74,70,1022.9,1020.6,7,8,17.3,19.6,No,Yes,0,1,0,2008,6,Jun,2008-06-01,Q2,163,Hiver,16.549999999999997,6.699999999999999,5.0,72.0,1021.75,Sec (≤1 mm),,1.5237931034482735,2.6617241379310332,0.7502698933419032,1.1777904533035832,,0,0,0,0
2008-06-12,13.7,22.1,5.4,1.8,6.9,,,W,ENE,11,7,97,64,1022.4,1018.1,8,1,14.1,20.1,Yes,No,1,0,0,2008,6,Jun,2008-06-01,Q2,164,Hiver,17.9,8.400000000000002,9.0,80.5,1020.25,Faible (1-10),,3.7237931034482763,3.1617241379310332,1.8334837244171138,1.3990362309030386,,0,0,0,0
2008-06-13,14.0,18.8,0.0,3.4,8.6,,,NW,WSW,20,26,67,42,1012.2,1011.5,1,2,16.6,16.7,No,No,0,0,0,2008,6,Jun,2008-06-01,Q2,165,Hiver,16.4,4.800000000000001,23.0,54.5,1011.85,Sec (≤1 mm),,0.4237931034482756,3.461724137931034,0.20866297780429957,1.5317836974627124,,0,0,0,0
2008-06-14,9.6,14.6,0.0,3.8,3.4,,,W,SW,30,24,49,52,1022.0,1022.5,5,7,11.2,14.1,No,No,0,0,0,2008,6,Jun,2008-06-01,Q2,166,Hiver,12.1,5.0,27.0,50.5,1022.25,Sec (≤1 mm),,-3.7762068965517255,-0.9382758620689664,-1.8592906997029186,-0.41517914541249573,,0,0,0,0
2008-06-15,10.6,15.3,0.0,2.8,0.1,,,SSW,SSW,24,26,75,87,1024.4,1022.8,7,8,13.7,14.5,No,Yes,0,1,0,2008,6,Jun,2008-06-01,Q2,167,Hiver,12.95,4.700000000000001,25.0,81.0,1023.6,Sec (≤1 mm),,-3.0762068965517244,0.061724137931033596,-1.514631753451715,0.02731240978641514,,0,0,0,0
2008-06-16,13.3,16.8,7.2,5.0,2.4,,,SSW,SSW,19,20,86,83,1024.2,1023.0,6,7,15.0,15.8,Yes,Yes,1,1,0,2008,6,Jun,2008-06-01,Q2,168,Hiver,15.05,3.5,19.5,84.5,1023.6,Faible (1-10),,-1.5762068965517244,2.7617241379310347,-0.7760768686277089,1.222039608823475,,0,0,0,0
2008-06-17,13.1,17.5,3.4,0.8,1.3,,,W,SSW,11,13,88,73,1026.7,1024.8,7,7,14.2,17.3,Yes,No,1,0,0,2008,6,Jun,2008-06-01,Q2,169,Hiver,15.3,4.4,12.0,80.5,1025.75,Faible (1-10),,-0.8762068965517251,2.5617241379310336,-0.4314179223765062,1.1335412977836923,,0,0,0,0
2008-06-18,13.6,19.4,0.0,1.6,4.1,,,W,NE,13,2,90,69,1025.5,1022.1,7,8,14.8,19.2,No,No,0,0,0,2008,6,Jun,2008-06-01,Q2,170,Hiver,16.5,5.799999999999999,7.5,79.5,1023.8,Sec (≤1 mm),,1.0237931034482735,3.0617241379310336,0.504084931733901,1.354787075383148,,0,0,0,0
2008-06-19,12.8,20.3,0.0,2.0,5.0,,,WNW,ESE,13,13,91,69,1020.3,1017.4,6,7,13.9,18.6,No,Yes,0,1,0,2008,6,Jun,2008-06-01,Q2,171,Hiver,16.55,7.5,13.0,80.0,1018.8499999999999,Sec (≤1 mm),,1.9237931034482756,2.2617241379310347,0.9472178626283059,1.0007938312240197,,0,0,0,0
2008-06-20,13.8,17.9,3.6,0.6,0.6,,,W,W,19,19,81,60,1018.3,1016.2,7,7,14.3,17.2,Yes,Yes,1,1,0,2008,6,Jun,2008-06-01,Q2,172,Hiver,15.85,4.099999999999998,19.0,70.5,1017.25,Faible (1-10),,-0.47620689655172654,3.2617241379310347,-0.23446995309010527,1.4432853864229305,,0,0,0,0
2008-06-21,11.6,18.5,2.2,1.8,9.4,,,W,WSW,15,17,66,40,1020.7,1018.9,1,1,13.2,18.0,Yes,No,1,0,0,2008,6,Jun,2008-06-01,Q2,173,Hiver,15.05,6.9,16.0,53.0,1019.8,Faible (1-10),,0.12379310344827488,1.0617241379310336,0.06095200083949796,0.469803964985326,,0,0,0,0
2008-06-22,9.7,17.3,0.0,3.4,9.3,,,W,SSW,22,22,61,54,1023.2,1024.0,1,3,11.4,16.3,No,No,0,0,0,2008,6,Jun,2008-06-01,Q2,174,Hiver,13.5,7.600000000000001,22.0,57.5,1023.6,Sec (≤1 mm),,-1.0762068965517244,-0.8382758620689668,-0.5298919070197067,-0.37092998989260484,,0,0,0,0
2008-06-23,8.2,17.1,0.0,3.4,7.0,,,WNW,WSW,13,13,74,43,1023.7,1020.4,1,7,9.9,17.0,No,No,0,0,0,2008,6,Jun,2008-06-01,Q2,175,Hiver,12.65,8.900000000000002,13.0,58.5,1022.05,Sec (≤1 mm),,-1.2762068965517237,-2.3382758620689668,-0.6283658916629072,-1.034667322690971,,0,0,0,0
2008-06-24,9.2,19.2,0.0,1.8,9.2,,,W,WNW,19,9,72,45,1027.0,1023.1,1,1,10.7,18.8,No,No,0,0,0,2008,6,Jun,2008-06-01,Q2,176,Hiver,14.2,10.0,14.0,58.5,1025.05,Sec (≤1 mm),,0.8237931034482742,-1.3382758620689668,0.40561094709070056,-0.5921757674920602,,0,0,0,0
2008-06-25,9.9,19.6,0.0,2.8,9.8,,,W,WNW,17,6,69,43,1024.6,1020.6,1,0,11.8,19.4,No,No,0,0,0,2008,6,Jun,2008-06-01,Q2,177,Hiver,14.75,9.700000000000001,11.5,56.0,1022.5999999999999,Sec (≤1 mm),,1.2237931034482763,-0.6382758620689657,0.6025589163771032,-0.28243167885282217,,0,0,0,0
2008-06-26,10.2,20.2,0.0,3.2,9.7,,,WNW,W,28,28,47,38,1017.0,1016.8,0,1,14.6,19.3,No,No,0,0,0,2008,6,Jun,2008-06-01,Q2,178,Hiver,15.2,10.0,28.0,42.5,1016.9,Sec (≤1 mm),,1.8237931034482742,-0.33827586206896676,0.8979808703067047,-0.14968421229314938,,0,0,0,0
2008-06-27,9.5,19.4,0.0,4.4,9.3,,,W,WSW,24,15,57,32,1025.9,1023.6,0,0,10.8,18.9,No,No,0,0,0,2008,6,Jun,2008-06-01,Q2,179,Hiver,14.45,9.899999999999999,19.5,44.5,1024.75,Sec (≤1 mm),,1.0237931034482735,-1.038275862068966,0.504084931733901,-0.4594283009323867,,0,0,0,0
2008-06-28,7.9,18.7,0.0,3.0,8.8,,,W,SSE,20,9,68,43,1027.6,1024.7,1,1,10.1,18.1,No,No,0,0,0,2008,6,Jun,2008-06-01,Q2,180,Hiver,13.3,10.799999999999999,14.5,55.5,1026.15,Sec (≤1 mm),,0.32379310344827417,-2.6382758620689657,0.15942598548269846,-1.167414789250644,,0,0,0,0
2008-06-29,7.9,21.0,0.0,0.8,9.8,,,WNW,NNW,13,6,84,42,1024.1,1018.8,2,1,9.2,20.8,No,No,0,0,0,2008,6,Jun,2008-06-01,Q2,181,Hiver,14.45,13.1,9.5,63.0,1021.4499999999999,Sec (≤1 mm),,2.623793103448275,-2.6382758620689657,1.2918768088795085,-1.167414789250644,,0,0,0,0
2008-06-30,9.2,22.1,0.0,3.2,9.8,,,NNW,NW,19,28,47,35,1017.1,1010.3,1,1,13.8,21.6,No,No,0,0,0,2008,6,Jun,2008-06-01,Q2,182,Hiver,15.65,12.900000000000002,23.5,41.0,1013.7,Sec (≤1 mm),,3.7237931034482763,-1.3382758620689668,1.8334837244171138,-0.5921757674920602,,0,0,0,0
2008-07-01,10.3,19.6,0.2,3.8,9.5,,,W,W,0,41,45,34,1011.0,1008.5,0,1,13.1,19.2,No,No,0,0,0,2008,7,Jul,2008-07-01,Q3,183,Hiver,14.950000000000001,9.3,20.5,39.5,1009.75,Sec (≤1 mm),,1.593478260869567,1.3068840579710148,0.6726802284658436,0.6369674247291487,,0,0,0,0
2008-07-02,10.8,19.2,0.0,4.0,9.7,,,WNW,W,26,31,55,35,1012.5,1011.2,1,1,14.6,18.8,No,No,0,0,0,2008,7,Jul,2008-07-01,Q3,184,Hiver,15.0,8.399999999999999,28.5,45.0,1011.85,Sec (≤1 mm),,1.1934782608695649,1.8068840579710148,0.5038218900787825,0.880664415615266,,0,0,0,0
2008-07-03,9.2,17.9,0.0,3.2,9.6,,,W,WNW,17,7,63,42,1022.7,1020.8,1,1,10.7,17.4,No,Yes,0,1,0,2008,7,Jul,2008-07-01,Q3,185,Hiver,13.549999999999999,8.7,12.0,52.5,1021.75,Sec (≤1 mm),,-0.10652173913043583,0.2068840579710134,-0.0449677096791632,0.10083404477969002,,0,0,0,0
2008-07-04,8.2,15.0,1.2,2.4,0.4,,,W,S,20,9,84,88,1029.0,1028.2,7,7,9.1,12.9,Yes,Yes,1,1,0,2008,7,Jul,2008-07-01,Q3,186,Hiver,11.6,6.800000000000001,14.5,86.0,1028.6,Faible (1-10),,-3.0065217391304344,-0.7931159420289866,-1.2691906629853487,-0.38655993699254454,,0,0,0,0
2008-07-05,9.1,17.4,14.2,1.6,2.5,,,WNW,NE,11,15,78,48,1031.9,1028.9,6,6,11.3,16.8,Yes,No,1,0,0,2008,7,Jul,2008-07-01,Q3,187,Hiver,13.25,8.299999999999999,13.0,63.0,1030.4,Modérée (10-30),,-0.6065217391304358,0.10688405797101375,-0.2560406326629884,0.05209464660246674,,0,0,0,0
2008-07-06,8.3,18.4,0.0,2.2,7.8,,,W,SSE,15,4,84,59,1029.2,1025.7,1,3,9.8,17.7,No,No,0,0,0,2008,7,Jul,2008-07-01,Q3,188,Hiver,13.35,10.099999999999998,9.5,71.5,1027.45,Sec (≤1 mm),,0.39347826086956417,-0.6931159420289852,0.16610521330466196,-0.33782053881532037,,0,0,0,0
2008-07-07,9.7,19.8,0.0,2.2,4.3,,,W,N,9,11,87,55,1024.4,1019.7,7,5,11.3,19.3,No,No,0,0,0,2008,7,Jul,2008-07-01,Q3,189,Hiver,14.75,10.100000000000001,10.0,71.0,1022.0500000000001,Sec (≤1 mm),,1.7934782608695663,0.7068840579710134,0.7571093976593734,0.3445310356658073,,0,0,0,0
2008-07-08,10.5,17.2,0.2,1.6,5.5,,,W,SE,11,7,80,49,1020.9,1017.4,1,4,12.1,16.4,No,No,0,0,0,2008,7,Jul,2008-07-01,Q3,190,Hiver,13.85,6.699999999999999,9.0,64.5,1019.15,Sec (≤1 mm),,-0.8065217391304351,1.506884057971014,-0.34046980185651815,0.7344462210835953,,0,0,0,0
2008-07-09,6.9,13.3,0.0,2.8,4.6,,,W,WSW,15,20,57,43,1018.0,1015.7,2,7,9.6,13.2,No,Yes,0,1,0,2008,7,Jul,2008-07-01,Q3,191,Hiver,10.100000000000001,6.4,17.5,50.0,1016.85,Sec (≤1 mm),,-4.706521739130434,-2.0931159420289855,-1.9868386011303538,-1.020172113296449,,0,0,0,0
2008-07-10,7.2,15.8,1.8,2.4,4.9,,,WNW,NW,11,26,58,38,1014.6,1010.0,7,3,10.2,15.8,Yes,No,1,0,0,2008,7,Jul,2008-07-01,Q3,192,Hiver,11.5,8.600000000000001,18.5,48.0,1012.3,Faible (1-10),,-2.2065217391304337,-1.7931159420289857,-0.931473986211228,-0.8739539187647787,,0,0,0,0
2008-07-11,10.0,16.5,0.0,4.8,9.8,,,W,WSW,24,20,46,27,1016.5,1017.0,1,1,11.3,16.1,No,No,0,0,0,2008,7,Jul,2008-07-01,Q3,193,Hiver,13.25,6.5,22.0,36.5,1016.75,Sec (≤1 mm),,-1.5065217391304344,1.006884057971014,-0.6359718940338731,0.490749230197478,,0,0,0,0
2008-07-12,5.7,15.9,0.0,3.4,8.3,,,W,NE,17,13,67,45,1027.5,1023.5,4,7,7.8,15.0,No,No,0,0,0,2008,7,Jul,2008-07-01,Q3,194,Hiver,10.8,10.2,15.0,56.0,1025.5,Sec (≤1 mm),,-2.106521739130434,-3.2931159420289857,-0.8892594016144632,-1.6050448914231306,,0,0,0,0
2008-07-13,7.8,17.3,0.0,2.6,0.0,,,W,N,4,17,67,58,1024.2,1021.2,8,8,11.5,17.1,No,No,0,0,0,2008,7,Jul,2008-07-01,Q3,195,Hiver,12.55,9.5,10.5,62.5,1022.7,Sec (≤1 mm),,-0.7065217391304337,-1.193115942028986,-0.2982552172597525,-0.5815175297014381,,0,0,0,0
2008-07-14,10.1,23.1,0.0,1.8,6.1,,,W,E,0,7,80,54,1021.5,1017.3,7,1,12.0,22.9,No,No,0,0,0,2008,7,Jul,2008-07-01,Q3,196,Hiver,16.6,13.000000000000002,3.5,67.0,1019.4,Sec (≤1 mm),,5.093478260869567,1.1068840579710137,2.1501906893526197,0.5394886283747014,,0,0,0,0
2008-07-15,9.7,19.8,0.0,1.8,9.7,,,W,ESE,20,11,81,70,1020.8,1018.4,1,1,11.1,17.4,No,No,0,0,0,2008,7,Jul,2008-07-01,Q3,197,Hiver,14.75,10.100000000000001,15.5,75.5,1019.5999999999999,Sec (≤1 mm),,1.7934782608695663,0.7068840579710134,0.7571093976593734,0.3445310356658073,,0,0,0,0
2008-07-16,8.9,18.0,0.0,2.0,9.6,,,WNW,SSE,13,11,81,50,1022.2,1019.1,1,1,10.8,17.4,No,No,0,0,0,2008,7,Jul,2008-07-01,Q3,198,Hiver,13.45,9.1,12.0,65.5,1020.6500000000001,Sec (≤1 mm),,-0.006521739130434412,-0.09311594202898554,-0.002753125082397563,-0.04538414975197983,,0,0,0,0
2008-07-17,8.2,18.5,0.0,1.4,9.0,,,W,N,15,17,84,38,1019.2,1013.3,4,5,10.1,17.3,No,No,0,0,0,2008,7,Jul,2008-07-01,Q3,199,Hiver,13.35,10.3,16.0,61.0,1016.25,Sec (≤1 mm),,0.4934782608695656,-0.7931159420289866,0.2083197979014276,-0.38655993699254454,,0,0,0,0
2008-07-18,8.2,18.7,0.0,4.0,8.7,,,W,W,13,39,73,21,1010.1,1007.3,1,1,10.1,17.9,No,No,0,0,0,2008,7,Jul,2008-07-01,Q3,200,Hiver,13.45,10.5,26.0,47.0,1008.7,Sec (≤1 mm),,0.6934782608695649,-0.7931159420289866,0.2927489670949574,-0.38655993699254454,,0,0,0,0
2008-07-19,8.1,18.2,0.0,3.4,9.5,,,W,W,4,6,53,32,1016.2,1014.1,1,2,10.9,18.2,No,No,0,0,0,2008,7,Jul,2008-07-01,Q3,201,Hiver,13.149999999999999,10.1,5.0,42.5,1015.1500000000001,Sec (≤1 mm),,0.19347826086956488,-0.8931159420289863,0.0816760441111322,-0.4352993351697678,,0,0,0,0
2008-07-20,10.8,17.6,0.0,3.2,0.0,,,N,NE,6,4,41,55,1015.4,1008.6,8,8,14.6,16.8,No,Yes,0,1,0,2008,7,Jul,2008-07-01,Q3,202,Hiver,14.200000000000001,6.800000000000001,5.0,48.0,1012.0,Sec (≤1 mm),,-0.406521739130433,1.8068840579710148,-0.1716114634694571,0.880664415615266,,0,0,0,0
2008-07-21,10.4,17.5,2.8,1.6,9.7,,,NW,W,26,31,56,31,1006.2,1008.1,1,1,13.1,16.7,Yes,No,1,0,0,2008,7,Jul,2008-07-01,Q3,203,Hiver,13.95,7.1,28.5,43.5,1007.1500000000001,Faible (1-10),,-0.5065217391304344,1.4068840579710145,-0.21382604806622274,0.685706822906372,,0,0,0,0
2008-07-22,7.2,15.1,0.0,3.8,10.0,,,W,SSW,19,22,52,31,1024.8,1025.2,0,1,8.8,13.9,No,No,0,0,0,2008,7,Jul,2008-07-01,Q3,204,Hiver,11.15,7.8999999999999995,20.5,41.5,1025.0,Sec (≤1 mm),,-2.9065217391304348,-1.7931159420289857,-1.2269760783885837,-0.8739539187647787,,0,0,0,0
2008-07-23,5.5,14.7,0.0,4.0,4.0,,,W,SSW,22,19,67,61,1031.5,1029.6,6,6,7.0,14.1,No,Yes,0,1,0,2008,7,Jul,2008-07-01,Q3,205,Hiver,10.1,9.2,20.5,64.0,1030.55,Sec (≤1 mm),,-3.306521739130435,-3.493115942028986,-1.395834416775644,-1.7025236877775776,,0,0,0,0
2008-07-24,6.9,15.9,7.0,0.2,1.7,,,W,ESE,19,22,95,70,1029.3,1025.4,8,7,10.9,14.7,Yes,Yes,1,1,0,2008,7,Jul,2008-07-01,Q3,206,Hiver,11.4,9.0,20.5,82.5,1027.35,Faible (1-10),,-2.106521739130434,-2.0931159420289855,-0.8892594016144632,-1.020172113296449,,0,0,0,0
2008-07-25,9.8,12.7,8.8,2.4,0.1,,,WSW,S,15,17,93,81,1022.6,1020.1,8,7,10.5,12.6,Yes,Yes,1,1,0,2008,7,Jul,2008-07-01,Q3,207,Hiver,11.25,2.8999999999999986,16.0,87.0,1021.35,Faible (1-10),,-5.306521739130435,0.8068840579710148,-2.2401261087109448,0.39327043384303145,,0,0,0,0
2008-07-26,6.2,17.0,16.2,1.4,8.6,,,W,SSE,24,13,79,47,1018.3,1014.3,1,5,8.4,15.5,Yes,No,1,0,0,2008,7,Jul,2008-07-01,Q3,208,Hiver,11.6,10.8,18.5,63.0,1016.3,Modérée (10-30),,-1.0065217391304344,-2.7931159420289857,-0.4248989710500479,-1.3613479005370133,,0,0,0,0
2008-07-27,6.3,17.6,0.0,2.0,7.6,,,W,ESE,11,6,71,41,1013.1,1008.6,2,7,9.1,16.4,No,Yes,0,1,0,2008,7,Jul,2008-07-01,Q3,209,Hiver,11.950000000000001,11.3,8.5,56.0,1010.85,Sec (≤1 mm),,-0.406521739130433,-2.693115942028986,-0.1716114634694571,-1.31260850235979,,0,0,0,0
2008-07-28,7.0,13.6,3.8,3.0,3.6,,,W,SW,20,31,79,79,1011.3,1011.3,6,8,8.4,10.2,Yes,Yes,1,1,0,2008,7,Jul,2008-07-01,Q3,210,Hiver,10.3,6.6,25.5,79.0,1011.3,Faible (1-10),,-4.406521739130435,-1.993115942028986,-1.8601948473400591,-0.9714327151192257,,0,0,0,0
2008-07-29,8.0,15.0,33.2,1.4,6.9,,,W,SSW,22,20,86,59,1017.2,1015.1,6,6,9.1,13.5,Yes,No,1,0,0,2008,7,Jul,2008-07-01,Q3,211,Hiver,11.5,7.0,21.0,72.5,1016.1500000000001,Forte (>30),,-3.0065217391304344,-0.9931159420289859,-1.2691906629853487,-0.4840387333469911,,0,0,0,0
2008-07-30,6.0,17.0,0.2,2.6,9.7,,,W,ESE,19,11,65,43,1016.7,1013.7,2,1,9.4,16.2,No,No,0,0,0,2008,7,Jul,2008-07-01,Q3,212,Hiver,11.5,11.0,15.0,54.0,1015.2,Sec (≤1 mm),,-1.0065217391304344,-2.993115942028986,-0.4248989710500479,-1.4588266968914603,,0,0,0,0
2008-07-31,6.0,20.3,0.0,3.4,10.2,,,W,E,19,11,71,42,1016.6,1011.6,1,2,7.9,18.5,No,No,0,0,0,2008,7,Jul,2008-07-01,Q3,213,Hiver,13.15,14.3,15.0,56.5,1014.1,Sec (≤1 mm),,2.2934782608695663,-2.993115942028986,0.9681823206431985,-1.4588266968914603,,0,0,0,0
2008-08-01,7.9,20.8,0.0,4.6,1.8,,,WNW,WNW,17,26,40,46,1004.8,1003.3,6,7,17.2,16.8,No,No,0,0,0,2008,8,Aug,2008-08-01,Q3,214,Hiver,14.350000000000001,12.9,21.5,43.0,1004.05,Sec (≤1 mm),,1.4182156133829018,-1.8494423791821557,0.513207619357906,-0.8378657869970199,,0,0,0,0
2008-08-02,9.7,16.8,0.0,4.6,10.1,,,W,W,28,24,48,32,1013.2,1013.3,1,1,11.9,16.6,No,No,0,0,0,2008,8,Aug,2008-08-01,Q3,215,Hiver,13.25,7.100000000000001,26.0,40.0,1013.25,Sec (≤1 mm),,-2.581784386617098,-0.04944237918215677,-0.9342665573894231,-0.022399226064443237,,0,0,0,0
2008-08-03,9.4,18.8,0.0,3.6,10.0,,,W,W,20,7,52,34,1020.4,1017.7,0,1,11.6,18.7,No,No,0,0,0,2008,8,Aug,2008-08-01,Q3,216,Hiver,14.100000000000001,9.4,13.5,43.0,1019.05,Sec (≤1 mm),,-0.5817843866170982,-0.3494423791821557,-0.21052946901575853,-0.15831031955320563,,0,0,0,0
2008-08-04,8.1,17.2,0.0,3.0,5.9,,,W,E,13,13,62,45,1020.4,1017.1,6,6,10.6,15.0,No,No,0,0,0,2008,8,Aug,2008-08-01,Q3,217,Hiver,12.649999999999999,9.1,13.0,53.5,1018.75,Sec (≤1 mm),,-2.1817843866170996,-1.6494423791821564,-0.7895191397146908,-0.747258391337845,,0,0,0,0
2008-08-05,6.6,16.3,0.0,3.4,8.5,,,W,SSE,22,13,67,52,1019.1,1016.1,1,5,9.2,16.3,No,No,0,0,0,2008,8,Aug,2008-08-01,Q3,218,Hiver,11.45,9.700000000000001,17.5,59.5,1017.6,Sec (≤1 mm),,-3.081784386617098,-3.1494423791821564,-1.1152008294828393,-1.4268138587816592,,0,0,0,0
2008-08-06,8.8,15.5,0.0,3.4,3.4,,,W,SSW,15,13,89,70,1014.9,1015.6,7,7,9.5,14.3,No,No,0,0,0,2008,8,Aug,2008-08-01,Q3,219,Hiver,12.15,6.699999999999999,14.0,79.5,1015.25,Sec (≤1 mm),,-3.881784386617099,-0.9494423791821553,-1.4046956648323055,-0.43013250653073115,,0,0,0,0
2008-08-07,8.3,16.5,0.8,0.4,6.0,,,W,NW,20,19,74,75,1017.9,1014.6,1,7,10.9,11.4,No,Yes,0,1,0,2008,8,Aug,2008-08-01,Q3,220,Hiver,12.4,8.2,19.5,74.5,1016.25,Sec (≤1 mm),,-2.881784386617099,-1.4494423791821553,-1.0428271206454731,-0.6566509956786692,,0,0,0,0
2008-08-08,8.2,18.6,4.6,1.4,5.7,,,W,SW,17,19,58,38,1016.4,1016.9,7,5,11.7,18.4,Yes,No,1,0,0,2008,8,Aug,2008-08-01,Q3,221,Hiver,13.4,10.400000000000002,18.0,48.0,1016.65,Faible (1-10),,-0.7817843866170975,-1.5494423791821568,-0.28290317785312474,-0.7019546935082576,,0,0,0,0
2008-08-09,6.9,17.3,0.0,4.0,9.6,,,W,WNW,19,15,56,37,1021.9,1018.1,1,4,9.9,16.4,No,No,0,0,0,2008,8,Aug,2008-08-01,Q3,222,Hiver,12.100000000000001,10.4,17.0,46.5,1020.0,Sec (≤1 mm),,-2.081784386617098,-2.8494423791821557,-0.753332285296007,-1.2909027652928962,,0,0,0,0
2008-08-10,6.7,15.6,0.0,3.0,5.9,,,NW,WNW,19,24,62,38,1016.2,1011.8,2,2,10.5,13.5,No,No,0,0,0,2008,8,Aug,2008-08-01,Q3,223,Hiver,11.15,8.899999999999999,21.5,50.0,1014.0,Sec (≤1 mm),,-3.7817843866170993,-3.049442379182156,-1.3685088104136223,-1.3815101609520715,,0,0,0,0
2008-08-11,7.0,15.9,0.4,3.6,10.7,,,W,W,33,20,46,35,1016.0,1015.4,1,4,9.4,15.4,No,No,0,0,0,2008,8,Aug,2008-08-01,Q3,224,Hiver,11.45,8.9,26.5,40.5,1015.7,Sec (≤1 mm),,-3.4817843866170985,-2.749442379182156,-1.2599482471575725,-1.2455990674633086,,0,0,0,0
2008-08-12,6.8,16.3,0.0,3.0,10.0,,,W,W,19,30,50,28,1021.7,1018.8,1,1,10.7,15.8,No,No,0,0,0,2008,8,Aug,2008-08-01,Q3,225,Hiver,11.55,9.5,24.5,39.0,1020.25,Sec (≤1 mm),,-3.081784386617098,-2.9494423791821562,-1.1152008294828393,-1.336206463122484,,0,0,0,0
2008-08-13,8.4,17.4,0.0,4.0,10.5,,,WSW,ESE,22,15,49,34,1023.0,1021.9,1,2,12.2,16.0,No,No,0,0,0,2008,8,Aug,2008-08-01,Q3,226,Hiver,12.899999999999999,8.999999999999998,18.5,41.5,1022.45,Sec (≤1 mm),,-1.9817843866171003,-1.3494423791821557,-0.7171454308773245,-0.6113472978490818,,0,0,0,0
2008-08-14,7.2,18.5,0.0,4.0,10.4,,,W,WSW,22,26,51,28,1021.1,1015.6,0,1,10.2,18.0,No,No,0,0,0,2008,8,Aug,2008-08-01,Q3,227,Hiver,12.85,11.3,24.0,39.5,1018.35,Sec (≤1 mm),,-0.8817843866170989,-2.549442379182156,-0.3190900322718085,-1.1549916718041333,,0,0,0,0
2008-08-15,9.4,18.8,0.0,4.6,10.7,,,W,W,22,31,49,33,1013.4,1010.2,1,1,12.4,18.1,No,No,0,0,0,2008,8,Aug,2008-08-01,Q3,228,Hiver,14.100000000000001,9.4,26.5,41.0,1011.8,Sec (≤1 mm),,-0.5817843866170982,-0.3494423791821557,-0.21052946901575853,-0.15831031955320563,,0,0,0,0
2008-08-16,10.5,18.0,0.0,4.0,9.2,,,W,SE,22,15,48,42,1011.8,1010.5,1,4,13.2,16.6,No,No,0,0,0,2008,8,Aug,2008-08-01,Q3,229,Hiver,14.25,7.5,18.5,45.0,1011.15,Sec (≤1 mm),,-1.381784386617099,0.7505576208178439,-0.5000243043652246,0.34003035657225805,,0,0,0,0
2008-08-17,6.9,16.4,0.0,4.6,10.4,,,W,SSE,17,15,45,35,1021.9,1021.8,1,1,10.4,15.5,No,No,0,0,0,2008,8,Aug,2008-08-01,Q3,230,Hiver,11.649999999999999,9.499999999999998,16.0,40.0,1021.8499999999999,Sec (≤1 mm),,-2.9817843866171003,-2.8494423791821557,-1.0790139750641567,-1.2909027652928962,,0,0,0,0
2008-08-18,5.6,15.8,0.0,3.4,7.6,,,W,SSW,20,19,59,33,1024.9,1021.2,6,7,9.2,15.3,No,No,0,0,0,2008,8,Aug,2008-08-01,Q3,231,Hiver,10.7,10.200000000000001,19.5,46.0,1023.0500000000001,Sec (≤1 mm),,-3.581784386617098,-4.149442379182156,-1.2961351015762554,-1.8798508370775355,,0,0,0,0
2008-08-19,5.3,17.6,0.6,1.8,10.8,,,W,ENE,22,15,65,32,1028.8,1025.4,1,5,9.5,17.5,No,No,0,0,0,2008,8,Aug,2008-08-01,Q3,232,Hiver,11.450000000000001,12.3,18.5,48.5,1027.1,Sec (≤1 mm),,-1.7817843866170975,-4.449442379182156,-0.644771722039957,-2.015761930566298,,0,0,0,0
2008-08-20,8.2,19.5,0.0,3.8,7.4,,,E,W,2,4,58,35,1026.6,1023.2,7,7,12.6,19.2,No,No,0,0,0,2008,8,Aug,2008-08-01,Q3,233,Hiver,13.85,11.3,3.0,46.5,1024.9,Sec (≤1 mm),,0.1182156133829011,-1.5494423791821568,0.04277851191502383,-0.7019546935082576,,0,0,0,0
2008-08-21,9.4,20.2,0.0,3.2,1.1,,,W,ENE,7,11,58,44,1022.5,1017.1,8,7,12.0,18.2,No,Yes,0,1,0,2008,8,Aug,2008-08-01,Q3,234,Hiver,14.8,10.799999999999999,9.0,51.0,1019.8,Sec (≤1 mm),,0.8182156133829004,-0.3494423791821557,0.2960864928458062,-0.15831031955320563,,0,0,0,0
2008-08-22,10.2,11.9,2.6,3.4,0.0,,,W,SSW,15,17,90,87,1016.1,1015.5,8,8,10.5,10.5,Yes,Yes,1,1,0,2008,8,Aug,2008-08-01,Q3,235,Hiver,11.05,1.700000000000001,16.0,88.5,1015.8,Faible (1-10),,-7.4817843866170985,0.45055762081784323,-2.7074224239049016,0.20411926308349485,,0,0,0,0
2008-08-23,7.3,14.8,20.8,1.6,5.9,,,SSW,S,24,28,65,53,1022.8,1024.1,7,7,11.2,13.4,Yes,No,1,0,0,2008,8,Aug,2008-08-01,Q3,236,Hiver,11.05,7.500000000000001,26.0,59.0,1023.4499999999999,Modérée (10-30),,-4.581784386617098,-2.4494423791821562,-1.6580036457630878,-1.1096879739745458,,0,0,0,0
2008-08-24,5.5,17.3,0.0,3.0,10.4,,,W,SSE,24,22,63,47,1029.6,1027.9,1,2,9.8,16.6,No,No,0,0,0,2008,8,Aug,2008-08-01,Q3,237,Hiver,11.4,11.8,23.0,55.0,1028.75,Sec (≤1 mm),,-2.081784386617098,-4.249442379182156,-0.753332285296007,-1.9251545349071228,,0,0,0,0
2008-08-25,8.2,16.4,0.0,3.6,7.1,,,W,NE,15,19,76,48,1029.9,1024.8,7,5,11.1,16.0,No,No,0,0,0,2008,8,Aug,2008-08-01,Q3,238,Hiver,12.299999999999999,8.2,17.0,62.0,1027.35,Sec (≤1 mm),,-2.9817843866171003,-1.5494423791821568,-1.0790139750641567,-0.7019546935082576,,0,0,0,0
2008-08-26,8.5,21.5,0.0,2.6,9.3,,,WNW,E,19,15,78,51,1023.4,1019.3,2,3,11.1,18.7,No,No,0,0,0,2008,8,Aug,2008-08-01,Q3,239,Hiver,15.0,13.0,17.0,64.5,1021.3499999999999,Sec (≤1 mm),,2.118215613382901,-1.249442379182156,0.7665156002886885,-0.5660436000194944,,0,0,0,0
2008-08-28,8.8,16.9,2.4,3.2,8.5,,,W,S,13,20,85,59,1028.0,1025.3,3,5,12.0,15.8,Yes,No,1,0,0,2008,8,Aug,2008-08-01,Q3,241,Hiver,12.85,8.099999999999998,16.5,72.0,1026.65,Faible (1-10),,-2.4817843866171003,-0.9494423791821553,-0.8980797029707407,-0.43013250653073115,,0,0,0,1
2008-08-29,8.7,18.2,0.0,4.2,10.1,,,WNW,SSE,19,20,70,62,1025.7,1022.3,2,4,12.5,16.1,No,No,0,0,0,2008,8,Aug,2008-08-01,Q3,242,Hiver,13.45,9.5,19.5,66.0,1024.0,Sec (≤1 mm),,-1.1817843866170996,-1.0494423791821568,-0.42765059552785845,-0.4754362043603194,,0,0,0,0
2008-08-30,8.1,16.0,0.0,4.8,6.3,,,W,ENE,13,17,82,65,1023.4,1019.1,5,7,12.1,15.7,No,Yes,0,1,0,2008,8,Aug,2008-08-01,Q3,243,Hiver,12.05,7.9,15.0,73.5,1021.25,Sec (≤1 mm),,-3.381784386617099,-1.6494423791821564,-1.2237613927388893,-0.747258391337845,,0,0,0,0
2008-08-31,12.1,19.2,12.0,4.8,0.3,,,NNE,N,15,22,91,71,1011.2,1009.555,7,7,15.3,19.1,Yes,No,1,0,0,2008,8,Aug,2008-08-01,Q3,244,Hiver,15.649999999999999,7.1,18.5,81.0,1010.3775,Modérée (10-30),,-0.1817843866170996,2.3505576208178436,-0.06578205134102612,1.0648895218456598,,0,0,0,0
2008-09-01,10.4,21.0,0.2,4.0,11.3,,,W,E,7,19,54,41,1022.9,1020.8,0,0,15.0,19.0,No,No,0,0,0,2008,9,Sep,2008-09-01,Q3,245,Printemps,15.7,10.6,13.0,47.5,1021.8499999999999,Sec (≤1 mm),,-0.9876923076923099,-2.2119230769230764,-0.2626331247288628,-0.8540255488804533,,0,0,0,0
2008-09-02,8.7,20.6,0.0,3.0,11.1,,,W,ESE,19,17,56,39,1026.1,1024.4,0,1,14.1,18.9,No,No,0,0,0,2008,9,Sep,2008-09-01,Q3,246,Printemps,14.65,11.900000000000002,18.0,47.5,1025.25,Sec (≤1 mm),,-1.3876923076923084,-3.9119230769230775,-0.368995449385411,-1.5103971235720908,,0,0,0,0
2008-09-03,9.7,17.9,0.0,3.4,6.2,,,SSE,SSE,22,30,67,64,1032.6,1032.4,7,7,15.8,16.0,No,No,0,0,0,2008,9,Sep,2008-09-01,Q3,247,Printemps,13.799999999999999,8.2,26.0,65.5,1032.5,Sec (≤1 mm),,-4.087692307692311,-2.9119230769230775,-1.0869411408171146,-1.1242961972828927,,0,0,0,0
2008-09-04,13.5,17.1,0.4,4.6,0.7,,,SE,ESE,20,26,55,64,1034.2,1031.0,7,8,15.4,15.8,No,Yes,0,1,0,2008,9,Sep,2008-09-01,Q3,248,Printemps,15.3,3.6000000000000014,23.0,59.5,1032.6,Sec (≤1 mm),,-4.8876923076923084,0.8880769230769232,-1.299665790130211,0.34288732261606114,,0,0,0,0
2008-09-05,13.1,15.7,1.6,4.4,0.0,,,ESE,ESE,28,20,76,88,1024.9,1020.8,8,8,15.6,14.2,Yes,Yes,1,1,0,2008,9,Sep,2008-09-01,Q3,249,Printemps,14.399999999999999,2.5999999999999996,24.0,82.0,1022.85,Faible (1-10),,-6.287692307692311,0.48807692307692285,-1.6719339264281317,0.18844695210038168,,0,0,0,0
2008-09-06,11.8,14.2,62.2,4.8,0.0,,,S,S,22,30,92,88,1014.8,1013.1,8,8,13.0,12.3,Yes,Yes,1,1,0,2008,9,Sep,2008-09-01,Q3,250,Printemps,13.0,2.3999999999999986,26.0,90.0,1013.95,Forte (>30),,-7.787692307692311,-0.8119230769230761,-2.0707926438901887,-0.3134842520755757,,1,0,0,0
2008-09-07,9.5,19.0,21.6,0.0,9.4,,,W,ESE,15,15,69,51,1016.4,1014.1,2,6,14.1,18.3,Yes,No,1,0,0,2008,9,Sep,2008-09-01,Q3,251,Printemps,14.25,9.5,15.0,60.0,1015.25,Modérée (10-30),,-2.98769230769231,-3.111923076923077,-0.7944447480116057,-1.201516382540732,,0,0,0,0
2008-09-08,9.4,17.5,0.0,3.4,9.9,,,W,SSE,15,24,68,51,1019.5,1018.2,1,2,13.9,16.4,No,No,0,0,0,2008,9,Sep,2008-09-01,Q3,252,Printemps,13.45,8.1,19.5,59.5,1018.85,Sec (≤1 mm),,-4.48769230769231,-3.2119230769230764,-1.1933034654736627,-1.2401264751696517,,0,0,0,0
2008-09-09,8.4,16.4,0.0,6.2,10.9,,,WSW,SE,13,20,49,43,1025.0,1021.9,1,1,12.6,15.4,No,No,0,0,0,2008,9,Sep,2008-09-01,Q3,253,Printemps,12.399999999999999,7.999999999999998,16.5,46.0,1023.45,Sec (≤1 mm),,-5.587692307692311,-4.211923076923076,-1.4857998582791718,-1.6262274014588498,,0,0,0,0
2008-09-10,7.0,16.8,0.0,4.0,10.7,,,W,ESE,17,19,66,44,1022.7,1019.1,1,1,12.4,16.6,No,No,0,0,0,2008,9,Sep,2008-09-01,Q3,254,Printemps,11.9,9.8,18.0,55.0,1020.9000000000001,Sec (≤1 mm),,-5.187692307692309,-5.611923076923077,-1.3794375336226226,-2.1667686982637275,,0,0,0,0
2008-09-11,7.1,17.7,0.0,3.0,10.3,,,WNW,ENE,15,20,72,60,1019.2,1014.2,1,2,12.3,16.8,No,No,0,0,0,2008,9,Sep,2008-09-01,Q3,255,Printemps,12.399999999999999,10.6,17.5,66.0,1016.7,Sec (≤1 mm),,-4.287692307692311,-5.511923076923077,-1.1401223031453886,-2.128158605634808,,0,0,0,0
2008-09-12,8.7,24.3,0.0,3.6,10.8,,,W,NE,11,20,53,35,1014.9,1010.8,1,1,14.8,21.9,No,No,0,0,0,2008,9,Sep,2008-09-01,Q3,256,Printemps,16.5,15.600000000000001,15.5,44.0,1012.8499999999999,Sec (≤1 mm),,2.312307692307691,-3.9119230769230775,0.614856053687663,-1.5103971235720908,,0,0,0,0
2008-09-13,14.8,30.6,0.0,7.4,10.6,,,E,NE,4,7,40,47,1014.1,1010.4,3,1,24.3,25.0,No,Yes,0,1,0,2008,9,Sep,2008-09-01,Q3,257,Printemps,22.700000000000003,15.8,5.5,43.5,1012.25,Sec (≤1 mm),,8.612307692307692,2.188076923076924,2.290062667028303,0.8448185267920192,,0,0,0,0
2008-09-14,17.2,23.5,3.6,9.6,2.8,,,N,NW,15,7,82,79,1011.8,1007.4,8,6,18.0,19.3,Yes,Yes,1,1,0,2008,9,Sep,2008-09-01,Q3,258,Printemps,20.35,6.300000000000001,11.0,80.5,1009.5999999999999,Faible (1-10),,1.5123076923076901,4.5880769230769225,0.40213140437456574,1.7714607498860944,,0,0,0,0
2008-09-15,16.9,27.9,4.0,3.0,11.0,,,N,NW,28,39,58,23,1009.7,1003.4,1,1,22.5,27.8,Yes,No,1,0,0,2008,9,Sep,2008-09-01,Q3,259,Printemps,22.4,11.0,33.5,40.5,1006.55,Faible (1-10),,5.912307692307689,4.288076923076922,1.5721169755965996,1.6556304719993347,,0,0,0,0
2008-09-16,12.3,19.8,0.0,10.6,11.3,,,W,WSW,39,19,30,25,1015.8,1016.5,1,1,14.3,19.5,No,No,0,0,0,2008,9,Sep,2008-09-01,Q3,260,Printemps,16.05,7.5,29.0,27.5,1016.15,Sec (≤1 mm),,-2.187692307692309,-0.3119230769230761,-0.5817200986985084,-0.12043378893097652,,0,0,0,0
2008-09-17,10.7,16.3,0.0,7.2,4.6,,,S,SE,15,11,60,58,1026.4,1023.4,6,6,14.8,15.0,No,No,0,0,0,2008,9,Sep,2008-09-01,Q3,261,Printemps,13.5,5.600000000000001,13.0,59.0,1024.9,Sec (≤1 mm),,-5.687692307692309,-1.9119230769230775,-1.5123904394433083,-0.7381952709936943,,0,0,0,0
2008-09-18,9.4,19.4,0.0,3.6,10.1,,,W,NE,6,22,63,61,1021.4,1016.2,1,4,15.7,18.3,No,No,0,0,0,2008,9,Sep,2008-09-01,Q3,262,Printemps,14.399999999999999,9.999999999999998,14.0,62.0,1018.8,Sec (≤1 mm),,-2.5876923076923113,-3.2119230769230764,-0.6880824233550574,-1.2401264751696517,,0,0,0,0
2008-09-19,14.6,25.8,0.0,4.2,10.4,,,W,NE,0,20,67,47,1015.8,1011.0,1,0,19.4,24.0,No,No,0,0,0,2008,9,Sep,2008-09-01,Q3,263,Printemps,20.2,11.200000000000001,10.0,57.0,1013.4,Sec (≤1 mm),,3.812307692307691,1.9880769230769229,1.0137147711497203,0.767598341534179,,0,0,0,0
2008-09-20,18.8,32.8,0.0,7.6,10.9,,,N,W,6,26,46,17,1010.1,1005.9,0,6,25.8,31.6,No,No,0,0,0,2008,9,Sep,2008-09-01,Q3,264,Printemps,25.799999999999997,13.999999999999996,16.0,31.5,1008.0,Sec (≤1 mm),,10.812307692307687,6.188076923076924,2.875055452639319,2.3892222319488123,,0,0,0,0
2008-09-21,15.8,21.6,0.0,9.0,10.9,,,E,NE,9,19,73,61,1019.8,1014.4,4,0,18.0,20.7,No,No,0,0,0,2008,9,Sep,2008-09-01,Q3,265,Printemps,18.700000000000003,5.800000000000001,14.0,67.0,1017.0999999999999,Sec (≤1 mm),,-0.38769230769230845,3.188076923076924,-0.10308963774403958,1.2309194530812175,,0,0,0,0
2008-09-22,13.2,29.8,0.0,4.4,7.5,,,W,NW,6,37,64,33,1011.6,1007.0,0,7,19.1,27.6,No,Yes,0,1,0,2008,9,Sep,2008-09-01,Q3,266,Printemps,21.5,16.6,21.5,48.5,1009.3,Sec (≤1 mm),,7.812307692307691,0.5880769230769225,2.077338017715206,0.22705704472930138,,0,0,0,0
2008-09-23,15.6,17.0,2.6,10.4,3.0,,,SSW,SSE,17,24,88,60,1015.5,1018.0,8,5,15.6,16.9,Yes,Yes,1,1,0,2008,9,Sep,2008-09-01,Q3,267,Printemps,16.3,1.4000000000000004,20.5,74.0,1016.75,Faible (1-10),,-4.98769230769231,2.988076923076923,-1.3262563712943485,1.1536992678233773,,0,0,0,0
2008-09-24,9.7,18.6,2.2,2.4,11.1,,,WNW,E,11,19,60,50,1030.3,1028.6,3,1,16.2,17.5,Yes,No,1,0,0,2008,9,Sep,2008-09-01,Q3,268,Printemps,14.15,8.900000000000002,15.0,55.0,1029.4499999999998,Faible (1-10),,-3.3876923076923084,-2.9119230769230775,-0.9008070726681539,-1.1242961972828927,,0,0,0,0
2008-09-25,10.3,18.6,0.0,4.0,10.9,,,W,E,6,19,67,54,1031.6,1027.8,1,1,16.0,18.2,No,No,0,0,0,2008,9,Sep,2008-09-01,Q3,269,Printemps,14.450000000000001,8.3,12.5,60.5,1029.6999999999998,Sec (≤1 mm),,-3.3876923076923084,-2.311923076923076,-0.9008070726681539,-0.892635641509373,,0,0,0,0
2008-09-26,11.3,22.2,0.0,6.2,11.4,,,ESE,NE,4,11,56,53,1024.3,1018.4,1,5,17.9,21.6,No,No,0,0,0,2008,9,Sep,2008-09-01,Q3,270,Printemps,16.75,10.899999999999999,7.5,54.5,1021.3499999999999,Sec (≤1 mm),,0.21230769230768942,-1.311923076923076,0.05645384924078271,-0.5065347152201748,,0,0,0,0
2008-09-27,14.0,25.4,0.0,5.6,11.4,,,S,E,7,9,67,62,1021.6,1015.7,4,1,20.4,21.4,No,No,0,0,0,2008,9,Sep,2008-09-01,Q3,271,Printemps,19.7,11.399999999999999,8.0,64.5,1018.6500000000001,Sec (≤1 mm),,3.4123076923076887,1.3880769230769232,0.907352446493171,0.5359377857606603,,0,0,0,0
2008-09-28,19.8,32.9,0.0,6.6,8.4,,,WNW,SSE,17,28,35,62,1009.8,1007.1,2,2,25.4,21.5,No,No,0,0,0,2008,9,Sep,2008-09-01,Q3,272,Printemps,26.35,13.099999999999998,22.5,48.5,1008.45,Sec (≤1 mm),,10.912307692307689,7.188076923076924,2.901646033803457,2.7753231582380105,,0,0,0,0
2008-09-29,13.5,21.8,0.0,6.6,7.1,,,SW,SE,19,24,42,63,1013.8,1015.6,1,7,19.4,16.1,No,No,0,0,0,2008,9,Sep,2008-09-01,Q3,273,Printemps,17.65,8.3,21.5,52.5,1014.7,Sec (≤1 mm),,-0.18769230769230916,0.8880769230769232,-0.049908475415765485,0.34288732261606114,,0,0,0,0
2008-09-30,11.9,19.2,0.8,6.4,11.1,,,W,NE,6,15,61,48,1020.3,1016.777,2,1,16.5,19.0,No,No,0,0,0,2008,9,Sep,2008-09-01,Q3,274,Printemps,15.55,7.299999999999999,10.5,54.5,1018.5385,Sec (≤1 mm),,-2.7876923076923106,-0.7119230769230764,-0.7412635856833316,-0.27487415944665594,,0,0,0,0
2008-10-01,12.6,24.7,0.0,5.2,10.6,,,WNW,NE,9,22,70,69,1020.9,1015.7,6,1,19.0,20.5,No,No,0,0,0,2008,10,Oct,2008-10-01,Q4,275,Printemps,18.65,12.1,15.5,69.5,1018.3,Sec (≤1 mm),,1.1473282442748065,-2.1736641221374047,0.2571354490853259,-0.75917074902453,,0,0,0,0
2008-10-02,18.9,31.1,0.0,6.6,10.0,,,NE,NE,4,19,44,39,1016.9,1013.5,3,1,24.7,29.7,No,No,0,0,0,2008,10,Oct,2008-10-01,Q4,276,Printemps,25.0,12.200000000000003,11.5,41.5,1015.2,Sec (≤1 mm),,7.547328244274809,4.126335877862594,1.6914824917542397,1.4411580276916929,,0,0,0,0
2008-10-03,22.5,34.8,0.0,8.6,9.8,,,WNW,W,15,11,41,20,1014.8,1010.3,1,7,29.6,33.9,No,Yes,0,1,0,2008,10,Oct,2008-10-01,Q4,277,Printemps,28.65,12.299999999999997,13.0,30.5,1012.55,Sec (≤1 mm),,11.247328244274804,7.726335877862596,2.5207143757972044,2.698488757243821,,0,0,0,0
2008-10-04,17.5,19.4,9.6,10.4,0.0,,,ESE,NE,13,9,89,88,1015.2,1012.9,7,8,18.9,19.0,Yes,Yes,1,1,0,2008,10,Oct,2008-10-01,Q4,278,Printemps,18.45,1.8999999999999986,11.0,88.5,1014.05,Faible (1-10),,-4.152671755725194,2.7263358778625957,-0.9306831956248682,0.9521960773103105,,0,0,0,0
2008-10-05,14.6,19.1,3.4,1.0,0.0,,,SSW,S,11,11,93,86,1018.4,1015.3,8,8,14.9,16.0,Yes,Yes,1,1,0,2008,10,Oct,2008-10-01,Q4,279,Printemps,16.85,4.500000000000002,11.0,89.5,1016.8499999999999,Faible (1-10),,-4.452671755725191,-0.17366412213740468,-0.997918213249973,-0.06065367705112578,,0,0,0,0
2008-10-06,14.9,22.8,1.8,2.0,3.3,,,SSW,ENE,15,22,85,71,1009.2,1003.9,8,7,18.5,20.2,Yes,No,1,0,0,2008,10,Oct,2008-10-01,Q4,280,Printemps,18.85,7.9,18.5,78.0,1006.55,Faible (1-10),,-0.7526717557251921,0.12633587786259604,-0.16868632920700752,0.0441238837448851,,0,0,0,0
2008-10-07,9.7,20.6,0.4,3.4,11.7,,,W,E,22,24,51,42,1017.7,1014.4,1,1,12.8,17.2,No,No,0,0,0,2008,10,Oct,2008-10-01,Q4,281,Printemps,15.15,10.900000000000002,23.0,46.5,1016.05,Sec (≤1 mm),,-2.9526717557251914,-5.073664122137405,-0.6617431251244463,-1.7720205033859664,,0,0,0,0
2008-10-08,10.9,19.7,0.0,4.8,10.0,,,W,E,19,15,53,47,1018.8,1018.6,4,1,14.0,18.4,No,No,0,0,0,2008,10,Oct,2008-10-01,Q4,282,Printemps,15.3,8.799999999999999,17.0,50.0,1018.7,Sec (≤1 mm),,-3.8526717557251935,-3.873664122137404,-0.8634481779997628,-1.3529102602019234,,0,0,0,0
2008-10-09,10.5,19.9,0.0,5.4,11.7,,,W,ESE,17,22,56,58,1026.2,1025.7,1,1,15.8,19.2,No,No,0,0,0,2008,10,Oct,2008-10-01,Q4,283,Printemps,15.2,9.399999999999999,19.5,57.0,1025.95,Sec (≤1 mm),,-3.652671755725194,-4.273664122137404,-0.8186248329163595,-1.4926136745966043,,0,0,0,0
2008-10-10,12.6,21.5,0.0,6.0,10.7,,,WNW,E,11,20,76,57,1029.0,1025.4,3,3,16.9,20.5,No,No,0,0,0,2008,10,Oct,2008-10-01,Q4,284,Printemps,17.05,8.9,15.5,66.5,1027.2,Sec (≤1 mm),,-2.052671755725193,-2.1736641221374047,-0.46003807224913074,-0.75917074902453,,0,0,0,0
2008-10-11,14.6,22.3,0.0,6.6,7.2,,,W,E,6,22,82,65,1027.4,1024.3,5,3,16.0,20.0,No,No,0,0,0,2008,10,Oct,2008-10-01,Q4,285,Printemps,18.45,7.700000000000001,14.0,73.5,1025.85,Sec (≤1 mm),,-1.252671755725192,-0.17366412213740468,-0.2807446919155164,-0.06065367705112578,,0,0,0,0
2008-10-12,14.2,22.5,0.0,3.6,10.6,,,W,E,11,28,76,69,1025.0,1021.8,1,1,18.6,20.8,No,No,0,0,0,2008,10,Oct,2008-10-01,Q4,286,Printemps,18.35,8.3,19.5,72.5,1023.4,Sec (≤1 mm),,-1.0526717557251928,-0.573664122137405,-0.235921346832113,-0.20035709144580677,,0,0,0,0
2008-10-13,16.1,29.2,0.0,7.0,9.2,,,W,NE,6,24,72,43,1021.4,1016.6,2,2,20.2,27.7,No,No,0,0,0,2008,10,Oct,2008-10-01,Q4,287,Printemps,22.65,13.099999999999998,15.0,57.5,1019.0,Sec (≤1 mm),,5.6473282442748065,1.326335877862597,1.2656607134619056,0.463234126928928,,0,0,0,0
2008-10-14,16.6,21.0,0.6,9.2,2.3,,,SSW,E,20,20,89,84,1021.7,1016.0,8,7,16.8,17.6,No,Yes,0,1,0,2008,10,Oct,2008-10-01,Q4,288,Printemps,18.8,4.399999999999999,20.0,86.5,1018.85,Sec (≤1 mm),,-2.552671755725193,1.826335877862597,-0.5720964349576396,0.6378633949222791,,0,0,0,0
2008-10-15,15.1,18.9,9.0,3.2,5.0,,,SSE,SE,20,17,63,55,1022.4,1021.2,7,8,15.9,18.1,Yes,No,1,0,0,2008,10,Oct,2008-10-01,Q4,289,Printemps,17.0,3.799999999999999,18.5,59.0,1021.8,Faible (1-10),,-4.652671755725194,0.3263358778625953,-1.0427415583333772,0.11397559094222527,,0,0,0,0
2008-10-16,11.8,22.1,0.0,4.2,11.4,,,W,E,7,19,64,42,1025.5,1023.4,1,1,16.6,20.3,No,No,0,0,0,2008,10,Oct,2008-10-01,Q4,290,Printemps,16.950000000000003,10.3,13.0,53.0,1024.45,Sec (≤1 mm),,-1.4526717557251914,-2.9736641221374036,-0.3255680369989198,-1.0385775778138913,,0,0,0,0
2008-10-17,12.9,24.9,0.0,5.8,11.7,,,W,ENE,7,20,71,49,1024.2,1021.0,1,2,17.6,22.4,No,No,0,0,0,2008,10,Oct,2008-10-01,Q4,291,Printemps,18.9,11.999999999999998,13.5,60.0,1022.6,Sec (≤1 mm),,1.3473282442748058,-1.873664122137404,0.3019587941687292,-0.6543931882285191,,0,0,0,0
2008-10-18,16.7,23.2,0.0,7.4,10.3,,,S,E,4,24,77,82,1025.4,1022.0,5,2,18.6,19.7,No,No,0,0,0,2008,10,Oct,2008-10-01,Q4,292,Printemps,19.95,6.5,14.0,79.5,1023.7,Sec (≤1 mm),,-0.3526717557251935,1.926335877862595,-0.07903963904020074,0.6727892485209486,,0,0,0,0
2008-10-19,16.5,26.8,0.0,7.8,10.8,,,W,NE,6,9,64,48,1022.3,1018.5,1,2,21.3,26.6,No,No,0,0,0,2008,10,Oct,2008-10-01,Q4,293,Printemps,21.65,10.3,7.5,56.0,1020.4,Sec (≤1 mm),,3.247328244274808,1.7263358778625957,0.7277805724610634,0.6029375413236083,,0,0,0,0
2008-10-20,17.1,22.2,0.0,8.0,5.7,,,SSW,SE,20,20,76,55,1022.3,1019.3,7,1,18.1,21.8,No,Yes,0,1,0,2008,10,Oct,2008-10-01,Q4,294,Printemps,19.65,5.099999999999998,20.0,65.5,1020.8,Sec (≤1 mm),,-1.3526717557251935,2.326335877862597,-0.30315636445721844,0.8124926629156302,,0,0,0,0
2008-10-21,14.5,19.2,1.8,5.2,8.4,,,SSW,SSE,26,35,68,59,1020.9,1019.6,6,7,16.8,18.8,Yes,Yes,1,1,0,2008,10,Oct,2008-10-01,Q4,295,Printemps,16.85,4.699999999999999,30.5,63.5,1020.25,Faible (1-10),,-4.3526717557251935,-0.2736641221374043,-0.9755065407082717,-0.09557953064979587,,0,0,0,0
2008-10-22,9.9,14.3,12.6,6.0,2.3,,,WSW,S,19,24,87,74,1022.1,1021.9,7,7,10.3,12.4,Yes,Yes,1,1,0,2008,10,Oct,2008-10-01,Q4,296,Printemps,12.100000000000001,4.4,21.5,80.5,1022.0,Modérée (10-30),,-9.252671755725192,-4.873664122137404,-2.073678495251658,-1.7021687961886256,,0,0,0,0
2008-10-23,7.9,15.7,11.4,4.2,5.0,,,SW,S,24,26,71,75,1023.2,1022.5,6,7,11.9,14.1,Yes,Yes,1,1,0,2008,10,Oct,2008-10-01,Q4,297,Printemps,11.8,7.799999999999999,25.0,73.0,1022.85,Modérée (10-30),,-7.8526717557251935,-6.873664122137404,-1.7599150796678338,-2.4006858681620296,,0,0,0,0
2008-10-24,9.0,20.2,2.0,2.4,10.2,,,WNW,E,15,17,66,51,1023.2,1019.0,6,6,14.4,18.2,Yes,No,1,0,0,2008,10,Oct,2008-10-01,Q4,298,Printemps,14.6,11.2,16.0,58.5,1021.1,Faible (1-10),,-3.3526717557251935,-5.773664122137404,-0.7513898152912539,-2.0165014785766577,,0,0,0,0
2008-10-25,12.3,24.0,0.0,4.8,11.5,,,W,E,17,19,66,47,1018.3,1015.1,1,1,17.3,22.2,No,No,0,0,0,2008,10,Oct,2008-10-01,Q4,299,Printemps,18.15,11.7,18.0,56.5,1016.7,Sec (≤1 mm),,0.4473282442748072,-2.4736641221374036,0.1002537412934136,-0.8639483098205403,,0,0,0,0
2008-10-26,14.4,24.4,0.0,8.0,8.7,,,ESE,NNE,6,19,58,57,1016.8,1013.4,6,7,20.2,23.6,No,No,0,0,0,2008,10,Oct,2008-10-01,Q4,300,Printemps,19.4,9.999999999999998,12.5,57.5,1015.0999999999999,Sec (≤1 mm),,0.8473282442748058,-0.37366412213740396,0.18990043146022037,-0.13050538424846594,,0,0,0,0
2008-10-27,19.8,33.6,0.0,7.6,11.8,,,E,NE,6,20,55,38,1015.2,1010.8,2,1,23.7,29.8,No,No,0,0,0,2008,10,Oct,2008-10-01,Q4,301,Printemps,26.700000000000003,13.8,13.0,46.5,1013.0,Sec (≤1 mm),,10.047328244274809,5.026335877862596,2.251774305296784,1.7554907100797257,,0,0,0,0
2008-10-28,17.6,21.9,0.0,11.4,5.7,,,S,SSE,11,22,67,70,1020.8,1019.9,5,8,20.8,20.5,No,Yes,0,1,0,2008,10,Oct,2008-10-01,Q4,302,Printemps,19.75,4.299999999999997,16.5,68.5,1020.3499999999999,Sec (≤1 mm),,-1.6526717557251942,2.826335877862597,-0.37039138208232397,0.9871219309089811,,0,0,0,0
2008-10-29,16.8,17.3,6.2,4.6,0.0,,,ESE,SE,11,13,93,91,1024.3,1023.8,8,8,17.2,16.7,Yes,Yes,1,1,0,2008,10,Oct,2008-10-01,Q4,303,Printemps,17.05,0.5,12.0,92.0,1024.05,Faible (1-10),,-6.252671755725192,2.0263358778625964,-1.401328319000605,0.7077151021196193,,0,0,0,0
2008-10-30,15.1,25.8,7.6,1.2,3.7,,,W,NE,9,20,92,70,1022.6,1016.7,8,6,17.0,23.5,Yes,No,1,0,0,2008,10,Oct,2008-10-01,Q4,304,Printemps,20.45,10.700000000000001,14.5,81.0,1019.6500000000001,Faible (1-10),,2.247328244274808,0.3263358778625953,0.5036638470440457,0.11397559094222527,,0,0,0,0
2008-10-31,16.9,35.0,0.2,3.2,5.0,,,N,WNW,17,26,53,24,1010.0,1005.3,6,7,25.6,34.6,No,No,0,0,0,2008,10,Oct,2008-10-01,Q4,305,Printemps,25.95,18.1,21.5,38.5,1007.65,Sec (≤1 mm),,11.447328244274807,2.1263358778625943,2.5655377208806085,0.7426409557182887,,0,0,0,0
2008-11-01,18.0,21.2,0.4,10.2,2.4,,,S,SSE,19,24,73,64,1021.9,1022.9,7,7,18.9,20.4,No,No,0,0,0,2008,11,Nov,2008-11-01,Q4,306,Printemps,19.6,3.1999999999999993,21.5,68.5,1022.4,Sec (≤1 mm),,-3.6264591439688694,0.6817120622568069,-0.932224938967766,0.2969954192043337,,0,0,0,0
2008-11-02,17.5,23.1,0.8,4.6,0.2,,,W,NE,11,17,72,60,1024.9,1021.0,7,7,18.3,20.0,No,Yes,0,1,0,2008,11,Nov,2008-11-01,Q4,307,Printemps,20.3,5.600000000000001,14.0,66.0,1022.95,Sec (≤1 mm),,-1.7264591439688672,0.18171206225680692,-0.44380708736051183,0.07916487486782105,,0,0,0,0
2008-11-03,17.2,30.3,2.8,3.4,10.3,,,WNW,W,22,24,62,35,1009.7,1006.0,2,4,23.1,28.6,Yes,No,1,0,0,2008,11,Nov,2008-11-01,Q4,308,Printemps,23.75,13.100000000000001,23.0,48.5,1007.85,Faible (1-10),,5.473540856031132,-0.1182879377431938,1.4070395082038178,-0.05153345173408685,,0,0,0,0
2008-11-04,15.5,19.0,0.2,7.8,6.2,,,S,SSE,22,31,59,62,1015.0,1015.9,7,6,17.5,17.8,No,No,0,0,0,2008,11,Nov,2008-11-01,Q4,309,Printemps,17.25,3.5,26.5,60.5,1015.45,Sec (≤1 mm),,-5.826459143968869,-1.818287937743193,-1.4977613987235334,-0.7921573024782296,,0,0,0,0
2008-11-05,14.5,21.0,0.0,7.8,5.0,,,W,NE,4,20,59,60,1015.5,1010.6,6,8,18.2,20.1,No,No,0,0,0,2008,11,Nov,2008-11-01,Q4,310,Printemps,17.75,6.5,12.0,59.5,1013.05,Sec (≤1 mm),,-3.8264591439688687,-2.818287937743193,-0.9836373444001084,-1.2278183911512548,,0,0,0,0
2008-11-06,15.2,30.3,0.0,6.0,10.3,,,W,ENE,9,17,58,45,1009.6,1006.7,5,7,21.0,25.0,No,No,0,0,0,2008,11,Nov,2008-11-01,Q4,311,Printemps,22.75,15.100000000000001,13.0,51.5,1008.1500000000001,Sec (≤1 mm),,5.473540856031132,-2.118287937743194,1.4070395082038178,-0.9228556290801374,,0,0,0,0
2008-11-07,16.0,24.1,0.0,8.4,4.1,,,WNW,E,15,13,61,60,1014.5,1011.1,6,8,18.7,21.3,No,No,0,0,0,2008,11,Nov,2008-11-01,Q4,312,Printemps,20.05,8.100000000000001,14.0,60.5,1012.8,Sec (≤1 mm),,-0.7264591439688672,-1.318287937743193,-0.18674506019879936,-0.5743267581417169,,0,0,0,0
2008-11-08,18.4,25.2,0.2,5.2,0.2,,,NNW,WSW,24,17,62,47,1001.8,1003.8,7,8,22.1,22.8,No,No,0,0,0,2008,11,Nov,2008-11-01,Q4,313,Printemps,21.799999999999997,6.800000000000001,20.5,54.5,1002.8,Sec (≤1 mm),,0.37354085603113063,1.0817120622568055,0.09602316967908384,0.4712598546735432,,0,0,0,0
2008-11-09,16.6,23.0,0.4,4.4,11.0,,,W,E,13,20,46,60,1017.2,1017.9,1,2,20.7,21.5,No,No,0,0,0,2008,11,Nov,2008-11-01,Q4,314,Printemps,19.8,6.399999999999999,16.5,53.0,1017.55,Sec (≤1 mm),,-1.8264591439688687,-0.7182879377431917,-0.46951329007668346,-0.3129301049379011,,0,0,0,0
2008-11-10,17.4,23.3,0.0,8.0,8.1,,,E,E,2,20,63,56,1023.5,1021.9,5,1,21.9,22.2,No,No,0,0,0,2008,11,Nov,2008-11-01,Q4,315,Printemps,20.35,5.900000000000002,11.0,59.5,1022.7,Sec (≤1 mm),,-1.526459143968868,0.0817120622568055,-0.3923946819281695,0.0355987660005179,,0,0,0,0
2008-11-11,15.9,23.1,0.0,5.2,9.9,,,W,E,0,19,66,49,1023.9,1020.9,3,2,20.5,22.3,No,No,0,0,0,2008,11,Nov,2008-11-01,Q4,316,Printemps,19.5,7.200000000000001,9.5,57.5,1022.4,Sec (≤1 mm),,-1.7264591439688672,-1.4182879377431927,-0.44380708736051183,-0.6178928670090192,,0,0,0,0
2008-11-12,16.4,24.6,0.0,6.6,10.7,,,NNW,ENE,6,22,69,54,1020.1,1017.1,7,1,20.5,24.0,No,No,0,0,0,2008,11,Nov,2008-11-01,Q4,317,Printemps,20.5,8.200000000000003,14.0,61.5,1018.6,Sec (≤1 mm),,-0.22645914396886724,-0.9182879377431945,-0.058214046617943105,-0.4000623226725074,,0,0,0,0
2008-11-13,19.0,24.9,0.0,8.0,11.9,,,ENE,E,13,19,61,65,1019.3,1016.0,3,3,23.4,24.2,No,No,0,0,0,2008,11,Nov,2008-11-01,Q4,318,Printemps,21.95,5.899999999999999,16.0,63.0,1017.65,Sec (≤1 mm),,0.07354085603112992,1.681712062256807,0.018904561530569908,0.732656507877359,,0,0,0,0
2008-11-14,19.2,27.0,0.0,10.6,9.1,,,ENE,NE,13,22,65,57,1013.8,1010.6,5,5,24.3,26.1,No,Yes,0,1,0,2008,11,Nov,2008-11-01,Q4,319,Printemps,23.1,7.800000000000001,17.5,61.0,1012.2,Sec (≤1 mm),,2.1735408560311313,1.8817120622568062,0.5587348185701665,0.8197887256119638,,0,0,0,0
2008-11-15,18.5,23.1,6.6,9.4,2.4,,,SSE,SE,17,19,92,73,1013.6,1012.1,8,7,18.6,21.5,Yes,Yes,1,1,0,2008,11,Nov,2008-11-01,Q4,320,Printemps,20.8,4.600000000000001,18.0,82.5,1012.85,Faible (1-10),,-1.7264591439688672,1.181712062256807,-0.44380708736051183,0.5148259635408463,,0,0,0,0
2008-11-16,17.2,22.4,1.2,3.4,4.0,,,S,SE,20,28,75,64,1016.4,1016.7,7,7,19.1,19.4,Yes,No,1,0,0,2008,11,Nov,2008-11-01,Q4,321,Printemps,19.799999999999997,5.199999999999999,24.0,69.5,1016.55,Faible (1-10),,-2.42645914396887,-0.1182879377431938,-0.6237505063737113,-0.05153345173408685,,0,0,0,0
2008-11-17,15.5,20.9,0.0,6.8,1.4,,,E,NE,4,15,60,50,1019.8,1017.5,7,7,18.8,20.0,No,No,0,0,0,2008,11,Nov,2008-11-01,Q4,322,Printemps,18.2,5.399999999999999,9.5,55.0,1018.65,Sec (≤1 mm),,-3.92645914396887,-1.818287937743193,-1.00934354711628,-0.7921573024782296,,0,0,0,0
2008-11-18,16.2,23.4,0.0,4.0,8.3,,,NNE,NE,22,24,60,60,1017.0,1013.7,7,8,20.6,21.6,No,Yes,0,1,0,2008,11,Nov,2008-11-01,Q4,323,Printemps,19.799999999999997,7.199999999999999,23.0,60.0,1015.35,Sec (≤1 mm),,-1.42645914396887,-1.1182879377431938,-0.3666884792119988,-0.48719454040711213,,0,0,0,0
2008-11-19,17.0,22.1,6.2,7.8,1.0,,,NNE,E,9,20,91,78,1011.4,1008.2,8,8,18.4,20.9,Yes,Yes,1,1,0,2008,11,Nov,2008-11-01,Q4,324,Printemps,19.55,5.100000000000001,14.5,84.5,1009.8,Faible (1-10),,-2.7264591439688672,-0.3182879377431931,-0.7008691145222243,-0.1386656694686916,,0,0,0,0
2008-11-20,17.3,27.6,29.4,4.6,7.5,,,WNW,N,15,13,70,59,1001.1,997.5,3,5,22.0,26.7,Yes,No,1,0,0,2008,11,Nov,2008-11-01,Q4,325,Printemps,22.450000000000003,10.3,14.0,64.5,999.3,Modérée (10-30),,2.7735408560311328,-0.018287937743192373,0.7129720348671943,-0.0079673428667837,,0,0,0,0
2008-11-21,16.7,27.7,0.2,7.0,11.8,,,WSW,E,19,31,34,46,1001.2,996.4,1,3,22.1,23.7,No,No,0,0,0,2008,11,Nov,2008-11-01,Q4,326,Printemps,22.2,11.0,25.0,40.0,998.8,Sec (≤1 mm),,2.8735408560311306,-0.6182879377431938,0.738678237583365,-0.2693639960705995,,0,0,0,0
2008-11-22,17.9,20.6,0.0,10.0,9.8,,,WNW,E,31,19,49,30,990.2,991.4,3,6,20.3,17.2,No,No,0,0,0,2008,11,Nov,2008-11-01,Q4,327,Printemps,19.25,2.700000000000003,25.0,39.5,990.8,Sec (≤1 mm),,-4.226459143968867,0.5817120622568055,-1.086462155264793,0.25342931033703053,,0,0,0,0
2008-11-23,12.2,19.7,0.2,9.8,2.1,,,WNW,SSW,19,26,50,55,986.7,991.0,7,5,13.8,18.4,No,Yes,0,1,0,2008,11,Nov,2008-11-01,Q4,328,Printemps,15.95,7.5,22.5,52.5,988.85,Sec (≤1 mm),,-5.126459143968869,-5.118287937743194,-1.3178179797103349,-2.2298388950992134,,0,0,0,0
2008-11-24,13.6,22.3,2.4,5.0,10.5,,,SSW,SSE,19,20,47,49,1003.5,1005.1,1,4,19.7,20.7,Yes,No,1,0,0,2008,11,Nov,2008-11-01,Q4,329,Printemps,17.95,8.700000000000001,19.5,48.0,1004.3,Faible (1-10),,-2.526459143968868,-3.7182879377431934,-0.649456709089882,-1.6199133709569777,,0,0,0,0
2008-11-25,15.5,21.8,0.0,5.6,9.4,,,SSW,SSE,15,24,62,63,1015.6,1015.3,5,3,18.5,19.3,No,No,0,0,0,2008,11,Nov,2008-11-01,Q4,330,Printemps,18.65,6.300000000000001,19.5,62.5,1015.45,Sec (≤1 mm),,-3.026459143968868,-1.818287937743193,-0.7779877226707382,-0.7921573024782296,,0,0,0,0
2008-11-26,16.4,21.8,0.0,7.6,0.1,,,E,E,7,19,55,55,1016.6,1014.1,7,8,18.5,19.2,No,No,0,0,0,2008,11,Nov,2008-11-01,Q4,331,Printemps,19.1,5.400000000000002,13.0,55.0,1015.35,Sec (≤1 mm),,-3.026459143968868,-0.9182879377431945,-0.7779877226707382,-0.4000623226725074,,0,0,0,0
2008-11-27,15.9,23.6,0.0,5.0,10.5,,,NNE,NE,17,26,58,64,1012.7,1008.9,7,1,21.8,22.7,No,No,0,0,0,2008,11,Nov,2008-11-01,Q4,332,Printemps,19.75,7.700000000000001,21.5,61.0,1010.8,Sec (≤1 mm),,-1.2264591439688672,-1.4182879377431927,-0.3152760737796556,-0.6178928670090192,,0,0,0,0
2008-11-28,19.5,24.6,0.2,7.8,0.7,,,NW,N,24,17,71,75,1005.0,1003.9,8,7,22.9,22.2,No,Yes,0,1,0,2008,11,Nov,2008-11-01,Q4,333,Printemps,22.05,5.100000000000001,20.5,73.0,1004.45,Sec (≤1 mm),,-0.22645914396886724,2.181712062256807,-0.058214046617943105,0.9504870522138716,,0,0,0,0
2008-11-29,19.3,23.3,10.8,2.6,6.9,,,S,S,13,24,92,79,1002.2,1002.0,7,7,20.3,19.8,Yes,Yes,1,1,0,2008,11,Nov,2008-11-01,Q4,334,Printemps,21.3,4.0,18.5,85.5,1002.1,Modérée (10-30),,-1.526459143968868,1.9817120622568076,-0.3923946819281695,0.8633548344792669,,0,0,0,0
2008-11-30,15.0,24.9,11.2,4.8,12.3,,,SSW,E,13,19,64,55,1009.9,1007.2,2,1,19.8,21.4,Yes,No,1,0,0,2008,11,Nov,2008-11-01,Q4,335,Printemps,19.95,9.899999999999999,16.0,59.5,1008.55,Modérée (10-30),,0.07354085603112992,-2.318287937743193,0.018904561530569908,-1.0099878468147423,,0,0,0,0
2008-12-01,17.6,31.3,0.0,7.6,10.9,,,ENE,WNW,2,24,29,21,1009.1,1004.6,3,7,24.9,30.8,No,No,0,0,0,2008,12,Dec,2008-12-01,Q4,336,Été,24.450000000000003,13.7,13.0,25.0,1006.85,Sec (≤1 mm),,5.471666666666668,-0.9820833333333319,1.588373590488459,-0.43672781710561703,,0,0,0,0
2008-12-02,16.6,23.8,0.0,12.0,12.9,,,W,E,6,26,65,65,1011.1,1007.2,1,1,20.8,23.4,No,No,0,0,0,2008,12,Dec,2008-12-01,Q4,337,Été,20.200000000000003,7.199999999999999,16.0,65.0,1009.1500000000001,Sec (≤1 mm),,-2.0283333333333324,-1.9820833333333319,-0.5888061710705006,-0.8814230912055248,,0,0,0,0
2008-12-03,18.4,33.2,0.0,8.0,8.0,,,W,W,13,19,67,19,1007.7,1005.6,7,5,22.5,32.3,No,No,0,0,0,2008,12,Dec,2008-12-01,Q4,338,Été,25.8,14.800000000000004,16.0,43.0,1006.6500000000001,Sec (≤1 mm),,7.37166666666667,-0.1820833333333347,2.1399257967500627,-0.08097159782569213,,0,0,0,0
2008-12-04,18.4,21.8,0.0,10.0,2.2,,,ESE,E,20,22,59,57,1020.2,1018.5,8,6,19.6,21.5,No,No,0,0,0,2008,12,Dec,2008-12-01,Q4,339,Été,20.1,3.400000000000002,21.0,58.0,1019.35,Sec (≤1 mm),,-4.028333333333332,-0.1820833333333347,-1.1693874408195566,-0.08097159782569213,,0,0,0,0
2008-12-05,19.3,27.0,0.0,4.8,6.7,,,N,E,15,24,78,70,1015.0,1008.6,8,5,20.9,24.1,No,No,0,0,0,2008,12,Dec,2008-12-01,Q4,340,Été,23.15,7.699999999999999,19.5,74.0,1011.8,Sec (≤1 mm),,1.1716666666666669,0.7179166666666674,0.34012386052798865,0.3192541488642257,,0,0,0,0
2008-12-06,20.8,34.8,0.0,6.4,9.8,,,W,SSE,13,20,57,56,1006.9,1004.1,7,6,27.0,28.8,No,No,0,0,0,2008,12,Dec,2008-12-01,Q4,341,Été,27.799999999999997,13.999999999999996,16.5,56.5,1005.5,Sec (≤1 mm),,8.971666666666664,2.2179166666666674,2.604390812549306,0.9862970600140872,,0,0,0,0
2008-12-07,20.0,26.1,0.0,7.6,4.9,,,W,SE,11,20,81,78,1007.9,1008.4,8,7,21.1,21.7,No,Yes,0,1,0,2008,12,Dec,2008-12-01,Q4,342,Été,23.05,6.100000000000001,15.5,79.5,1008.15,Sec (≤1 mm),,0.2716666666666683,1.4179166666666667,0.0788622891409139,0.6305408407341608,,0,0,0,0
2008-12-08,18.2,22.3,6.8,4.4,6.3,,,E,E,19,31,74,72,1014.3,1010.9,7,6,20.3,21.9,Yes,Yes,1,1,0,2008,12,Dec,2008-12-01,Q4,343,Été,20.25,4.100000000000001,25.0,73.0,1012.5999999999999,Faible (1-10),,-3.5283333333333324,-0.382083333333334,-1.0242421233822925,-0.16991065264567337,,0,0,0,0
2008-12-09,17.4,25.9,1.8,5.4,9.9,,,W,NE,7,17,81,60,1011.2,1006.3,3,6,19.5,24.9,Yes,No,1,0,0,2008,12,Dec,2008-12-01,Q4,344,Été,21.65,8.5,12.0,70.5,1008.75,Faible (1-10),,0.07166666666666544,-1.1820833333333347,0.02080416216600748,-0.5256668719255998,,0,0,0,0
2008-12-10,19.5,23.4,0.0,9.4,5.2,,,S,SSE,35,30,71,66,1007.1,1009.6,3,8,21.9,21.7,No,Yes,0,1,0,2008,12,Dec,2008-12-01,Q4,345,Été,21.45,3.8999999999999986,32.5,68.5,1008.35,Sec (≤1 mm),,-2.4283333333333346,0.9179166666666667,-0.7049224250203124,0.408193203684207,,0,0,0,0
2008-12-11,17.2,19.9,3.4,4.6,0.0,,,ESE,ESE,15,26,90,58,1013.8,1015.0,8,8,17.5,19.7,Yes,Yes,1,1,0,2008,12,Dec,2008-12-01,Q4,346,Été,18.549999999999997,2.6999999999999993,20.5,74.0,1014.4,Faible (1-10),,-5.928333333333335,-1.382083333333334,-1.7209396470811602,-0.614605926745581,,0,0,0,0
2008-12-12,17.4,24.5,3.6,4.0,0.0,,,ENE,ENE,13,30,85,92,1015.8,1009.9,8,8,17.6,18.4,Yes,Yes,1,1,0,2008,12,Dec,2008-12-01,Q4,347,Été,20.95,7.100000000000001,21.5,88.5,1012.8499999999999,Faible (1-10),,-1.3283333333333331,-1.1820833333333347,-0.38560272665833123,-0.5256668719255998,,0,0,0,0
2008-12-13,17.0,32.9,28.2,4.8,7.5,,,N,W,24,37,82,25,995.0,990.3,6,4,24.5,32.5,Yes,No,1,0,0,2008,12,Dec,2008-12-01,Q4,348,Été,24.95,15.899999999999999,30.5,53.5,992.65,Modérée (10-30),,7.071666666666665,-1.5820833333333333,2.052838606287703,-0.7035449815655622,,0,0,0,0
2008-12-14,19.2,25.4,0.0,12.0,12.7,,,W,WSW,33,44,42,32,996.5,997.4,1,5,21.5,23.9,No,No,0,0,0,2008,12,Dec,2008-12-01,Q4,349,Été,22.299999999999997,6.199999999999999,38.5,37.0,996.95,Sec (≤1 mm),,-0.42833333333333456,0.617916666666666,-0.1243411552712565,0.2747846214542343,,0,0,0,0
2008-12-15,16.7,23.8,0.0,9.8,12.1,,,S,SE,24,20,39,43,1006.8,1007.9,5,1,20.9,22.8,No,No,0,0,0,2008,12,Dec,2008-12-01,Q4,350,Été,20.25,7.100000000000001,22.0,41.0,1007.3499999999999,Sec (≤1 mm),,-2.0283333333333324,-1.882083333333334,-0.5888061710705006,-0.8369535637955349,,0,0,0,0
2008-12-16,15.0,24.1,0.0,6.8,13.0,,,NNW,NE,13,20,58,48,1013.1,1010.1,1,1,21.0,23.4,No,No,0,0,0,2008,12,Dec,2008-12-01,Q4,351,Été,19.55,9.100000000000001,16.5,53.0,1011.6,Sec (≤1 mm),,-1.7283333333333317,-3.5820833333333333,-0.501718980608142,-1.5929355297653776,,0,0,0,0
2008-12-17,17.7,26.0,0.0,9.2,9.6,,,WNW,E,6,17,68,73,1011.9,1008.0,1,6,22.3,23.1,No,No,0,0,0,2008,12,Dec,2008-12-01,Q4,352,Été,21.85,8.3,11.5,70.5,1009.95,Sec (≤1 mm),,0.17166666666666686,-0.882083333333334,0.04983322565346069,-0.3922582896956272,,0,0,0,0
2008-12-18,19.3,27.4,0.0,4.8,8.4,,,WNW,E,13,17,65,68,1005.0,1001.2,2,6,23.1,24.0,No,No,0,0,0,2008,12,Dec,2008-12-01,Q4,353,Été,23.35,8.099999999999998,15.0,66.5,1003.1,Sec (≤1 mm),,1.5716666666666654,0.7179166666666674,0.45624011447779944,0.3192541488642257,,0,0,0,0
2008-12-19,17.3,26.4,0.6,10.2,12.2,,,WNW,SE,7,30,67,58,1005.9,1007.8,2,6,21.6,21.2,No,No,0,0,0,2008,12,Dec,2008-12-01,Q4,354,Été,21.85,9.099999999999998,18.5,62.5,1006.8499999999999,Sec (≤1 mm),,0.5716666666666654,-1.2820833333333326,0.16594947960327147,-0.5701363993355897,,0,0,0,0
2008-12-20,15.7,20.4,0.0,10.6,4.6,,,S,SSE,26,15,57,69,1019.2,1019.3,5,7,18.4,18.2,No,No,0,0,0,2008,12,Dec,2008-12-01,Q4,355,Été,18.049999999999997,4.699999999999999,20.5,63.0,1019.25,Sec (≤1 mm),,-5.428333333333335,-2.882083333333334,-1.5757943296438963,-1.2816488378954425,,0,0,0,0
2008-12-21,14.3,22.1,0.4,5.2,12.0,,,NNW,E,2,20,60,50,1022.0,1019.9,4,1,19.6,21.4,No,No,0,0,0,2008,12,Dec,2008-12-01,Q4,356,Été,18.200000000000003,7.800000000000001,11.0,55.0,1020.95,Sec (≤1 mm),,-3.7283333333333317,-4.282083333333333,-1.082300250357198,-1.9042222216353126,,0,0,0,0
2008-12-22,15.9,24.1,0.0,7.2,12.1,,,NNE,NE,22,26,56,57,1018.8,1014.8,1,1,22.1,22.9,No,No,0,0,0,2008,12,Dec,2008-12-01,Q4,357,Été,20.0,8.200000000000001,24.0,56.5,1016.8,Sec (≤1 mm),,-1.7283333333333317,-2.682083333333333,-0.501718980608142,-1.1927097830754605,,0,0,0,0
2008-12-23,19.0,26.9,0.0,10.8,6.5,,,E,ENE,11,9,60,56,1009.3,1008.4,6,7,23.8,26.0,No,No,0,0,0,2008,12,Dec,2008-12-01,Q4,358,Été,22.95,7.899999999999999,10.0,58.0,1008.8499999999999,Sec (≤1 mm),,1.0716666666666654,0.4179166666666667,0.31109479704053544,0.1858455666342531,,0,0,0,0
2008-12-24,18.7,20.7,0.4,4.8,0.0,,,S,SSE,17,6,77,78,1013.3,1012.6,8,8,19.6,19.7,No,No,0,0,0,2008,12,Dec,2008-12-01,Q4,359,Été,19.7,2.0,11.5,77.5,1012.95,Sec (≤1 mm),,-5.128333333333334,0.117916666666666,-1.4887071391815376,0.05243698440428049,,0,0,0,0
2008-12-25,16.4,23.3,0.0,0.8,7.2,,,E,E,7,19,73,60,1014.5,1013.5,7,3,20.7,22.8,No,No,0,0,0,2008,12,Dec,2008-12-01,Q4,360,Été,19.85,6.900000000000002,13.0,66.5,1014.0,Sec (≤1 mm),,-2.5283333333333324,-2.1820833333333347,-0.7339514885077646,-0.9703621460255075,,0,0,0,0
2008-12-26,19.1,26.0,0.0,4.0,10.0,,,ESE,NE,4,22,75,71,1013.9,1010.7,7,1,23.1,25.4,No,No,0,0,0,2008,12,Dec,2008-12-01,Q4,361,Été,22.55,6.899999999999999,13.0,73.0,1012.3,Sec (≤1 mm),,0.17166666666666686,0.5179166666666681,0.04983322565346069,0.23031509404424452,,0,0,0,0
2008-12-27,20.5,27.2,0.0,7.2,0.7,,,E,NE,9,13,79,70,1009.0,1005.0,7,8,24.5,26.2,No,Yes,0,1,0,2008,12,Dec,2008-12-01,Q4,362,Été,23.85,6.699999999999999,11.0,74.5,1007.0,Sec (≤1 mm),,1.3716666666666661,1.9179166666666667,0.398181987502894,0.8528884777841147,,0,0,0,0
2008-12-28,19.7,28.3,7.0,6.0,12.1,,,W,E,4,20,72,63,1006.6,1003.2,1,5,23.4,26.5,Yes,No,1,0,0,2008,12,Dec,2008-12-01,Q4,363,Été,24.0,8.600000000000001,12.0,67.5,1004.9000000000001,Faible (1-10),,2.4716666666666676,1.117916666666666,0.7175016858648752,0.4971322585041882,,0,0,0,0
2008-12-29,20.7,24.9,0.0,8.0,7.2,,,SSE,SE,28,15,72,68,1004.8,1003.7,2,6,22.6,22.4,No,Yes,0,1,0,2008,12,Dec,2008-12-01,Q4,364,Été,22.799999999999997,4.199999999999999,21.5,70.0,1004.25,Sec (≤1 mm),,-0.9283333333333346,2.117916666666666,-0.2694864727085205,0.9418275326040959,,0,0,0,0
2008-12-30,18.2,27.6,2.0,5.6,10.9,,,W,E,9,26,81,72,1004.3,999.3,6,5,20.9,23.8,Yes,No,1,0,0,2008,12,Dec,2008-12-01,Q4,365,Été,22.9,9.400000000000002,17.5,76.5,1001.8,Faible (1-10),,1.7716666666666683,-0.382083333333334,0.5142982414527059,-0.16991065264567337,,0,0,0,0
2008-12-31,19.2,31.5,0.0,7.4,13.1,,,W,E,19,20,37,42,1002.7,1002.4,0,0,24.7,25.3,No,No,0,0,0,2008,12,Dec,2008-12-01,Q4,366,Été,25.35,12.3,19.5,39.5,1002.55,Sec (≤1 mm),,5.671666666666667,0.617916666666666,1.6464317174633645,0.2747846214542343,,0,0,0,0
2009-01-01,18.4,34.7,0.0,9.8,12.9,,,W,NNW,11,17,73,22,1005.5,1000.7,4,6,22.0,34.3,No,No,0,0,0,2009,1,Jan,2009-01-01,Q1,1,Été,26.55,16.300000000000004,14.0,47.5,1003.1,Sec (≤1 mm),,7.223104693140797,-1.9036101083032513,1.8845006665012274,-0.8961387454703323,,0,0,0,0
2009-01-02,18.8,22.7,0.0,11.0,5.9,,,E,ESE,11,33,62,57,1012.8,1013.8,6,7,20.1,20.8,No,No,0,0,0,2009,1,Jan,2009-01-01,Q1,2,Été,20.75,3.8999999999999986,22.0,59.5,1013.3,Sec (≤1 mm),,-4.776895306859206,-1.5036101083032491,-1.246287126106769,-0.7078357433878115,,0,0,0,0
2009-01-03,17.0,23.0,0.0,9.0,0.5,,,ESE,ENE,13,15,58,49,1021.6,1019.4,8,8,18.8,21.4,No,No,0,0,0,2009,1,Jan,2009-01-01,Q1,3,Été,20.0,6.0,14.0,53.5,1020.5,Sec (≤1 mm),,-4.4768953068592054,-3.30361010830325,-1.1680174312915688,-1.5551992527591512,,0,0,0,0
2009-01-04,18.7,24.6,0.0,5.4,11.3,,,NNE,NE,13,31,59,58,1018.6,1015.2,2,1,23.0,24.1,No,No,0,0,0,2009,1,Jan,2009-01-01,Q1,4,Été,21.65,5.900000000000002,22.0,58.5,1016.9000000000001,Sec (≤1 mm),,-2.876895306859204,-1.6036101083032506,-0.7505790589438357,-0.7549114939084421,,0,0,0,0
2009-01-05,19.5,27.9,0.0,10.0,12.2,,,ESE,ENE,6,13,66,60,1013.2,1008.9,4,4,23.4,26.2,No,No,0,0,0,2009,1,Jan,2009-01-01,Q1,5,Été,23.7,8.399999999999999,9.5,63.0,1011.05,Sec (≤1 mm),,0.42310469314079313,-0.8036101083032499,0.11038758402336224,-0.3783054897434021,,0,0,0,0
2009-01-06,20.2,28.3,0.0,10.0,11.8,,,SSW,E,11,20,77,64,1011.6,1008.0,0,0,23.1,25.8,No,No,0,0,0,2009,1,Jan,2009-01-01,Q1,6,Été,24.25,8.100000000000001,15.5,70.5,1009.8,Sec (≤1 mm),,0.8231046931407953,-0.10361010830325057,0.21474717711029598,-0.048775236098992744,,0,0,0,0
2009-01-07,20.7,33.1,0.0,9.0,9.3,,,SSW,E,6,15,72,67,1009.9,1005.1,1,7,23.7,26.1,No,No,0,0,0,2009,1,Jan,2009-01-01,Q1,7,Été,26.9,12.400000000000002,10.5,69.5,1007.5,Sec (≤1 mm),,5.623104693140796,0.39638989169674943,1.4670622941534943,0.18660351650415705,,0,0,0,0
2009-01-08,20.4,22.4,0.0,9.8,0.0,,,SSE,SSE,24,31,78,72,1012.4,1013.4,8,8,21.2,20.1,No,No,0,0,0,2009,1,Jan,2009-01-01,Q1,8,Été,21.4,2.0,27.5,75.0,1012.9,Sec (≤1 mm),,-5.076895306859207,0.09638989169674872,-1.324556820921969,0.04537626494226684,,0,0,0,0
2009-01-09,17.2,22.6,0.4,7.6,5.9,,,SSE,ESE,22,19,54,47,1020.2,1018.8,7,6,19.2,21.2,No,No,0,0,0,2009,1,Jan,2009-01-01,Q1,9,Été,19.9,5.400000000000002,20.5,50.5,1019.5,Sec (≤1 mm),,-4.876895306859204,-3.1036101083032506,-1.2723770243785015,-1.4610477517178915,,0,0,0,0
2009-01-10,18.3,23.4,0.0,7.6,6.1,,,ENE,E,17,20,54,53,1017.1,1013.9,7,6,19.7,22.5,No,No,0,0,0,2009,1,Jan,2009-01-01,Q1,10,Été,20.85,5.099999999999998,18.5,53.5,1015.5,Sec (≤1 mm),,-4.076895306859207,-2.003610108303249,-1.063657838204636,-0.9432144959909613,,0,0,0,0
2009-01-11,17.4,24.6,0.0,6.6,8.7,,,NE,ENE,19,31,58,57,1013.8,1011.5,3,1,23.4,23.9,No,Yes,0,1,0,2009,1,Jan,2009-01-01,Q1,11,Été,21.0,7.200000000000003,25.0,57.5,1012.65,Sec (≤1 mm),,-2.876895306859204,-2.9036101083032513,-0.7505790589438357,-1.366896250676632,,0,0,0,0
2009-01-12,18.7,26.8,1.2,8.8,11.4,,,E,ESE,7,15,71,61,1015.4,1016.4,1,6,23.2,25.6,Yes,No,1,0,0,2009,1,Jan,2009-01-01,Q1,12,Été,22.75,8.100000000000001,11.0,66.0,1015.9,Faible (1-10),,-0.6768953068592047,-1.6036101083032506,-0.17660129696570342,-0.7549114939084421,,0,0,0,0
2009-01-13,19.6,26.2,0.2,4.2,11.1,,,ESE,NE,7,26,74,56,1019.5,1016.5,6,0,23.5,25.4,No,No,0,0,0,2009,1,Jan,2009-01-01,Q1,13,Été,22.9,6.599999999999998,16.5,65.0,1018.0,Sec (≤1 mm),,-1.2768953068592062,-0.7036101083032484,-0.3331406865961036,-0.3312297392227715,,0,0,0,0
2009-01-14,20.8,29.7,0.0,10.2,13.0,,,E,NNE,7,24,67,49,1014.6,1011.2,0,1,25.5,29.1,No,No,0,0,0,2009,1,Jan,2009-01-01,Q1,14,Été,25.25,8.899999999999999,15.5,58.0,1012.9000000000001,Sec (≤1 mm),,2.223104693140794,0.49638989169675085,0.5800057529145617,0.23367926702478767,,0,0,0,0
2009-01-15,23.0,33.4,0.0,14.2,9.4,,,ESE,NE,7,19,61,39,1009.1,1006.0,5,6,28.6,33.1,No,Yes,0,1,0,2009,1,Jan,2009-01-01,Q1,15,Été,28.2,10.399999999999999,13.0,50.0,1007.55,Sec (≤1 mm),,5.923104693140793,2.69638989169675,1.5453319889686934,1.2693457784786464,,0,0,0,0
2009-01-16,18.8,25.0,1.8,10.2,10.1,,,S,E,4,24,69,61,1012.7,1008.8,2,0,21.4,24.0,Yes,No,1,0,0,2009,1,Jan,2009-01-01,Q1,16,Été,21.9,6.199999999999999,14.0,65.0,1010.75,Faible (1-10),,-2.4768953068592054,-1.5036101083032491,-0.6462194658569029,-0.7078357433878115,,0,0,0,0
2009-01-17,17.7,22.6,0.0,10.4,6.5,,,SSE,SSE,26,28,52,48,1020.5,1020.5,6,3,19.0,21.6,No,No,0,0,0,2009,1,Jan,2009-01-01,Q1,17,Été,20.15,4.900000000000002,27.0,50.0,1020.5,Sec (≤1 mm),,-4.876895306859204,-2.6036101083032506,-1.2723770243785015,-1.2256689991147418,,0,0,0,0
2009-01-18,14.8,23.3,0.0,5.6,12.7,,,WNW,E,11,22,62,46,1021.9,1020.0,1,3,19.5,22.9,No,No,0,0,0,2009,1,Jan,2009-01-01,Q1,18,Été,19.05,8.5,16.5,54.0,1020.95,Sec (≤1 mm),,-4.176895306859205,-5.503610108303249,-1.0897477364763688,-2.5908657642130097,,0,0,0,0
2009-01-19,16.4,25.1,0.0,11.0,12.7,,,N,NE,15,26,55,57,1019.3,1015.0,1,5,22.5,23.8,No,No,0,0,0,2009,1,Jan,2009-01-01,Q1,19,Été,20.75,8.700000000000003,20.5,56.0,1017.15,Sec (≤1 mm),,-2.376895306859204,-3.9036101083032513,-0.6201295675851692,-1.8376537558829316,,0,0,0,0
2009-01-20,20.1,28.7,0.0,9.0,12.4,,,E,NE,9,22,61,54,1013.7,1010.6,0,1,24.7,27.0,No,Yes,0,1,0,2009,1,Jan,2009-01-01,Q1,20,Été,24.4,8.599999999999998,15.5,57.5,1012.1500000000001,Sec (≤1 mm),,1.2231046931407938,-0.20361010830324844,0.3191067701972288,-0.0958509866196217,,0,0,0,0
2009-01-21,21.3,31.1,1.6,12.8,7.4,,,W,ENE,11,22,66,55,1011.9,1008.1,3,5,25.7,29.2,Yes,No,1,0,0,2009,1,Jan,2009-01-01,Q1,21,Été,26.200000000000003,9.8,16.5,60.5,1010.0,Faible (1-10),,3.623104693140796,0.9963898916967509,0.9452643287188284,0.4690580196279375,,0,0,0,0
2009-01-22,23.4,33.6,1.0,8.0,9.8,,,NNW,NNW,15,26,52,45,1008.9,1005.5,5,5,27.8,32.7,No,No,0,0,0,2009,1,Jan,2009-01-01,Q1,22,Été,28.5,10.200000000000003,20.5,48.5,1007.2,Sec (≤1 mm),,6.123104693140796,3.0963898916967487,1.5975117855121608,1.4576487805611655,,0,0,0,0
2009-01-23,25.0,31.7,0.0,14.2,11.9,,,ESE,E,9,19,59,58,1009.2,1007.6,1,2,29.5,29.1,No,No,0,0,0,2009,1,Jan,2009-01-01,Q1,23,Été,28.35,6.699999999999999,14.0,58.5,1008.4000000000001,Sec (≤1 mm),,4.223104693140794,4.69638989169675,1.1018037183492275,2.2108607888912455,,0,0,0,0
2009-01-24,24.8,40.9,0.0,10.6,11.1,,,NW,W,11,26,55,20,1004.8,1002.8,6,2,31.5,40.1,No,No,0,0,0,2009,1,Jan,2009-01-01,Q1,24,Été,32.85,16.099999999999998,18.5,37.5,1003.8,Sec (≤1 mm),,13.423104693140793,4.496389891696751,3.5020743593486903,2.1167092878499862,Chaleur extrême,0,0,0,0
2009-01-25,20.5,25.9,0.0,13.6,6.8,,,SE,ESE,15,17,57,51,1019.5,1018.3,7,5,21.9,24.7,No,No,0,0,0,2009,1,Jan,2009-01-01,Q1,25,Été,23.2,5.399999999999999,16.0,54.0,1018.9,Sec (≤1 mm),,-1.5768953068592069,0.19638989169675014,-0.41141038141130365,0.09245201546289747,,0,0,0,0
2009-01-26,20.8,26.8,0.0,6.8,1.2,,,S,S,9,15,80,72,1019.3,1019.1,8,7,21.9,25.3,No,Yes,0,1,0,2009,1,Jan,2009-01-01,Q1,26,Été,23.8,6.0,12.0,76.0,1019.2,Sec (≤1 mm),,-0.6768953068592047,0.49638989169675085,-0.17660129696570342,0.23367926702478767,,0,0,0,0
2009-01-27,20.2,23.9,14.2,1.8,1.7,,,S,SSE,9,7,95,93,1021.1,1019.9,8,8,20.8,22.4,Yes,Yes,1,1,0,2009,1,Jan,2009-01-01,Q1,27,Été,22.049999999999997,3.6999999999999993,8.0,94.0,1020.5,Modérée (10-30),,-3.576895306859207,-0.10361010830325057,-0.9332083468459695,-0.048775236098992744,,0,0,0,0
2009-01-28,19.9,27.1,4.4,1.8,12.3,,,N,NE,4,22,78,60,1018.5,1016.0,6,1,23.7,26.6,Yes,No,1,0,0,2009,1,Jan,2009-01-01,Q1,28,Été,23.5,7.200000000000003,13.0,69.0,1017.25,Faible (1-10),,-0.376895306859204,-0.4036101083032513,-0.09833160215050336,-0.19000248766088296,,0,0,0,0
2009-01-29,21.2,28.3,0.0,8.6,12.5,,,E,NE,4,26,73,67,1018.6,1016.5,1,1,25.2,27.5,No,No,0,0,0,2009,1,Jan,2009-01-01,Q1,29,Été,24.75,7.100000000000001,15.0,70.0,1017.55,Sec (≤1 mm),,0.8231046931407953,0.8963898916967494,0.21474717711029598,0.42198226910730685,,0,0,0,0
2009-01-30,21.1,28.2,0.0,10.2,13.0,,,E,NE,4,24,72,59,1018.7,1015.8,1,0,24.6,27.5,No,No,0,0,0,2009,1,Jan,2009-01-01,Q1,30,Été,24.65,7.099999999999998,14.0,65.5,1017.25,Sec (≤1 mm),,0.7231046931407938,0.7963898916967516,0.18865727883856231,0.3749065185866779,,0,0,0,0
2009-01-31,21.8,29.1,0.0,10.6,11.5,,,ENE,NE,7,19,76,54,1017.5,1014.2,2,3,25.0,29.0,No,No,0,0,0,2009,1,Jan,2009-01-01,Q1,31,Été,25.450000000000003,7.300000000000001,13.0,65.0,1015.85,Sec (≤1 mm),,1.623104693140796,1.4963898916967509,0.42346636328416254,0.7044367722310872,,0,0,0,0
2009-02-01,21.2,28.1,0.0,9.2,11.1,,,E,ESE,13,17,71,66,1016.1,1016.2,1,5,24.9,26.9,No,No,0,0,0,2009,2,Feb,2009-02-01,Q1,32,Été,24.65,6.900000000000002,15.0,68.5,1016.1500000000001,Sec (≤1 mm),,1.2192156862745094,1.0137254901960766,0.3826698869829495,0.48322235926074775,,0,0,0,0
2009-02-02,22.9,28.3,0.0,6.4,9.8,,,ESE,NE,4,24,79,63,1016.3,1012.2,6,2,24.8,27.1,No,No,0,0,0,2009,2,Feb,2009-02-01,Q1,33,Été,25.6,5.400000000000002,14.0,71.0,1014.25,Sec (≤1 mm),,1.4192156862745087,2.713725490196076,0.44544301093319194,1.293577843746374,,0,0,0,0
2009-02-03,21.8,28.0,0.0,10.8,7.5,,,W,SE,0,19,63,60,1010.8,1010.0,7,4,25.4,27.9,No,No,0,0,0,2009,2,Feb,2009-02-01,Q1,34,Été,24.9,6.199999999999999,9.5,61.5,1010.4,Sec (≤1 mm),,1.119215686274508,1.613725490196078,0.3512833250078278,0.769230177314499,,0,0,0,0
2009-02-04,21.6,27.3,0.4,7.0,7.1,,,S,E,6,17,84,71,1011.6,1009.4,7,5,23.2,26.2,No,No,0,0,0,2009,2,Feb,2009-02-01,Q1,35,Été,24.450000000000003,5.699999999999999,11.5,77.5,1010.5,Sec (≤1 mm),,0.41921568627450867,1.4137254901960787,0.13157739118197878,0.6738942379632492,,0,0,0,0
2009-02-05,22.2,29.2,0.0,6.6,12.2,,,E,NE,6,22,73,58,1009.1,1005.9,1,1,26.0,28.9,No,No,0,0,0,2009,2,Feb,2009-02-01,Q1,36,Été,25.7,7.0,14.0,65.5,1007.5,Sec (≤1 mm),,2.3192156862745072,2.0137254901960766,0.7279220687092833,0.9599020560169987,,0,0,0,0
2009-02-06,21.9,29.5,0.0,9.8,10.8,,,E,ENE,6,11,75,64,1010.9,1008.4,3,1,25.5,27.4,No,No,0,0,0,2009,2,Feb,2009-02-01,Q1,37,Été,25.7,7.600000000000001,8.5,69.5,1009.65,Sec (≤1 mm),,2.619215686274508,1.713725490196076,0.8220817546346474,0.8168981469901231,,0,0,0,0
2009-02-07,21.8,33.5,0.0,10.4,11.8,,,E,NNE,9,31,68,34,1013.3,1010.6,0,1,25.6,32.2,No,No,0,0,0,2009,2,Feb,2009-02-01,Q1,38,Été,27.65,11.7,20.0,51.0,1011.95,Sec (≤1 mm),,6.619215686274508,1.613725490196078,2.0775442336395,0.769230177314499,,0,0,0,0
2009-02-08,21.4,28.6,0.0,14.2,12.2,,,E,ENE,9,17,69,53,1010.8,1007.5,0,1,24.2,28.1,No,No,0,0,0,2009,2,Feb,2009-02-01,Q1,39,Été,25.0,7.200000000000003,13.0,61.0,1009.15,Sec (≤1 mm),,1.7192156862745094,1.213725490196076,0.5396026968585561,0.5785582986119976,,0,0,0,0
2009-02-09,20.9,22.5,0.0,9.0,0.0,,,S,S,20,17,84,81,1011.9,1011.7,8,8,21.2,20.6,No,Yes,0,1,0,2009,2,Feb,2009-02-01,Q1,40,Été,21.7,1.6000000000000014,18.5,82.5,1011.8,Sec (≤1 mm),,-4.380784313725492,0.7137254901960759,-1.3749775836238445,0.3402184502338721,,0,0,0,0
2009-02-10,17.9,19.4,3.4,1.6,0.0,,,SSW,SSW,6,19,94,89,1011.9,1010.1,8,8,18.2,18.7,Yes,Yes,1,1,0,2009,2,Feb,2009-02-01,Q1,41,Été,18.65,1.5,12.5,91.5,1011.0,Faible (1-10),,-7.4807843137254935,-2.286274509803924,-2.3479610048526056,-1.089820640034881,,0,0,0,0
2009-02-11,16.7,23.0,5.6,2.2,1.5,,,SSW,S,26,20,77,61,1011.1,1011.2,7,7,17.7,23.0,Yes,No,1,0,0,2009,2,Feb,2009-02-01,Q1,42,Été,19.85,6.300000000000001,23.0,69.0,1011.1500000000001,Faible (1-10),,-3.880784313725492,-3.4862745098039234,-1.2180447737482378,-1.661836276142382,,0,0,0,0
2009-02-12,17.5,22.0,0.6,4.0,1.1,,,SSW,SSE,19,31,76,56,1017.5,1018.7,7,8,18.9,21.4,No,Yes,0,1,0,2009,2,Feb,2009-02-01,Q1,43,Été,19.75,4.5,25.0,66.0,1018.1,Sec (≤1 mm),,-4.880784313725492,-2.6862745098039227,-1.531910393499451,-1.2804925187373808,,0,0,0,0
2009-02-13,16.4,20.4,23.2,5.4,0.0,,,SE,SE,24,24,86,90,1025.4,1025.0,8,8,18.0,17.9,Yes,Yes,1,1,0,2009,2,Feb,2009-02-01,Q1,44,Été,18.4,4.0,24.0,88.0,1025.2,Modérée (10-30),,-6.4807843137254935,-3.786274509803924,-2.0340953851013923,-1.8048401851692577,,0,0,0,0
2009-02-14,17.0,21.2,19.6,4.4,0.0,,,ESE,ESE,30,19,66,67,1022.9,1019.2,8,8,19.1,20.4,Yes,Yes,1,1,0,2009,2,Feb,2009-02-01,Q1,45,Été,19.1,4.199999999999999,24.5,66.5,1021.05,Modérée (10-30),,-5.680784313725493,-3.1862745098039227,-1.7830028893004217,-1.5188323671155064,,0,0,0,0
2009-02-15,16.5,23.3,25.6,2.4,0.2,,,SSE,SE,19,22,88,66,1014.7,1013.9,8,8,19.4,23.1,Yes,Yes,1,1,0,2009,2,Feb,2009-02-01,Q1,46,Été,19.9,6.800000000000001,20.5,77.0,1014.3,Modérée (10-30),,-3.5807843137254913,-3.6862745098039227,-1.1238850878228737,-1.7571722154936318,,0,0,0,0
2009-02-16,18.6,25.0,16.4,4.8,6.4,,,SE,SE,19,24,82,62,1017.6,1017.8,7,7,20.3,22.6,Yes,Yes,1,1,0,2009,2,Feb,2009-02-01,Q1,47,Été,21.8,6.399999999999999,21.5,72.0,1017.7,Modérée (10-30),,-1.880784313725492,-1.5862745098039213,-0.5903135342458116,-0.756144852305504,,0,0,0,0
2009-02-17,19.4,22.9,3.8,7.4,0.0,,,SE,SE,9,17,70,71,1017.0,1015.4,8,8,20.8,22.0,Yes,Yes,1,1,0,2009,2,Feb,2009-02-01,Q1,48,Été,21.15,3.5,13.0,70.5,1016.2,Faible (1-10),,-3.9807843137254935,-0.7862745098039241,-1.2494313357233595,-0.3748010949005045,,0,0,0,0
2009-02-18,19.4,26.6,24.6,3.2,7.1,,,W,S,19,15,93,62,1010.2,1008.1,8,6,20.2,25.7,Yes,Yes,1,1,0,2009,2,Feb,2009-02-01,Q1,49,Été,23.0,7.200000000000003,17.0,77.5,1009.1500000000001,Modérée (10-30),,-0.2807843137254906,-0.7862745098039241,-0.08812854264387017,-0.3748010949005045,,0,0,0,0
2009-02-19,18.9,28.4,1.4,3.6,11.4,,,NNW,E,19,20,74,60,1008.0,1005.0,2,5,23.1,27.5,Yes,No,1,0,0,2009,2,Feb,2009-02-01,Q1,50,Été,23.65,9.5,19.5,67.0,1006.5,Faible (1-10),,1.5192156862745065,-1.286274509803924,0.47682957290831257,-0.61314094327863,,0,0,0,0
2009-02-20,20.3,26.1,0.0,7.8,9.6,,,W,E,2,19,78,68,1011.6,1010.2,5,3,22.4,25.1,No,No,0,0,0,2009,2,Feb,2009-02-01,Q1,51,Été,23.200000000000003,5.800000000000001,10.5,73.0,1010.9000000000001,Sec (≤1 mm),,-0.7807843137254906,0.11372549019607803,-0.24506135251947672,0.054210632180122474,,0,0,0,0
2009-02-21,21.9,24.4,0.0,6.4,0.3,,,W,E,0,11,85,68,1013.3,1013.2,8,8,22.5,23.6,No,Yes,0,1,0,2009,2,Feb,2009-02-01,Q1,52,Été,23.15,2.5,5.5,76.5,1013.25,Sec (≤1 mm),,-2.4807843137254935,1.713725490196076,-0.7786329060965399,0.8168981469901231,,0,0,0,0
2009-02-22,20.3,24.9,2.2,2.4,6.3,,,SSE,E,13,13,70,59,1018.5,1017.6,7,4,21.7,24.4,Yes,No,1,0,0,2009,2,Feb,2009-02-01,Q1,53,Été,22.6,4.599999999999998,13.0,64.5,1018.05,Faible (1-10),,-1.9807843137254935,0.11372549019607803,-0.6217000962209334,0.054210632180122474,,0,0,0,0
2009-02-23,19.6,27.0,0.0,4.6,5.3,,,W,ENE,0,15,78,63,1016.9,1013.0,7,5,22.6,26.5,No,No,0,0,0,2009,2,Feb,2009-02-01,Q1,54,Été,23.3,7.399999999999999,7.5,70.5,1014.95,Sec (≤1 mm),,0.11921568627450796,-0.5862745098039213,0.037417705256614635,-0.27946515554925294,,0,0,0,0
2009-02-24,19.9,30.5,0.8,5.4,10.7,,,W,SE,11,15,82,57,1014.1,1013.2,0,1,23.0,28.2,No,No,0,0,0,2009,2,Feb,2009-02-01,Q1,55,Été,25.2,10.600000000000001,13.0,69.5,1013.6500000000001,Sec (≤1 mm),,3.619215686274508,-0.2862745098039241,1.1359473743858606,-0.13646124652237895,,0,0,0,0
2009-02-25,21.1,26.4,0.0,7.0,7.0,,,S,ESE,4,20,83,63,1016.7,1014.6,7,5,22.0,26.1,No,No,0,0,0,2009,2,Feb,2009-02-01,Q1,56,Été,23.75,5.299999999999997,12.0,73.0,1015.6500000000001,Sec (≤1 mm),,-0.48078431372549346,0.9137254901960787,-0.1509016665941137,0.43555438958512366,,0,0,0,0
2009-02-26,19.6,24.6,0.0,7.6,6.8,,,S,S,11,20,74,58,1020.4,1018.7,8,5,20.7,23.6,No,No,0,0,0,2009,2,Feb,2009-02-01,Q1,57,Été,22.1,5.0,15.5,66.0,1019.55,Sec (≤1 mm),,-2.2807843137254906,-0.5862745098039213,-0.7158597821462964,-0.27946515554925294,,0,0,0,0
2009-02-27,17.5,23.5,0.0,6.0,5.6,,,W,E,13,11,78,50,1018.2,1015.9,7,4,18.9,23.2,No,No,0,0,0,2009,2,Feb,2009-02-01,Q1,58,Été,20.5,6.0,12.0,64.0,1017.05,Sec (≤1 mm),,-3.380784313725492,-2.6862745098039227,-1.0611119638726314,-1.2804925187373808,,0,0,0,0
2009-02-28,17.5,25.4,0.0,4.8,5.6,,,N,E,7,20,70,61,1009.5,1006.9,7,4,20.7,24.1,No,No,0,0,0,2009,2,Feb,2009-02-01,Q1,59,Été,21.45,7.899999999999999,13.5,65.5,1008.2,Sec (≤1 mm),,-1.4807843137254935,-2.6862745098039227,-0.4647672863453268,-1.2804925187373808,,0,0,0,0
2009-03-01,20.5,25.7,0.0,6.8,10.0,,,E,E,9,19,70,60,1010.7,1010.8,8,6,23.1,24.8,No,No,0,0,0,2009,3,Mar,2009-03-01,Q1,60,Automne,23.1,5.199999999999999,14.0,65.0,1010.75,Sec (≤1 mm),,-0.1812903225806437,1.6425806451612885,-0.07399686821462653,0.7656261494568891,,0,0,0,0
2009-03-02,21.8,25.5,0.0,6.0,9.0,,,W,E,0,17,71,60,1016.6,1015.2,7,5,22.8,25.1,No,No,0,0,0,2009,3,Mar,2009-03-01,Q1,61,Automne,23.65,3.6999999999999993,8.5,65.5,1015.9000000000001,Sec (≤1 mm),,-0.381290322580643,2.9425806451612893,-0.15563042389624335,1.3715714327073345,,0,0,0,0
2009-03-03,20.8,26.9,0.0,6.8,6.9,,,ENE,ENE,19,20,61,55,1018.0,1015.2,7,7,24.1,25.6,No,No,0,0,0,2009,3,Mar,2009-03-01,Q1,62,Automne,23.85,6.099999999999998,19.5,58.0,1016.6,Sec (≤1 mm),,1.0187096774193556,1.9425806451612893,0.41580446587507586,0.9054596763608384,,0,0,0,0
2009-03-04,22.5,25.1,0.0,7.6,0.5,,,E,SW,4,13,73,49,1008.0,1008.5,7,7,24.2,22.9,No,No,0,0,0,2009,3,Mar,2009-03-01,Q1,63,Automne,23.8,2.6000000000000014,8.5,61.0,1008.25,Sec (≤1 mm),,-0.7812903225806416,3.6425806451612885,-0.318897535259477,1.6978496621498815,,0,0,0,0
2009-03-05,16.8,24.6,0.0,5.0,11.0,,,W,SE,30,20,39,37,1009.5,1008.6,1,1,19.3,24.2,No,No,0,0,0,2009,3,Mar,2009-03-01,Q1,64,Automne,20.700000000000003,7.800000000000001,25.0,38.0,1009.05,Sec (≤1 mm),,-1.2812903225806416,-2.0574193548387107,-0.5229814244635198,-0.9589873490251466,,0,0,0,0
2009-03-06,14.4,23.6,0.0,7.8,9.8,,,W,ESE,15,19,67,48,1013.4,1011.4,1,1,17.8,22.5,No,No,0,0,0,2009,3,Mar,2009-03-01,Q1,65,Automne,19.0,9.200000000000001,17.0,57.5,1012.4,Sec (≤1 mm),,-2.2812903225806416,-4.457419354838711,-0.9311492028716053,-2.077655564256738,,0,0,0,0
2009-03-07,17.7,26.3,0.0,4.8,9.2,,,SW,ESE,11,19,77,58,1014.2,1011.8,3,1,20.5,25.8,No,No,0,0,0,2009,3,Mar,2009-03-01,Q1,66,Automne,22.0,8.600000000000001,15.0,67.5,1013.0,Sec (≤1 mm),,0.4187096774193577,-1.1574193548387122,0.17090379883022538,-0.5394867683133007,,0,0,0,0
2009-03-08,20.2,25.3,0.0,5.0,4.1,,,SSW,S,11,19,80,77,1017.8,1018.7,5,7,22.2,22.0,No,Yes,0,1,0,2009,3,Mar,2009-03-01,Q1,67,Automne,22.75,5.100000000000001,15.0,78.5,1018.25,Sec (≤1 mm),,-0.5812903225806423,1.3425806451612878,-0.23726397957786016,0.6257926225529399,,0,0,0,0
2009-03-09,18.2,24.5,36.8,2.0,4.4,,,SW,E,6,13,94,69,1022.2,1020.4,7,7,19.1,23.6,Yes,No,1,0,0,2009,3,Mar,2009-03-01,Q1,68,Automne,21.35,6.300000000000001,9.5,81.5,1021.3,Forte (>30),,-1.381290322580643,-0.6574193548387122,-0.5637982023043289,-0.30643089014005254,,0,0,0,0
2009-03-10,19.1,24.5,0.6,3.6,6.7,,,ENE,E,17,20,66,53,1022.0,1021.3,6,5,22.8,24.3,No,No,0,0,0,2009,3,Mar,2009-03-01,Q1,69,Automne,21.8,5.399999999999999,18.5,59.5,1021.65,Sec (≤1 mm),,-1.381290322580643,0.24258064516128997,-0.5637982023043289,0.11306969057179504,,0,0,0,0
2009-03-11,20.2,23.4,0.0,6.2,1.8,,,ESE,E,17,24,59,70,1023.8,1022.7,3,7,23.3,22.3,No,Yes,0,1,0,2009,3,Mar,2009-03-01,Q1,70,Automne,21.799999999999997,3.1999999999999993,20.5,64.5,1023.25,Sec (≤1 mm),,-2.4812903225806444,1.3425806451612878,-1.0127827585532236,0.6257926225529399,,0,0,0,0
2009-03-12,18.2,25.3,1.2,5.0,9.8,,,W,E,4,22,87,57,1022.9,1020.4,2,2,20.3,24.7,Yes,No,1,0,0,2009,3,Mar,2009-03-01,Q1,71,Automne,21.75,7.100000000000001,13.0,72.0,1021.65,Faible (1-10),,-0.5812903225806423,-0.6574193548387122,-0.23726397957786016,-0.30643089014005254,,0,0,0,0
2009-03-13,19.6,25.5,0.0,6.4,2.2,,,W,NW,7,2,85,76,1018.6,1016.2,7,7,21.1,23.9,No,No,0,0,0,2009,3,Mar,2009-03-01,Q1,72,Automne,22.55,5.899999999999999,4.5,80.5,1017.4000000000001,Sec (≤1 mm),,-0.381290322580643,0.74258064516129,-0.15563042389624335,0.34612556874504313,,0,0,0,0
2009-03-14,19.9,27.2,0.0,4.0,6.4,,,NE,ENE,2,20,82,64,1014.7,1010.1,3,6,22.3,26.8,No,Yes,0,1,0,2009,3,Mar,2009-03-01,Q1,73,Automne,23.549999999999997,7.300000000000001,11.0,73.0,1012.4000000000001,Sec (≤1 mm),,1.3187096774193563,1.0425806451612871,0.5382547993975019,0.4859590956489907,,0,0,0,0
2009-03-15,19.2,27.4,17.0,8.4,6.6,,,WNW,E,6,15,81,61,1010.7,1007.8,2,3,21.7,25.0,Yes,No,1,0,0,2009,3,Mar,2009-03-01,Q1,74,Automne,23.299999999999997,8.2,10.5,71.0,1009.25,Modérée (10-30),,1.5187096774193556,0.34258064516128783,0.6198883550791187,0.15968086620644367,,0,0,0,0
2009-03-16,16.1,26.8,0.4,6.8,10.8,,,W,E,17,22,42,29,1011.7,1008.2,1,0,18.7,26.7,No,No,0,0,0,2009,3,Mar,2009-03-01,Q1,75,Automne,21.450000000000003,10.7,19.5,35.5,1009.95,Sec (≤1 mm),,0.9187096774193577,-2.75741935483871,0.3749876880342682,-1.2852655784676936,,0,0,0,0
2009-03-17,15.9,25.7,0.0,6.1,11.0,,,W,SE,20,19,47,48,1013.4,1012.5,1,1,18.8,23.9,No,No,0,0,0,2009,3,Mar,2009-03-01,Q1,76,Automne,20.8,9.799999999999999,19.5,47.5,1012.95,Sec (≤1 mm),,-0.1812903225806437,-2.957419354838711,-0.07399686821462653,-1.3784879297369934,,0,0,0,0
2009-03-18,17.1,24.5,0.0,5.4,10.1,,,WNW,ENE,11,17,72,52,1019.0,1016.1,1,1,20.1,24.3,No,No,0,0,0,2009,3,Mar,2009-03-01,Q1,77,Automne,20.8,7.399999999999999,14.0,62.0,1017.55,Sec (≤1 mm),,-1.381290322580643,-1.75741935483871,-0.5637982023043289,-0.8191538221211974,,0,0,0,0
2009-03-19,17.5,27.7,0.0,6.0,9.7,,,W,E,13,13,76,67,1016.7,1013.7,2,7,20.6,24.9,No,No,0,0,0,2009,3,Mar,2009-03-01,Q1,78,Automne,22.6,10.2,13.0,71.5,1015.2,Sec (≤1 mm),,1.8187096774193563,-1.3574193548387115,0.7423386886015446,-0.6327091195825996,,0,0,0,0
2009-03-20,19.9,26.1,0.0,6.2,8.6,,,W,E,0,17,80,69,1017.4,1016.6,2,1,23.5,25.3,No,No,0,0,0,2009,3,Mar,2009-03-01,Q1,79,Automne,23.0,6.200000000000003,8.5,74.5,1017.0,Sec (≤1 mm),,0.21870967741935843,1.0425806451612871,0.08927024314860857,0.4859590956489907,,0,0,0,0
2009-03-21,19.6,25.3,0.0,6.2,8.7,,,W,E,6,17,83,58,1018.9,1017.2,4,2,22.1,24.9,No,No,0,0,0,2009,3,Mar,2009-03-01,Q1,80,Automne,22.450000000000003,5.699999999999999,11.5,70.5,1018.05,Sec (≤1 mm),,-0.5812903225806423,0.74258064516129,-0.23726397957786016,0.34612556874504313,,0,0,0,0
2009-03-22,17.6,26.7,0.0,5.6,8.4,,,W,NE,11,19,82,58,1017.9,1015.1,1,5,20.4,25.0,No,No,0,0,0,2009,3,Mar,2009-03-01,Q1,81,Automne,22.15,9.099999999999998,15.0,70.0,1016.5,Sec (≤1 mm),,0.8187096774193563,-1.25741935483871,0.334170910193459,-0.5860979439479493,,0,0,0,0
2009-03-23,19.5,25.7,0.2,8.0,10.2,,,NE,NE,7,17,66,61,1017.1,1015.1,5,4,23.1,25.6,No,No,0,0,0,2009,3,Mar,2009-03-01,Q1,82,Automne,22.6,6.199999999999999,12.0,63.5,1016.1,Sec (≤1 mm),,-0.1812903225806437,0.6425806451612885,-0.07399686821462653,0.29951439311039285,,0,0,0,0
2009-03-24,20.5,26.1,0.0,5.8,10.8,,,NNE,NE,6,19,67,59,1017.9,1016.3,1,3,23.6,25.9,No,No,0,0,0,2009,3,Mar,2009-03-01,Q1,83,Automne,23.3,5.600000000000001,12.5,63.0,1017.0999999999999,Sec (≤1 mm),,0.21870967741935843,1.6425806451612885,0.08927024314860857,0.7656261494568891,,0,0,0,0
2009-03-25,20.8,26.0,0.0,7.0,8.0,,,NNE,E,4,17,69,60,1019.7,1017.5,4,4,23.0,25.2,No,Yes,0,1,0,2009,3,Mar,2009-03-01,Q1,84,Automne,23.4,5.199999999999999,10.5,64.5,1018.6,Sec (≤1 mm),,0.11870967741935701,1.9425806451612893,0.048453465307799426,0.9054596763608384,,0,0,0,0
2009-03-26,20.5,26.6,1.4,5.2,7.6,,,NE,ENE,2,17,72,56,1019.4,1016.7,4,6,23.8,25.7,Yes,No,1,0,0,2009,3,Mar,2009-03-01,Q1,85,Automne,23.55,6.100000000000001,9.5,64.0,1018.05,Faible (1-10),,0.7187096774193584,1.6425806451612885,0.29335413235265134,0.7656261494568891,,0,0,0,0
2009-03-27,20.6,23.5,0.4,5.8,4.8,,,SSE,SSE,17,26,69,59,1023.9,1023.7,7,6,22.0,22.5,No,No,0,0,0,2009,3,Mar,2009-03-01,Q1,86,Automne,22.05,2.8999999999999986,21.5,64.0,1023.8,Sec (≤1 mm),,-2.381290322580643,1.74258064516129,-0.9719659807124145,0.8122373250915393,,0,0,0,0
2009-03-28,16.4,23.5,0.0,4.4,10.8,,,WNW,E,9,17,85,49,1025.4,1023.2,3,1,17.9,23.0,No,No,0,0,0,2009,3,Mar,2009-03-01,Q1,87,Automne,19.95,7.100000000000001,13.0,67.0,1024.3000000000002,Sec (≤1 mm),,-2.381290322580643,-2.457419354838713,-0.9719659807124145,-1.1454320515637462,,0,0,0,0
2009-03-29,16.1,24.4,0.0,6.6,9.4,,,WNW,E,9,19,77,66,1023.6,1021.7,5,5,18.9,23.0,No,No,0,0,0,2009,3,Mar,2009-03-01,Q1,88,Automne,20.25,8.299999999999997,14.0,71.5,1022.6500000000001,Sec (≤1 mm),,-1.4812903225806444,-2.75741935483871,-0.604614980145138,-1.2852655784676936,,0,0,0,0
2009-03-30,18.6,26.2,0.0,4.0,6.7,,,ESE,SE,7,22,66,65,1024.1,1022.3,2,6,22.9,24.7,No,Yes,0,1,0,2009,3,Mar,2009-03-01,Q1,89,Automne,22.4,7.599999999999998,14.5,65.5,1023.1999999999999,Sec (≤1 mm),,0.3187096774193563,-0.25741935483871003,0.13008702098941624,-0.11998618760145306,,0,0,0,0
2009-03-31,19.8,22.5,2.6,6.0,0.0,,,SE,E,20,26,86,89,1021.8,1020.4,8,8,21.1,19.9,Yes,Yes,1,1,0,2009,3,Mar,2009-03-01,Q1,90,Automne,21.15,2.6999999999999993,23.0,87.5,1021.0999999999999,Faible (1-10),,-3.381290322580643,0.9425806451612893,-1.3801337591205,0.4393479200143421,,0,0,0,0
2009-04-01,18.4,24.7,46.0,5.0,2.3,,,ESE,ESE,28,30,93,73,1021.1,1021.0,8,7,20.5,23.9,Yes,Yes,1,1,0,2009,4,Apr,2009-04-01,Q2,91,Automne,21.549999999999997,6.300000000000001,29.0,83.0,1021.05,Forte (>30),,1.2083018867924515,3.040754716981132,0.4334334461803855,1.3268357810338824,,0,0,0,0
2009-04-02,19.6,24.7,11.4,3.8,2.4,,,ESE,ESE,22,17,87,79,1023.3,1021.8,8,7,21.9,23.8,Yes,Yes,1,1,0,2009,4,Apr,2009-04-01,Q2,92,Automne,22.15,5.099999999999998,19.5,83.0,1022.55,Modérée (10-30),,1.2083018867924515,4.240754716981135,0.4334334461803855,1.8504567519556692,,0,0,0,0
2009-04-03,20.1,25.1,5.0,2.6,7.9,,,W,ENE,0,24,92,73,1021.1,1016.9,6,5,21.4,24.4,Yes,Yes,1,1,0,2009,4,Apr,2009-04-01,Q2,93,Automne,22.6,5.0,12.0,82.5,1019.0,Faible (1-10),,1.6083018867924537,4.740754716981135,0.5769185970083716,2.068632156506413,,0,0,0,0
2009-04-04,18.3,20.8,3.0,4.2,1.4,,,S,SSE,24,28,84,58,1017.7,1019.2,7,8,18.4,20.1,Yes,No,1,0,0,2009,4,Apr,2009-04-01,Q2,94,Automne,19.55,2.5,26.0,71.0,1018.45,Faible (1-10),,-2.691698113207547,2.940754716981134,-0.9655467743924712,1.2832007001237347,,0,0,0,0
2009-04-05,17.1,22.8,0.0,5.6,8.0,,,W,NE,9,20,72,67,1020.1,1014.4,7,5,19.1,21.5,No,No,0,0,0,2009,4,Apr,2009-04-01,Q2,95,Automne,19.950000000000003,5.699999999999999,14.5,69.5,1017.25,Sec (≤1 mm),,-0.691698113207547,1.7407547169811348,-0.24812102025254443,0.7595797292019496,,0,0,0,0
2009-04-06,17.0,21.1,0.2,3.4,6.9,,,S,SSE,30,26,69,59,1020.5,1019.6,7,3,19.5,19.4,No,No,0,0,0,2009,4,Apr,2009-04-01,Q2,96,Automne,19.05,4.100000000000001,28.0,64.0,1020.05,Sec (≤1 mm),,-2.3916981132075463,1.6407547169811334,-0.8579329112714819,0.7159446482918003,,0,0,0,0
2009-04-07,16.3,21.3,0.2,5.8,7.7,,,S,SE,11,24,67,55,1025.6,1024.4,7,3,18.8,20.1,No,No,0,0,0,2009,4,Apr,2009-04-01,Q2,97,Automne,18.8,5.0,17.5,61.0,1025.0,Sec (≤1 mm),,-2.191698113207547,0.9407547169811341,-0.7861903358574894,0.41049908192075907,,0,0,0,0
2009-04-08,12.8,22.4,0.0,5.6,9.3,,,W,SE,11,22,66,59,1026.9,1024.9,2,4,18.7,21.3,No,No,0,0,0,2009,4,Apr,2009-04-01,Q2,98,Automne,17.6,9.599999999999998,16.5,62.5,1025.9,Sec (≤1 mm),,-1.0916981132075492,-2.559245283018866,-0.39160617108053053,-1.1167287499344483,,0,0,0,0
2009-04-09,15.1,23.2,0.0,2.8,8.4,,,WNW,E,9,19,72,58,1025.5,1022.3,1,3,19.6,21.8,No,No,0,0,0,2009,4,Apr,2009-04-01,Q2,99,Automne,19.15,8.1,14.0,65.0,1023.9,Sec (≤1 mm),,-0.29169811320754846,-0.25924528301886696,-0.10463586942455959,-0.11312188900102679,,0,0,0,0
2009-04-10,14.7,22.7,0.0,4.0,8.3,,,W,E,15,9,81,65,1023.6,1021.0,5,4,18.4,22.4,No,No,0,0,0,2009,4,Apr,2009-04-01,Q2,100,Automne,18.7,8.0,12.0,73.0,1022.3,Sec (≤1 mm),,-0.7916981132075485,-0.6592452830188673,-0.2839923079595413,-0.28766221264162206,,0,0,0,0
2009-04-11,17.4,23.8,0.0,3.2,0.8,,,W,ENE,0,9,80,69,1025.4,1023.0,7,7,19.8,23.0,No,No,0,0,0,2009,4,Apr,2009-04-01,Q2,101,Automne,20.6,6.400000000000002,4.5,74.5,1024.2,Sec (≤1 mm),,0.30830188679245296,2.040754716981132,0.11059185681741894,0.8904849719323947,,0,0,0,0
2009-04-13,20.4,22.6,0.0,3.6,0.1,,,SE,S,15,7,79,84,1022.5,1019.3,8,8,21.6,20.9,No,Yes,0,1,0,2009,4,Apr,2009-04-01,Q2,103,Automne,21.5,2.200000000000003,11.0,81.5,1020.9,Sec (≤1 mm),,-0.8916981132075463,5.040754716981132,-0.3198635956665368,2.199537399236858,,0,0,0,1
2009-04-14,17.6,26.9,48.0,4.8,7.8,,,W,E,19,20,89,70,1015.1,1011.2,6,5,19.2,23.1,Yes,No,1,0,0,2009,4,Apr,2009-04-01,Q2,104,Automne,22.25,9.299999999999997,19.5,79.5,1013.1500000000001,Forte (>30),,3.408301886792451,2.240754716981135,1.2226017757343046,0.9777551337526935,,0,0,0,0
2009-04-15,16.1,29.3,0.2,5.0,10.0,,,W,NW,11,20,70,25,1011.1,1006.9,0,1,20.5,29.0,No,No,0,0,0,2009,4,Apr,2009-04-01,Q2,105,Automne,22.700000000000003,13.2,15.5,47.5,1009.0,Sec (≤1 mm),,5.808301886792453,0.7407547169811348,2.0835126807022175,0.3232289201004618,,0,0,0,0
2009-04-16,14.9,24.1,0.0,10.0,9.8,,,W,E,15,15,43,38,1015.2,1011.7,0,1,17.4,22.6,No,No,0,0,0,2009,4,Apr,2009-04-01,Q2,106,Automne,19.5,9.200000000000001,15.0,40.5,1013.45,Sec (≤1 mm),,0.6083018867924537,-0.45924528301886625,0.2182057199384082,-0.20039205082132405,,0,0,0,0
2009-04-17,13.5,24.1,0.0,4.8,10.3,,,WNW,S,13,19,56,51,1016.3,1015.9,0,1,18.4,22.5,No,No,0,0,0,2009,4,Apr,2009-04-01,Q2,107,Automne,18.8,10.600000000000001,16.0,53.5,1016.0999999999999,Sec (≤1 mm),,0.6083018867924537,-1.8592452830188666,0.2182057199384082,-0.8112831835634071,,0,0,0,0
2009-04-18,14.2,22.8,0.0,5.2,7.9,,,WSW,S,11,28,66,56,1020.0,1018.1,1,5,18.3,20.9,No,Yes,0,1,0,2009,4,Apr,2009-04-01,Q2,108,Automne,18.5,8.600000000000001,19.5,61.0,1019.05,Sec (≤1 mm),,-0.691698113207547,-1.1592452830188673,-0.24812102025254443,-0.505837617192366,,0,0,0,0
2009-04-19,15.8,22.5,13.4,3.4,8.3,,,SSW,S,20,17,91,62,1019.9,1017.9,7,6,16.1,21.7,Yes,Yes,1,1,0,2009,4,Apr,2009-04-01,Q2,109,Automne,19.15,6.699999999999999,18.5,76.5,1018.9,Modérée (10-30),,-0.9916981132075477,0.4407547169811341,-0.3557348833735337,0.19232367737001513,,0,0,0,0
2009-04-20,15.9,21.4,9.0,7.0,2.9,,,SSE,S,26,24,60,59,1020.7,1018.9,7,7,19.5,19.7,Yes,No,1,0,0,2009,4,Apr,2009-04-01,Q2,110,Automne,18.65,5.499999999999998,25.0,59.5,1019.8,Faible (1-10),,-2.091698113207549,0.5407547169811338,-0.7503190481504939,0.23595875828016377,,0,0,0,0
2009-04-21,16.4,22.1,0.6,5.4,5.0,,,ESE,S,33,15,59,64,1022.8,1021.3,5,7,20.5,20.1,No,Yes,0,1,0,2009,4,Apr,2009-04-01,Q2,111,Automne,19.25,5.700000000000003,24.0,61.5,1022.05,Sec (≤1 mm),,-1.3916981132075463,1.040754716981132,-0.49922003420151856,0.4541341628309069,,0,0,0,0
2009-04-22,16.0,22.7,6.8,3.4,7.7,,,SW,S,9,17,85,65,1024.3,1022.5,7,7,17.2,20.1,Yes,Yes,1,1,0,2009,4,Apr,2009-04-01,Q2,112,Automne,19.35,6.699999999999999,13.0,75.0,1023.4,Faible (1-10),,-0.7916981132075485,0.6407547169811334,-0.2839923079595413,0.2795938391903124,,0,0,0,0
2009-04-23,14.7,21.6,2.0,4.2,6.3,,,WNW,ENE,15,7,87,60,1021.8,1018.2,3,5,16.9,20.0,Yes,No,1,0,0,2009,4,Apr,2009-04-01,Q2,113,Automne,18.15,6.900000000000002,11.0,73.5,1020.0,Faible (1-10),,-1.8916981132075463,-0.6592452830188673,-0.6785764727365002,-0.28766221264162206,,0,0,0,0
2009-04-24,13.1,24.7,0.0,2.0,9.0,,,NNW,E,9,11,75,63,1012.7,1006.6,6,7,17.4,22.6,No,No,0,0,0,2009,4,Apr,2009-04-01,Q2,114,Automne,18.9,11.6,10.0,69.0,1009.6500000000001,Sec (≤1 mm),,1.2083018867924515,-2.259245283018867,0.4334334461803855,-0.9858235072040025,,0,0,0,0
2009-04-25,16.3,23.9,0.4,5.4,10.3,,,NW,W,11,22,52,40,1004.4,1002.4,1,3,19.3,22.2,No,No,0,0,0,2009,4,Apr,2009-04-01,Q2,115,Automne,20.1,7.599999999999998,16.5,46.0,1003.4,Sec (≤1 mm),,0.40830188679245083,0.9407547169811341,0.14646314452441453,0.41049908192075907,,0,0,0,0
2009-04-26,16.7,20.2,0.0,6.8,9.2,,,WNW,WNW,20,28,47,29,1003.1,1003.1,2,2,17.7,19.5,No,No,0,0,0,2009,4,Apr,2009-04-01,Q2,116,Automne,18.45,3.5,24.0,38.0,1003.1,Sec (≤1 mm),,-3.2916981132075485,1.3407547169811327,-1.1807745006344497,0.5850394055613536,,0,0,0,0
2009-04-27,11.2,18.7,0.0,7.2,9.9,,,W,WNW,28,24,43,26,1013.0,1012.7,1,2,14.1,17.9,No,No,0,0,0,2009,4,Apr,2009-04-01,Q2,117,Automne,14.95,7.5,26.0,34.5,1012.85,Sec (≤1 mm),,-4.7916981132075485,-4.159245283018867,-1.7188438162393949,-1.8148900444968294,,0,0,0,0
2009-04-28,11.8,21.9,0.0,4.0,10.5,,,W,W,19,26,54,30,1015.5,1014.9,1,2,16.1,20.5,No,No,0,0,0,2009,4,Apr,2009-04-01,Q2,118,Automne,16.85,10.099999999999998,22.5,42.0,1015.2,Sec (≤1 mm),,-1.5916981132075492,-3.559245283018866,-0.5709626096155123,-1.553079559035936,,0,0,0,0
2009-04-29,10.2,17.6,0.0,4.6,2.4,,,WNW,S,20,22,59,63,1022.3,1019.5,7,7,12.6,16.6,No,Yes,0,1,0,2009,4,Apr,2009-04-01,Q2,119,Automne,13.9,7.400000000000002,21.0,61.0,1020.9,Sec (≤1 mm),,-5.891698113207546,-5.159245283018867,-2.1134279810163537,-2.251240853598317,,0,0,0,0
2009-04-30,11.0,17.4,6.2,2.4,2.7,,,W,WSW,17,4,92,88,1020.5,1020.4,7,7,12.8,14.1,Yes,Yes,1,1,0,2009,4,Apr,2009-04-01,Q2,120,Automne,14.2,6.399999999999999,10.5,90.0,1020.45,Faible (1-10),,-6.091698113207549,-4.359245283018867,-2.1851705564303474,-1.9021602063171268,,0,0,0,0
2009-05-01,10.2,22.5,5.6,3.0,10.3,,,W,E,17,11,76,53,1024.6,1020.9,3,5,13.0,20.7,Yes,No,1,0,0,2009,5,May,2009-05-01,Q2,121,Automne,16.35,12.3,14.0,64.5,1022.75,Faible (1-10),,1.3464516129032233,-1.910645161290324,0.5246395077971591,-0.9137606008679088,,0,0,0,0
2009-05-02,10.9,22.0,0.0,2.2,9.4,,,W,S,22,22,61,56,1025.1,1022.7,1,2,14.0,20.8,No,Yes,0,1,0,2009,5,May,2009-05-01,Q2,122,Automne,16.45,11.1,22.0,58.5,1023.9,Sec (≤1 mm),,0.8464516129032233,-1.2106451612903228,0.3298164993914096,-0.5789875966667668,,0,0,0,0
2009-05-03,11.4,20.5,13.0,3.6,7.0,,,W,SE,7,6,85,61,1027.8,1025.5,4,2,12.8,20.4,Yes,No,1,0,0,2009,5,May,2009-05-01,Q2,123,Automne,15.95,9.1,6.5,73.0,1026.65,Modérée (10-30),,-0.6535483870967767,-0.7106451612903228,-0.2546525258258386,-0.3398640222373801,,0,0,0,0
2009-05-04,12.1,23.3,0.0,3.2,10.0,,,W,E,19,15,84,53,1028.5,1025.5,1,1,14.5,21.6,No,Yes,0,1,0,2009,5,May,2009-05-01,Q2,124,Automne,17.7,11.200000000000001,17.0,68.5,1027.0,Sec (≤1 mm),,2.146451612903224,-0.010645161290323557,0.8363563212463584,-0.005091018036239023,,0,0,0,0
2009-05-05,14.0,21.0,1.2,1.8,4.2,,,W,S,13,19,86,61,1030.7,1028.3,7,5,14.7,20.5,Yes,No,1,0,0,2009,5,May,2009-05-01,Q2,125,Automne,17.5,7.0,16.0,73.5,1029.5,Faible (1-10),,-0.15354838709677665,1.8893548387096768,-0.05982951742008916,0.9035785647954307,,0,0,0,0
2009-05-06,12.9,22.9,0.8,3.2,9.7,,,W,ENE,11,17,92,61,1028.3,1023.7,2,1,14.1,20.7,No,No,0,0,0,2009,5,May,2009-05-01,Q2,126,Automne,17.9,9.999999999999998,14.0,76.5,1026.0,Sec (≤1 mm),,1.746451612903222,0.7893548387096772,0.680497914521758,0.3775067010507801,,0,0,0,0
2009-05-07,12.0,22.7,0.0,4.0,10.2,,,W,SSE,20,17,67,44,1024.3,1021.7,1,1,15.0,21.6,No,No,0,0,0,2009,5,May,2009-05-01,Q2,127,Automne,17.35,10.7,18.5,55.5,1023.0,Sec (≤1 mm),,1.5464516129032226,-0.1106451612903232,0.6025687111594585,-0.052915732922116196,,0,0,0,0
2009-05-08,12.3,20.9,0.0,2.6,9.5,,,W,S,20,24,71,61,1027.5,1025.0,1,2,14.9,19.6,No,No,0,0,0,2009,5,May,2009-05-01,Q2,128,Automne,16.6,8.599999999999998,22.0,66.0,1026.25,Sec (≤1 mm),,-0.25354838709677807,0.1893548387096775,-0.09879411910123959,0.09055841173551618,,0,0,0,0
2009-05-09,11.1,22.8,0.0,4.4,9.8,,,W,E,19,9,74,46,1024.2,1020.4,1,1,13.4,21.0,No,No,0,0,0,2009,5,May,2009-05-01,Q2,129,Automne,16.95,11.700000000000001,14.0,60.0,1022.3,Sec (≤1 mm),,1.646451612903224,-1.0106451612903236,0.641533312840609,-0.48333816689501247,,0,0,0,0
2009-05-10,13.0,20.1,0.8,3.4,3.4,,,SSW,SSE,11,17,86,46,1024.6,1023.6,7,5,13.9,19.6,No,Yes,0,1,0,2009,5,May,2009-05-01,Q2,130,Automne,16.55,7.100000000000001,14.0,66.0,1024.1,Sec (≤1 mm),,-1.0535483870967752,0.8893548387096768,-0.4105109325504375,0.42533141593665724,,0,0,0,0
2009-05-11,11.8,18.9,1.4,3.4,6.4,,,W,SW,15,2,74,55,1025.2,1022.4,6,5,14.3,17.4,Yes,No,1,0,0,2009,5,May,2009-05-01,Q2,131,Automne,15.35,7.099999999999998,8.5,64.5,1023.8,Faible (1-10),,-2.253548387096778,-0.3106451612903225,-0.8780861527242372,-0.14856516269387054,,0,0,0,0
2009-05-12,9.6,20.1,0.0,2.6,5.5,,,W,S,19,11,78,51,1021.6,1018.1,1,6,12.0,18.5,No,No,0,0,0,2009,5,May,2009-05-01,Q2,132,Automne,14.850000000000001,10.500000000000002,15.0,64.5,1019.85,Sec (≤1 mm),,-1.0535483870967752,-2.5106451612903236,-0.4105109325504375,-1.2007088901831726,,0,0,0,0
2009-05-13,10.4,21.3,0.0,1.6,9.7,,,W,WNW,22,11,80,39,1016.8,1012.8,1,1,12.4,20.9,No,No,0,0,0,2009,5,May,2009-05-01,Q2,133,Automne,15.850000000000001,10.9,16.5,59.5,1014.8,Sec (≤1 mm),,0.14645161290322406,-1.7106451612903228,0.05706428762336076,-0.8181111710961536,,0,0,0,0
2009-05-14,11.1,21.5,0.0,2.6,10.1,,,NW,W,17,35,50,31,1012.6,1010.6,1,1,15.2,20.5,No,No,0,0,0,2009,5,May,2009-05-01,Q2,134,Automne,16.3,10.4,26.0,40.5,1011.6,Sec (≤1 mm),,0.34645161290322335,-1.0106451612903236,0.13499349098566024,-0.48333816689501247,,0,0,0,0
2009-05-15,12.4,21.7,0.0,6.2,8.7,,,W,W,15,30,58,34,1012.8,1009.7,1,2,14.2,21.4,No,No,0,0,0,2009,5,May,2009-05-01,Q2,135,Automne,17.05,9.299999999999999,22.5,46.0,1011.25,Sec (≤1 mm),,0.5464516129032226,0.28935483870967715,0.2129226943479597,0.13838312662139335,,0,0,0,0
2009-05-16,14.2,21.7,0.0,5.0,7.8,,,W,WSW,24,30,49,38,1008.2,1008.1,7,7,18.7,21.7,No,No,0,0,0,2009,5,May,2009-05-01,Q2,136,Automne,17.95,7.5,27.0,43.5,1008.1500000000001,Sec (≤1 mm),,0.5464516129032226,2.089354838709676,0.2129226943479597,0.999227994567185,,0,0,0,0
2009-05-17,11.4,20.7,0.0,4.8,9.7,,,W,SE,15,15,64,40,1018.7,1017.7,1,1,13.0,19.6,No,No,0,0,0,2009,5,May,2009-05-01,Q2,137,Automne,16.05,9.299999999999999,15.0,52.0,1018.2,Sec (≤1 mm),,-0.45354838709677736,-0.7106451612903228,-0.17672332246353908,-0.3398640222373801,,0,0,0,0
2009-05-18,10.5,20.9,0.0,2.6,5.2,,,W,ESE,19,17,74,52,1025.7,1023.3,3,5,13.2,19.7,No,Yes,0,1,0,2009,5,May,2009-05-01,Q2,138,Automne,15.7,10.399999999999999,18.0,63.0,1024.5,Sec (≤1 mm),,-0.25354838709677807,-1.6106451612903232,-0.09879411910123959,-0.7702864562102764,,0,0,0,0
2009-05-19,13.0,21.4,2.6,2.4,4.4,,,W,E,15,20,91,53,1024.5,1021.4,6,6,14.5,20.0,Yes,Yes,1,1,0,2009,5,May,2009-05-01,Q2,139,Automne,17.2,8.399999999999999,17.5,72.0,1022.95,Faible (1-10),,0.24645161290322193,0.8893548387096768,0.0960288893045098,0.42533141593665724,,0,0,0,0
2009-05-20,14.5,21.2,20.2,4.4,3.0,,,E,ESE,33,31,68,62,1022.1,1020.1,7,7,19.2,20.4,Yes,Yes,1,1,0,2009,5,May,2009-05-01,Q2,140,Automne,17.85,6.699999999999999,32.0,65.0,1021.1,Modérée (10-30),,0.04645161290322264,2.389354838709677,0.01809968594221032,1.1427021392248173,,0,0,0,0
2009-05-21,14.8,19.7,27.2,1.8,0.2,,,W,E,15,19,53,62,1023.9,1022.0,7,7,19.2,18.7,Yes,Yes,1,1,0,2009,5,May,2009-05-01,Q2,141,Automne,17.25,4.899999999999999,17.0,57.5,1022.95,Modérée (10-30),,-1.4535483870967774,2.6893548387096775,-0.5663693392750379,1.2861762838824498,,0,0,0,0
2009-05-22,15.6,19.6,4.6,6.6,0.0,,,W,E,15,19,59,85,1023.6,1020.8,8,8,19.1,17.5,Yes,Yes,1,1,0,2009,5,May,2009-05-01,Q2,142,Automne,17.6,4.000000000000002,17.0,72.0,1022.2,Faible (1-10),,-1.5535483870967752,3.4893548387096764,-0.6053339409561869,1.668774002969468,,0,0,0,0
2009-05-23,15.4,20.8,17.6,5.0,6.0,,,W,E,15,19,66,80,1023.6,1023.3,5,8,19.6,18.1,Yes,Yes,1,1,0,2009,5,May,2009-05-01,Q2,143,Automne,18.1,5.4,17.0,73.0,1023.45,Modérée (10-30),,-0.35354838709677594,3.289354838709677,-0.13775872078238866,1.5731245731977137,,0,0,0,0
2009-05-24,17.4,21.3,1.6,4.4,7.4,,,W,E,15,19,52,48,1026.8,1025.4,5,5,19.7,20.7,Yes,No,1,0,0,2009,5,May,2009-05-01,Q2,144,Automne,19.35,3.900000000000002,17.0,50.0,1026.1,Faible (1-10),,0.14645161290322406,5.289354838709675,0.05706428762336076,2.5296188709152596,,0,0,0,0
2009-05-25,13.6,20.3,0.0,3.6,2.2,,,W,E,15,19,82,61,1025.8,1023.2,7,7,15.4,19.4,No,No,0,0,0,2009,5,May,2009-05-01,Q2,145,Automne,16.95,6.700000000000001,17.0,71.5,1024.5,Sec (≤1 mm),,-0.8535483870967759,1.4893548387096764,-0.33258172918813805,0.7122797052519212,,0,0,0,0
2009-05-26,12.8,23.4,0.0,0.6,8.4,,,W,E,15,11,89,57,1022.3,1018.9,1,1,13.9,21.6,No,No,0,0,0,2009,5,May,2009-05-01,Q2,146,Automne,18.1,10.599999999999998,13.0,73.0,1020.5999999999999,Sec (≤1 mm),,2.246451612903222,0.6893548387096775,0.8753209229275074,0.3296819861649029,,0,0,0,0
2009-05-27,13.9,16.9,0.0,3.0,0.1,,,W,W,15,6,88,86,1020.4,1018.4,7,8,15.3,16.3,No,Yes,0,1,0,2009,5,May,2009-05-01,Q2,147,Automne,15.399999999999999,2.9999999999999982,10.5,87.0,1019.4,Sec (≤1 mm),,-4.253548387096778,1.7893548387096772,-1.6573781863472348,0.8557538499095535,,0,0,0,0
2009-05-28,12.0,19.2,3.6,0.4,7.7,,,W,S,17,22,92,72,1021.4,1020.2,3,5,13.5,17.1,Yes,No,1,0,0,2009,5,May,2009-05-01,Q2,148,Automne,15.6,7.199999999999999,19.5,82.0,1020.8,Faible (1-10),,-1.9535483870967774,-0.1106451612903232,-0.7611923476807873,-0.052915732922116196,,0,0,0,0
2009-05-29,11.4,17.5,0.0,2.4,6.1,,,W,S,20,26,65,65,1023.3,1022.3,3,7,12.4,16.6,No,Yes,0,1,0,2009,5,May,2009-05-01,Q2,149,Automne,14.45,6.1,23.0,65.0,1022.8,Sec (≤1 mm),,-3.6535483870967767,-0.7106451612903228,-1.423590576260335,-0.3398640222373801,,0,0,0,0
2009-05-30,9.9,16.5,15.0,4.6,4.0,,,W,SSW,19,13,82,78,1028.2,1027.1,8,6,11.7,15.9,Yes,Yes,1,1,0,2009,5,May,2009-05-01,Q2,150,Automne,13.2,6.6,16.0,80.0,1027.65,Modérée (10-30),,-4.653548387096777,-2.210645161290323,-1.8132365930718337,-1.0572347455255402,,0,0,0,0
2009-05-31,11.6,18.8,10.6,1.2,2.8,,,E,E,24,24,86,67,1033.3,1031.9,6,7,14.5,16.8,Yes,No,1,0,0,2009,5,May,2009-05-01,Q2,151,Automne,15.2,7.200000000000001,24.0,76.5,1032.6,Modérée (10-30),,-2.353548387096776,-0.5106451612903236,-0.9170507544053862,-0.24421459246562574,,0,0,0,0
2009-06-01,13.1,16.8,0.6,3.0,0.0,,,W,E,17,2,83,67,1032.9,1030.4,7,8,13.3,16.1,No,No,0,0,0,2009,6,Jun,2009-06-01,Q2,152,Hiver,14.95,3.700000000000001,9.5,75.0,1031.65,Sec (≤1 mm),,-1.5762068965517244,2.5617241379310336,-0.7760768686277089,1.1335412977836923,,0,0,0,0
2009-06-02,12.5,19.1,0.0,1.2,3.4,,,WNW,ENE,13,15,91,68,1030.1,1027.1,7,7,13.7,18.5,No,Yes,0,1,0,2009,6,Jun,2009-06-01,Q2,153,Hiver,15.8,6.600000000000001,14.0,79.5,1028.6,Sec (≤1 mm),,0.7237931034482763,1.961724137931034,0.35637395476910116,0.868046364664346,,0,0,0,0
2009-06-03,13.7,18.5,8.0,2.8,0.1,,,SE,E,6,19,89,87,1025.9,1022.3,8,7,16.0,17.6,Yes,Yes,1,1,0,2009,6,Jun,2009-06-01,Q2,154,Hiver,16.1,4.800000000000001,12.5,88.0,1024.1,Faible (1-10),,0.12379310344827488,3.1617241379310332,0.06095200083949796,1.3990362309030386,,0,0,0,0
2009-06-04,13.1,17.0,10.4,0.0,0.6,,,W,ENE,15,2,97,86,1020.7,1016.8,7,7,13.4,16.8,Yes,No,1,0,0,2009,6,Jun,2009-06-01,Q2,155,Hiver,15.05,3.9000000000000004,8.5,91.5,1018.75,Modérée (10-30),,-1.3762068965517251,2.5617241379310336,-0.6776028839845083,1.1335412977836923,,0,0,0,0
2009-06-05,13.1,18.5,0.6,1.0,3.5,,,W,W,17,15,93,55,1014.7,1012.4,4,6,14.5,18.4,No,No,0,0,0,2009,6,Jun,2009-06-01,Q2,156,Hiver,15.8,5.4,16.0,74.0,1013.55,Sec (≤1 mm),,0.12379310344827488,2.5617241379310336,0.06095200083949796,1.1335412977836923,,0,0,0,0
2009-06-06,9.3,19.0,0.0,2.2,9.8,,,W,WNW,17,7,71,45,1014.1,1010.1,1,1,11.6,18.7,No,No,0,0,0,2009,6,Jun,2009-06-01,Q2,157,Hiver,14.15,9.7,12.0,58.0,1012.1,Sec (≤1 mm),,0.6237931034482749,-1.2382758620689653,0.30713696244750005,-0.5479266119721685,,0,0,0,0
2009-06-07,10.7,19.8,0.2,3.8,6.6,,,NW,WNW,13,19,80,42,1008.2,1004.8,6,3,12.6,18.7,No,No,0,0,0,2009,6,Jun,2009-06-01,Q2,158,Hiver,15.25,9.100000000000001,16.0,61.0,1006.5,Sec (≤1 mm),,1.4237931034482756,0.16172413793103324,0.7010329010203038,0.07156156530630607,,0,0,0,0
2009-06-08,11.4,19.2,0.0,3.2,9.0,,,NNW,W,13,22,63,34,1009.8,1007.3,2,2,13.8,18.6,No,No,0,0,0,2009,6,Jun,2009-06-01,Q2,159,Hiver,15.3,7.799999999999999,17.5,48.5,1008.55,Sec (≤1 mm),,0.8237931034482742,0.8617241379310343,0.40561094709070056,0.38130565394554417,,0,0,0,0
2009-06-09,10.0,16.2,0.0,2.6,6.0,,,W,WNW,17,22,62,44,1011.5,1008.3,3,7,11.7,15.0,No,No,0,0,0,2009,6,Jun,2009-06-01,Q2,160,Hiver,13.1,6.199999999999999,19.5,53.0,1009.9,Sec (≤1 mm),,-2.176206896551726,-0.538275862068966,-1.071498822557312,-0.23818252333293125,,0,0,0,0
2009-06-10,9.7,14.2,0.0,4.4,9.6,,,W,WSW,35,31,37,32,1012.2,1012.5,1,1,10.5,13.6,No,No,0,0,0,2009,6,Jun,2009-06-01,Q2,161,Hiver,11.95,4.5,33.0,34.5,1012.35,Sec (≤1 mm),,-4.176206896551726,-0.8382758620689668,-2.0562386689893204,-0.37092998989260484,,0,0,0,0
2009-06-11,6.1,15.8,0.0,4.0,9.8,,,W,W,26,22,48,28,1020.9,1018.2,1,1,7.9,15.4,No,No,0,0,0,2009,6,Jun,2009-06-01,Q2,162,Hiver,10.95,9.700000000000001,24.0,38.0,1019.55,Sec (≤1 mm),,-2.5762068965517244,-4.438275862068966,-1.268446791843713,-1.9638995886086839,,0,0,0,0
2009-06-12,6.2,17.1,0.0,3.0,9.4,,,W,W,22,4,67,41,1024.3,1020.2,1,7,8.2,17.1,No,No,0,0,0,2009,6,Jun,2009-06-01,Q2,163,Hiver,11.65,10.900000000000002,13.0,54.0,1022.25,Sec (≤1 mm),,-1.2762068965517237,-4.338275862068966,-0.6283658916629072,-1.9196504330887925,,0,0,0,0
2009-06-13,7.8,18.5,0.0,2.6,4.6,,,W,WNW,9,7,70,40,1017.7,1014.0,7,7,9.4,16.8,No,No,0,0,0,2009,6,Jun,2009-06-01,Q2,164,Hiver,13.15,10.7,8.0,55.0,1015.85,Sec (≤1 mm),,0.12379310344827488,-2.7382758620689662,0.06095200083949796,-1.2116639447705353,,0,0,0,0
2009-06-14,9.4,15.6,0.0,3.4,0.3,,,W,NNE,6,2,74,61,1014.5,1011.9,7,7,11.0,14.4,No,Yes,0,1,0,2009,6,Jun,2009-06-01,Q2,165,Hiver,12.5,6.199999999999999,4.0,67.5,1013.2,Sec (≤1 mm),,-2.7762068965517255,-1.1382758620689657,-1.3669207764869145,-0.5036774564522776,,0,0,0,0
2009-06-15,8.2,19.8,1.2,0.8,8.6,,,W,SSW,15,7,79,40,1013.1,1010.6,1,3,10.2,18.4,Yes,No,1,0,0,2009,6,Jun,2009-06-01,Q2,166,Hiver,14.0,11.600000000000001,11.0,59.5,1011.85,Faible (1-10),,1.4237931034482756,-2.3382758620689668,0.7010329010203038,-1.034667322690971,,0,0,0,0
2009-06-16,9.2,16.3,0.6,3.0,0.5,,,SW,S,17,19,81,88,1017.9,1020.1,6,7,13.1,13.6,No,Yes,0,1,0,2009,6,Jun,2009-06-01,Q2,167,Hiver,12.75,7.100000000000001,18.0,84.5,1019.0,Sec (≤1 mm),,-2.0762068965517244,-1.3382758620689668,-1.022261830235711,-0.5921757674920602,,0,0,0,0
2009-06-17,10.5,15.6,29.8,0.8,3.3,,,W,WSW,19,6,92,87,1027.6,1026.5,7,6,11.2,14.2,Yes,Yes,1,1,0,2009,6,Jun,2009-06-01,Q2,168,Hiver,13.05,5.1,12.5,89.5,1027.05,Modérée (10-30),,-2.7762068965517255,-0.03827586206896605,-1.3669207764869145,-0.01693674573347579,,0,0,0,0
2009-06-18,10.1,15.4,7.8,1.0,3.3,,,W,E,11,9,95,85,1030.0,1028.1,7,7,10.7,14.2,Yes,Yes,1,1,0,2009,6,Jun,2009-06-01,Q2,169,Hiver,12.75,5.300000000000001,10.0,90.0,1029.05,Faible (1-10),,-2.9762068965517248,-0.4382758620689664,-1.4653947611301148,-0.1939333678130403,,0,0,0,0
2009-06-19,9.2,18.0,23.6,1.4,7.2,,,ENE,E,11,19,95,46,1030.2,1028.0,6,5,10.9,17.8,Yes,No,1,0,0,2009,6,Jun,2009-06-01,Q2,170,Hiver,13.6,8.8,15.0,70.5,1029.1,Modérée (10-30),,-0.3762068965517251,-1.3382758620689668,-0.18523296076850412,-0.5921757674920602,,0,0,0,0
2009-06-20,10.9,16.0,0.2,3.8,0.6,,,W,NNE,15,11,95,87,1028.0,1024.6,6,8,11.7,15.5,No,Yes,0,1,0,2009,6,Jun,2009-06-01,Q2,171,Hiver,13.45,5.1,13.0,91.0,1026.3,Sec (≤1 mm),,-2.376206896551725,0.3617241379310343,-1.1699728072005124,0.16005987634608873,,0,0,0,0
2009-06-21,11.7,19.1,31.8,0.6,1.9,,,W,NE,4,11,93,82,1023.9,1020.7,7,7,14.1,17.8,Yes,Yes,1,1,0,2009,6,Jun,2009-06-01,Q2,172,Hiver,15.4,7.400000000000002,7.5,87.5,1022.3,Forte (>30),,0.7237931034482763,1.1617241379310332,0.35637395476910116,0.514053120505217,,0,0,0,0
2009-06-22,14.1,21.0,12.2,1.8,6.7,,,WNW,NE,9,4,96,59,1020.3,1017.7,7,2,15.1,20.6,Yes,No,1,0,0,2009,6,Jun,2009-06-01,Q2,173,Hiver,17.55,6.9,6.5,77.5,1019.0,Modérée (10-30),,2.623793103448275,3.5617241379310336,1.2918768088795085,1.5760328529826033,,0,0,0,0
2009-06-23,10.1,19.6,0.0,1.6,9.5,,,W,E,13,11,91,58,1019.9,1016.7,1,1,11.2,18.8,No,No,0,0,0,2009,6,Jun,2009-06-01,Q2,174,Hiver,14.850000000000001,9.500000000000002,12.0,74.5,1018.3,Sec (≤1 mm),,1.2237931034482763,-0.4382758620689664,0.6025589163771032,-0.1939333678130403,,0,0,0,0
2009-06-24,9.1,18.9,0.0,1.4,6.3,,,NNW,E,7,7,86,49,1015.2,1010.7,7,1,10.7,18.6,No,No,0,0,0,2009,6,Jun,2009-06-01,Q2,175,Hiver,14.0,9.799999999999999,7.0,67.5,1012.95,Sec (≤1 mm),,0.5237931034482735,-1.4382758620689664,0.25789997012589894,-0.6364249230119512,,0,0,0,0
2009-06-25,8.7,16.9,0.0,2.2,6.5,,,WNW,WNW,13,13,69,50,1014.6,1012.2,6,7,11.9,15.8,No,No,0,0,0,2009,6,Jun,2009-06-01,Q2,176,Hiver,12.799999999999999,8.2,13.0,59.5,1013.4000000000001,Sec (≤1 mm),,-1.4762068965517265,-1.8382758620689668,-0.7268398763061095,-0.8134215450915157,,0,0,0,0
2009-06-26,8.7,18.6,0.0,1.8,8.8,,,W,ENE,15,11,76,51,1012.7,1009.2,3,7,10.7,16.6,No,No,0,0,0,2009,6,Jun,2009-06-01,Q2,177,Hiver,13.65,9.900000000000002,13.0,63.5,1010.95,Sec (≤1 mm),,0.2237931034482763,-1.8382758620689668,0.11018899316109909,-0.8134215450915157,,0,0,0,0
2009-06-27,9.4,15.8,0.0,2.2,0.2,,,WNW,N,7,9,84,79,1008.1,1005.4,7,7,10.4,15.1,No,No,0,0,0,2009,6,Jun,2009-06-01,Q2,178,Hiver,12.600000000000001,6.4,8.0,81.5,1006.75,Sec (≤1 mm),,-2.5762068965517244,-1.1382758620689657,-1.268446791843713,-0.5036774564522776,,0,0,0,0
2009-06-28,10.4,18.7,0.0,2.2,5.3,,,W,WNW,11,7,86,54,1006.3,1004.5,4,6,12.4,17.5,No,Yes,0,1,0,2009,6,Jun,2009-06-01,Q2,179,Hiver,14.55,8.299999999999999,9.0,70.0,1005.4,Sec (≤1 mm),,0.32379310344827417,-0.1382758620689657,0.15942598548269846,-0.061185901253366724,,0,0,0,0
2009-06-29,9.6,20.7,2.8,2.0,9.8,,,W,W,17,7,67,47,1012.3,1010.3,1,1,12.3,20.4,Yes,No,1,0,0,2009,6,Jun,2009-06-01,Q2,180,Hiver,15.149999999999999,11.1,12.0,57.0,1011.3,Faible (1-10),,2.323793103448274,-0.9382758620689664,1.1441658319147068,-0.41517914541249573,,0,0,0,0
2009-06-30,12.3,19.9,0.0,1.4,2.2,,,NNW,NNW,28,24,66,54,1013.2,1008.2,7,3,15.6,19.1,No,No,0,0,0,2009,6,Jun,2009-06-01,Q2,181,Hiver,16.1,7.599999999999998,26.0,60.0,1010.7,Sec (≤1 mm),,1.5237931034482735,1.7617241379310347,0.7502698933419032,0.7795480536245641,,0,0,0,0
2009-07-01,15.7,21.2,0.0,4.0,8.6,,,W,W,7,28,61,27,1005.8,1004.1,1,1,16.5,20.5,No,No,0,0,0,2009,7,Jul,2009-07-01,Q3,182,Hiver,18.45,5.5,17.5,44.0,1004.95,Sec (≤1 mm),,3.193478260869565,6.706884057971013,1.3481135820140833,3.2688949262992146,Nuit chaude extrême,0,0,0,0
2009-07-02,11.0,18.9,0.0,4.8,8.4,,,NNW,W,13,33,55,32,1007.9,1006.4,1,1,13.0,17.8,No,No,0,0,0,2009,7,Jul,2009-07-01,Q3,183,Hiver,14.95,7.899999999999999,23.0,43.5,1007.15,Sec (≤1 mm),,0.8934782608695642,2.006884057971014,0.3771781362884871,0.9781432119697125,,0,0,0,0
2009-07-03,11.1,16.2,0.0,5.6,9.4,,,W,W,44,37,50,41,1003.5,1004.0,1,4,12.3,14.5,No,No,0,0,0,2009,7,Jul,2009-07-01,Q3,184,Hiver,13.649999999999999,5.1,40.5,45.5,1003.75,Sec (≤1 mm),,-1.8065217391304351,2.1068840579710137,-0.7626156478241685,1.026882610146936,,0,0,0,0
2009-07-04,8.5,17.1,0.0,3.8,9.8,,,W,W,15,30,59,34,1012.5,1011.1,1,1,10.1,16.7,No,No,0,0,0,2009,7,Jul,2009-07-01,Q3,185,Hiver,12.8,8.600000000000001,22.5,46.5,1011.8,Sec (≤1 mm),,-0.906521739130433,-0.4931159420289859,-0.3826843864532823,-0.24034174246087384,,0,0,0,0
2009-07-05,10.1,18.1,0.0,3.0,9.8,,,W,S,20,11,54,32,1016.4,1016.4,2,1,11.8,17.2,No,No,0,0,0,2009,7,Jul,2009-07-01,Q3,186,Hiver,14.100000000000001,8.000000000000002,15.5,43.0,1016.4,Sec (≤1 mm),,0.09347826086956701,1.1068840579710137,0.03946145951436807,0.5394886283747014,,0,0,0,0
2009-07-06,6.2,15.7,0.0,3.0,6.5,,,W,WSW,19,7,74,48,1020.8,1017.8,6,6,7.5,14.8,No,No,0,0,0,2009,7,Jul,2009-07-01,Q3,187,Hiver,10.95,9.5,13.0,61.0,1019.3,Sec (≤1 mm),,-2.306521739130435,-2.7931159420289857,-0.9736885708079936,-1.3613479005370133,,0,0,0,0
2009-07-07,7.5,15.1,0.6,2.6,3.9,,,W,SSW,19,19,81,60,1025.0,1024.1,6,7,9.0,14.7,No,Yes,0,1,0,2009,7,Jul,2009-07-01,Q3,188,Hiver,11.3,7.6,19.0,70.5,1024.55,Sec (≤1 mm),,-2.9065217391304348,-1.493115942028986,-1.2269760783885837,-0.7277357242331084,,0,0,0,0
2009-07-08,8.6,16.8,13.8,2.6,3.2,,,WNW,ESE,15,4,96,61,1029.6,1028.2,7,6,10.5,15.4,Yes,Yes,1,1,0,2009,7,Jul,2009-07-01,Q3,189,Hiver,12.7,8.200000000000001,9.5,78.5,1028.9,Modérée (10-30),,-1.2065217391304337,-0.39311594202898625,-0.5093281402435776,-0.19160234428365056,,0,0,0,0
2009-07-09,9.1,17.6,6.2,0.4,4.4,,,WNW,ESE,13,30,96,63,1030.9,1028.5,7,5,10.3,16.2,Yes,Yes,1,1,0,2009,7,Jul,2009-07-01,Q3,190,Hiver,13.350000000000001,8.500000000000002,21.5,79.5,1029.7,Faible (1-10),,-0.406521739130433,0.10688405797101375,-0.1716114634694571,0.05209464660246674,,0,0,0,0
2009-07-10,9.5,18.6,8.8,1.8,8.4,,,W,SSE,13,20,97,65,1028.1,1024.7,5,6,10.8,16.8,Yes,No,1,0,0,2009,7,Jul,2009-07-01,Q3,191,Hiver,14.05,9.100000000000001,16.5,81.0,1026.4,Faible (1-10),,0.593478260869567,0.5068840579710141,0.25053438249819326,0.24705223931136075,,0,0,0,0
2009-07-11,9.1,16.4,0.0,2.0,3.6,,,W,ENE,13,13,94,58,1022.6,1018.6,7,7,10.3,15.8,No,No,0,0,0,2009,7,Jul,2009-07-01,Q3,192,Hiver,12.75,7.299999999999999,13.0,76.0,1020.6,Sec (≤1 mm),,-1.6065217391304358,0.10688405797101375,-0.6781864786306387,0.05209464660246674,,0,0,0,0
2009-07-12,10.3,16.8,0.0,1.4,2.3,,,W,N,9,26,80,56,1014.6,1009.4,7,6,11.8,16.7,No,No,0,0,0,2009,7,Jul,2009-07-01,Q3,193,Hiver,13.55,6.5,17.5,68.0,1012.0,Sec (≤1 mm),,-1.2065217391304337,1.3068840579710148,-0.5093281402435776,0.6369674247291487,,0,0,0,0
2009-07-13,11.6,17.4,0.2,2.4,2.8,,,W,N,9,7,67,53,1007.5,1005.9,6,6,14.5,16.8,No,No,0,0,0,2009,7,Jul,2009-07-01,Q3,194,Hiver,14.5,5.799999999999999,8.0,60.0,1006.7,Sec (≤1 mm),,-0.6065217391304358,2.6068840579710137,-0.2560406326629884,1.2705796010330532,,0,0,0,0
2009-07-14,10.2,17.2,0.0,3.2,9.7,,,W,WNW,15,28,68,34,1007.4,1004.4,1,1,12.1,16.8,No,No,0,0,0,2009,7,Jul,2009-07-01,Q3,195,Hiver,13.7,7.0,21.5,51.0,1005.9,Sec (≤1 mm),,-0.8065217391304351,1.2068840579710134,-0.34046980185651815,0.5882280265519246,,0,0,0,0
2009-07-15,6.7,17.3,0.0,2.6,6.9,,,W,NW,17,7,79,42,1010.1,1008.2,3,4,8.9,17.0,No,No,0,0,0,2009,7,Jul,2009-07-01,Q3,196,Hiver,12.0,10.600000000000001,12.0,60.5,1009.1500000000001,Sec (≤1 mm),,-0.7065217391304337,-2.2931159420289857,-0.2982552172597525,-1.117650909650896,,0,0,0,0
2009-07-16,8.1,16.5,0.0,2.0,2.5,,,W,SW,24,22,78,47,1012.3,1010.3,6,7,9.2,14.5,No,Yes,0,1,0,2009,7,Jul,2009-07-01,Q3,197,Hiver,12.3,8.4,23.0,62.5,1011.3,Sec (≤1 mm),,-1.5065217391304344,-0.8931159420289863,-0.6359718940338731,-0.4352993351697678,,0,0,0,0
2009-07-17,9.2,15.8,7.0,3.2,4.5,,,W,SSW,20,22,80,59,1019.2,1019.2,3,6,10.7,15.1,Yes,No,1,0,0,2009,7,Jul,2009-07-01,Q3,198,Hiver,12.5,6.600000000000001,21.0,69.5,1019.2,Faible (1-10),,-2.2065217391304337,0.2068840579710134,-0.931473986211228,0.10083404477969002,,0,0,0,0
2009-07-18,8.0,18.6,0.0,3.0,9.8,,,W,WNW,15,6,84,42,1022.5,1018.4,1,1,9.0,18.4,No,No,0,0,0,2009,7,Jul,2009-07-01,Q3,199,Hiver,13.3,10.600000000000001,10.5,63.0,1020.45,Sec (≤1 mm),,0.593478260869567,-0.9931159420289859,0.25053438249819326,-0.4840387333469911,,0,0,0,0
2009-07-19,8.0,19.9,0.0,2.2,9.4,,,W,WNW,9,11,66,37,1021.1,1019.2,2,1,10.2,19.5,No,No,0,0,0,2009,7,Jul,2009-07-01,Q3,200,Hiver,13.95,11.899999999999999,10.0,51.5,1020.1500000000001,Sec (≤1 mm),,1.8934782608695642,-0.9931159420289859,0.7993239822561374,-0.4840387333469911,,0,0,0,0
2009-07-20,8.2,21.3,0.0,2.6,10.0,,,W,N,15,13,72,34,1025.1,1020.4,0,0,10.3,21.2,No,No,0,0,0,2009,7,Jul,2009-07-01,Q3,201,Hiver,14.75,13.100000000000001,14.0,53.0,1022.75,Sec (≤1 mm),,3.2934782608695663,-0.7931159420289866,1.390328166610849,-0.38655993699254454,,0,0,0,0
2009-07-21,8.8,23.4,0.0,5.4,10.0,,,W,E,15,11,68,43,1021.2,1015.7,0,1,11.2,21.3,No,No,0,0,0,2009,7,Jul,2009-07-01,Q3,202,Hiver,16.1,14.599999999999998,13.0,55.5,1018.45,Sec (≤1 mm),,5.393478260869564,-0.1931159420289852,2.2768344431429135,-0.09412354792920312,,0,0,0,0
2009-07-22,11.2,24.7,0.0,4.8,8.0,,,NW,NNW,15,24,54,39,1011.5,1005.4,2,4,19.7,24.0,No,Yes,0,1,0,2009,7,Jul,2009-07-01,Q3,203,Hiver,17.95,13.5,19.5,46.5,1008.45,Sec (≤1 mm),,6.693478260869565,2.2068840579710134,2.8256240429008592,1.0756220083241592,,0,0,0,0
2009-07-23,11.4,18.3,3.6,5.6,8.1,,,NNW,SSW,4,19,62,42,1012.7,1014.5,1,4,13.6,16.4,Yes,No,1,0,0,2009,7,Jul,2009-07-01,Q3,204,Hiver,14.850000000000001,6.9,11.5,52.0,1013.6,Faible (1-10),,0.2934782608695663,2.4068840579710145,0.12389062870789784,1.1731008046786067,,0,0,0,0
2009-07-24,8.4,17.5,0.6,2.2,9.4,,,W,E,20,9,62,51,1026.0,1024.6,1,2,9.9,16.1,No,No,0,0,0,2009,7,Jul,2009-07-01,Q3,205,Hiver,12.95,9.1,14.5,56.5,1025.3,Sec (≤1 mm),,-0.5065217391304344,-0.5931159420289855,-0.21382604806622274,-0.2890811406380971,,0,0,0,0
2009-07-25,7.6,18.6,0.0,1.8,9.9,,,W,ENE,15,17,81,54,1026.1,1022.1,0,1,8.9,15.5,No,No,0,0,0,2009,7,Jul,2009-07-01,Q3,206,Hiver,13.100000000000001,11.000000000000002,16.0,67.5,1024.1,Sec (≤1 mm),,0.593478260869567,-1.3931159420289863,0.25053438249819326,-0.6789963260558851,,0,0,0,0
2009-07-26,8.9,15.3,0.0,5.8,0.3,,,W,W,4,9,83,68,1019.1,1014.2,7,8,9.9,14.1,No,Yes,0,1,0,2009,7,Jul,2009-07-01,Q3,207,Hiver,12.100000000000001,6.4,6.5,75.5,1016.6500000000001,Sec (≤1 mm),,-2.7065217391304337,-0.09311594202898554,-1.142546909195053,-0.04538414975197983,,0,0,0,0
2009-07-27,8.3,18.9,12.2,0.4,9.0,,,W,WSW,19,17,72,34,1016.3,1015.4,1,1,10.5,18.8,Yes,No,1,0,0,2009,7,Jul,2009-07-01,Q3,208,Hiver,13.6,10.599999999999998,18.0,53.0,1015.8499999999999,Modérée (10-30),,0.8934782608695642,-0.6931159420289852,0.3771781362884871,-0.33782053881532037,,0,0,0,0
2009-07-28,8.1,18.7,0.0,3.6,10.0,,,W,WSW,11,20,63,38,1022.5,1020.2,1,1,11.2,17.9,No,No,0,0,0,2009,7,Jul,2009-07-01,Q3,209,Hiver,13.399999999999999,10.6,15.5,50.5,1021.35,Sec (≤1 mm),,0.6934782608695649,-0.8931159420289863,0.2927489670949574,-0.4352993351697678,,0,0,0,0
2009-07-29,9.5,19.5,0.0,2.2,9.1,,,WNW,WSW,17,9,61,41,1024.3,1022.3,1,5,11.3,18.7,No,No,0,0,0,2009,7,Jul,2009-07-01,Q3,210,Hiver,14.5,10.0,13.0,51.0,1023.3,Sec (≤1 mm),,1.4934782608695656,0.5068840579710141,0.630465643869078,0.24705223931136075,,0,0,0,0
2009-07-30,8.5,18.9,0.0,4.0,9.5,,,W,W,22,15,65,39,1024.4,1019.3,1,1,10.7,18.7,No,No,0,0,0,2009,7,Jul,2009-07-01,Q3,211,Hiver,13.7,10.399999999999999,18.5,52.0,1021.85,Sec (≤1 mm),,0.8934782608695642,-0.4931159420289859,0.3771781362884871,-0.24034174246087384,,0,0,0,0
2009-07-31,9.2,19.7,0.0,3.0,8.5,,,NNW,W,9,22,66,38,1020.0,1017.9,5,2,12.8,18.4,No,No,0,0,0,2009,7,Jul,2009-07-01,Q3,212,Hiver,14.45,10.5,15.5,52.0,1018.95,Sec (≤1 mm),,1.6934782608695649,0.2068840579710134,0.7148948130626077,0.10083404477969002,,0,0,0,0
2009-08-01,9.2,19.2,0.0,3.8,10.2,,,W,WNW,20,11,60,33,1025.4,1021.4,0,1,11.5,18.8,No,No,0,0,0,2009,8,Aug,2009-08-01,Q3,213,Hiver,14.2,10.0,15.5,46.5,1023.4000000000001,Sec (≤1 mm),,-0.1817843866170996,-0.5494423791821568,-0.06578205134102612,-0.24891771521238135,,0,0,0,0
2009-08-02,7.9,19.2,0.0,4.0,10.1,,,W,E,20,13,63,46,1027.7,1022.7,1,1,10.2,17.3,No,No,0,0,0,2009,8,Aug,2009-08-01,Q3,214,Hiver,13.55,11.299999999999999,16.5,54.5,1025.2,Sec (≤1 mm),,-0.1817843866170996,-1.8494423791821557,-0.06578205134102612,-0.8378657869970199,,0,0,0,0
2009-08-03,8.3,20.5,0.0,4.0,8.8,,,WNW,W,13,22,58,29,1020.3,1019.6,3,6,13.4,19.9,No,No,0,0,0,2009,8,Aug,2009-08-01,Q3,215,Hiver,14.4,12.2,17.5,43.5,1019.95,Sec (≤1 mm),,1.118215613382901,-1.4494423791821553,0.40464705610185614,-0.6566509956786692,,0,0,0,0
2009-08-04,10.0,19.8,0.0,3.2,5.1,,,W,W,11,13,70,33,1021.7,1017.4,7,3,11.7,18.2,No,No,0,0,0,2009,8,Aug,2009-08-01,Q3,216,Hiver,14.9,9.8,12.0,51.5,1019.55,Sec (≤1 mm),,0.4182156133829018,0.25055762081784394,0.15133907517107378,0.11351186742431994,,0,0,0,0
2009-08-05,7.6,19.3,0.0,2.8,9.9,,,W,ESE,17,15,69,40,1022.8,1020.4,4,1,10.5,17.5,No,No,0,0,0,2009,8,Aug,2009-08-01,Q3,217,Hiver,13.45,11.700000000000001,16.0,54.5,1021.5999999999999,Sec (≤1 mm),,-0.08178438661709819,-2.1494423791821564,-0.029595196922342373,-0.973776880485783,,0,0,0,0
2009-08-06,8.0,19.5,0.0,2.0,9.2,,,W,NE,13,15,73,55,1023.6,1019.2,7,3,11.2,17.6,No,No,0,0,0,2009,8,Aug,2009-08-01,Q3,218,Hiver,13.75,11.5,14.0,64.0,1021.4000000000001,Sec (≤1 mm),,0.1182156133829011,-1.749442379182156,0.04277851191502383,-0.7925620891674324,,0,0,0,0
2009-08-07,11.0,23.5,0.0,4.8,8.9,,,NNW,WNW,22,24,47,21,1015.8,1009.4,3,4,15.4,23.2,No,No,0,0,0,2009,8,Aug,2009-08-01,Q3,219,Hiver,17.25,12.5,23.0,34.0,1012.5999999999999,Sec (≤1 mm),,4.118215613382901,1.250557620817844,1.490252688662353,0.5665488457201961,,0,0,0,0
2009-08-08,7.8,16.8,0.0,6.4,9.9,,,W,S,22,17,46,41,1023.4,1020.8,2,1,9.8,15.9,No,No,0,0,0,2009,8,Aug,2009-08-01,Q3,220,Hiver,12.3,9.0,19.5,43.5,1022.0999999999999,Sec (≤1 mm),,-2.581784386617098,-1.9494423791821562,-0.9342665573894231,-0.8831694848266077,,0,0,0,0
2009-08-09,5.9,16.8,0.0,2.6,8.4,,,W,E,17,15,70,55,1020.8,1017.9,3,4,8.5,16.0,No,No,0,0,0,2009,8,Aug,2009-08-01,Q3,221,Hiver,11.350000000000001,10.9,16.0,62.5,1019.3499999999999,Sec (≤1 mm),,-2.581784386617098,-3.8494423791821557,-0.9342665573894231,-1.7439397435887722,,0,0,0,0
2009-08-10,6.8,16.3,0.0,1.8,4.1,,,WNW,E,11,15,77,59,1019.8,1017.0,7,8,9.1,15.7,No,No,0,0,0,2009,8,Aug,2009-08-01,Q3,222,Hiver,11.55,9.5,13.0,68.0,1018.4,Sec (≤1 mm),,-3.081784386617098,-2.9494423791821562,-1.1152008294828393,-1.336206463122484,,0,0,0,0
2009-08-11,9.1,16.8,0.0,1.2,2.4,,,W,N,13,13,81,64,1016.3,1012.5,7,6,11.7,16.3,No,Yes,0,1,0,2009,8,Aug,2009-08-01,Q3,223,Hiver,12.95,7.700000000000001,13.0,72.5,1014.4,Sec (≤1 mm),,-2.581784386617098,-0.6494423791821564,-0.9342665573894231,-0.2942214130419688,,0,0,0,0
2009-08-12,8.9,19.8,4.2,1.6,9.7,,,W,WNW,19,11,77,32,1012.6,1009.4,4,4,11.9,19.6,Yes,No,1,0,0,2009,8,Aug,2009-08-01,Q3,224,Hiver,14.350000000000001,10.9,15.0,54.5,1011.0,Faible (1-10),,0.4182156133829018,-0.8494423791821557,0.15133907517107378,-0.3848288087011437,,0,0,0,0
2009-08-13,9.0,21.0,0.0,5.4,10.2,,,W,WSW,9,19,63,35,1014.1,1011.7,0,1,12.8,20.5,No,No,0,0,0,2009,8,Aug,2009-08-01,Q3,225,Hiver,15.0,12.0,14.0,49.0,1012.9000000000001,Sec (≤1 mm),,1.618215613382901,-0.7494423791821561,0.5855813281952723,-0.33952511087155623,,0,0,0,0
2009-08-14,10.8,21.0,0.0,3.0,9.9,,,W,E,20,17,61,62,1019.1,1016.5,3,1,14.0,17.9,No,No,0,0,0,2009,8,Aug,2009-08-01,Q3,226,Hiver,15.9,10.2,18.5,61.5,1017.8,Sec (≤1 mm),,1.618215613382901,1.0505576208178447,0.5855813281952723,0.47594145006102123,,0,0,0,0
2009-08-15,8.7,22.1,0.0,3.2,10.5,,,WNW,WNW,13,9,77,35,1019.6,1016.2,0,0,11.1,22.1,No,No,0,0,0,2009,8,Aug,2009-08-01,Q3,227,Hiver,15.4,13.400000000000002,11.0,56.0,1017.9000000000001,Sec (≤1 mm),,2.7182156133829025,-1.0494423791821568,0.9836367268007884,-0.4754362043603194,,0,0,0,0
2009-08-16,9.4,25.7,0.0,2.0,10.2,,,W,NE,6,19,66,27,1015.7,1009.0,1,2,13.0,25.2,No,No,0,0,0,2009,8,Aug,2009-08-01,Q3,228,Hiver,17.55,16.299999999999997,12.5,46.5,1012.35,Sec (≤1 mm),,6.3182156133829,-0.3494423791821557,2.286363485873384,-0.15831031955320563,,0,0,0,0
2009-08-17,13.0,22.9,0.0,8.0,10.2,,,W,SW,22,13,37,20,1013.4,1013.7,0,1,18.5,22.7,No,No,0,0,0,2009,8,Aug,2009-08-01,Q3,229,Hiver,17.95,9.899999999999999,17.5,28.5,1013.55,Sec (≤1 mm),,3.5182156133828997,3.250557620817844,1.2731315621502532,1.4726228023119485,,0,0,0,0
2009-08-18,9.0,18.9,0.0,6.2,10.4,,,W,E,19,15,48,45,1028.0,1026.3,1,1,12.1,17.0,No,No,0,0,0,2009,8,Aug,2009-08-01,Q3,230,Hiver,13.95,9.899999999999999,17.0,46.5,1027.15,Sec (≤1 mm),,-0.4817843866171003,-0.7494423791821561,-0.17434261459707606,-0.33952511087155623,,0,0,0,0
2009-08-19,7.8,17.9,0.0,4.2,10.4,,,WNW,NE,13,20,70,50,1027.7,1023.2,0,1,10.8,17.5,No,No,0,0,0,2009,8,Aug,2009-08-01,Q3,231,Hiver,12.85,10.099999999999998,16.5,60.0,1025.45,Sec (≤1 mm),,-1.4817843866171003,-1.9494423791821562,-0.5362111587839083,-0.8831694848266077,,0,0,0,0
2009-08-20,9.9,21.1,0.0,2.8,4.9,,,W,E,13,13,74,58,1019.5,1014.2,7,2,12.2,19.0,No,No,0,0,0,2009,8,Aug,2009-08-01,Q3,232,Hiver,15.5,11.200000000000001,13.0,66.0,1016.85,Sec (≤1 mm),,1.7182156133829025,0.1505576208178443,0.621768182613956,0.06820816959473248,,0,0,0,0
2009-08-21,11.1,25.0,0.0,4.0,4.8,,,N,NNE,13,20,47,33,1009.2,1002.1,2,6,18.4,25.0,No,No,0,0,0,2009,8,Aug,2009-08-01,Q3,233,Hiver,18.05,13.9,16.5,40.0,1005.6500000000001,Sec (≤1 mm),,5.618215613382901,1.3505576208178436,2.0330555049426016,0.6118525435497836,,0,0,0,0
2009-08-22,14.5,20.8,0.0,7.0,6.3,,,SSW,ENE,7,17,51,47,1012.7,1009.9,7,2,15.3,17.9,No,No,0,0,0,2009,8,Aug,2009-08-01,Q3,234,Hiver,17.65,6.300000000000001,12.0,49.0,1011.3,Sec (≤1 mm),,1.4182156133829018,4.750557620817844,0.513207619357906,2.1521782697557628,,0,0,0,0
2009-08-23,13.3,25.1,0.0,3.6,10.2,,,W,ENE,13,17,64,51,1012.0,1007.8,1,2,17.0,22.3,No,No,0,0,0,2009,8,Aug,2009-08-01,Q3,235,Hiver,19.200000000000003,11.8,15.0,57.5,1009.9,Sec (≤1 mm),,5.7182156133829025,3.5505576208178447,2.069242359361285,1.6085338958007116,,0,0,0,0
2009-08-24,17.0,23.9,0.0,5.6,3.5,,,W,NW,26,19,47,59,1006.1,1005.9,2,8,23.3,18.9,No,Yes,0,1,0,2009,8,Aug,2009-08-01,Q3,236,Hiver,20.45,6.899999999999999,22.5,53.0,1006.0,Sec (≤1 mm),,4.5182156133829,7.250557620817844,1.6350001063370856,3.284770715495453,Nuit chaude extrême,0,0,0,0
2009-08-25,15.6,20.2,1.6,5.0,10.5,,,W,WNW,31,22,29,26,1007.1,1006.8,1,1,15.8,19.5,Yes,No,1,0,0,2009,8,Aug,2009-08-01,Q3,237,Hiver,17.9,4.6,26.5,27.5,1006.95,Faible (1-10),,0.8182156133829004,5.850557620817844,0.2960864928458062,2.6505189458812266,,0,0,0,0
2009-08-26,12.0,21.6,0.0,8.4,10.9,,,WNW,WNW,13,24,32,20,1013.1,1010.8,0,0,15.1,21.3,No,No,0,0,0,2009,8,Aug,2009-08-01,Q3,238,Hiver,16.8,9.600000000000001,18.5,26.0,1011.95,Sec (≤1 mm),,2.2182156133829025,2.250557620817844,0.8027024547073722,1.0195858240160722,,0,0,0,0
2009-08-27,11.3,20.9,0.0,6.0,11.0,,,E,NE,4,17,44,37,1017.6,1013.5,0,0,16.0,20.4,No,No,0,0,0,2009,8,Aug,2009-08-01,Q3,239,Hiver,16.1,9.599999999999998,10.5,40.5,1015.55,Sec (≤1 mm),,1.5182156133828997,1.5505576208178447,0.5493944737765886,0.7024599392089593,,0,0,0,0
2009-08-28,10.6,24.8,0.0,3.2,10.2,,,W,NE,2,17,44,21,1016.4,1013.1,0,1,17.2,22.0,No,No,0,0,0,2009,8,Aug,2009-08-01,Q3,240,Hiver,17.7,14.200000000000001,9.5,32.5,1014.75,Sec (≤1 mm),,5.418215613382902,0.8505576208178436,1.9606817961052354,0.3853340544018455,,0,0,0,0
2009-08-29,14.8,25.7,0.0,9.2,5.2,,,NNW,NE,20,15,51,59,1008.9,998.9,8,4,16.6,20.4,No,No,0,0,0,2009,8,Aug,2009-08-01,Q3,241,Hiver,20.25,10.899999999999999,17.5,55.0,1003.9,Sec (≤1 mm),,6.3182156133829,5.050557620817845,2.286363485873384,2.288089363244526,,0,0,0,0
2009-08-30,13.7,19.5,0.2,9.2,10.9,,,W,W,30,30,34,23,1011.4,1010.6,1,1,13.9,18.8,No,No,0,0,0,2009,8,Aug,2009-08-01,Q3,242,Hiver,16.6,5.800000000000001,30.0,28.5,1011.0,Sec (≤1 mm),,0.1182156133829011,3.9505576208178432,0.04277851191502383,1.7897486871190615,,0,0,0,0
2009-08-31,9.2,21.5,0.0,6.0,10.9,,,WNW,W,20,13,40,30,1017.4,1014.0,1,1,14.7,21.4,No,No,0,0,0,2009,8,Aug,2009-08-01,Q3,243,Hiver,15.35,12.3,16.5,35.0,1015.7,Sec (≤1 mm),,2.118215613382901,-0.5494423791821568,0.7665156002886885,-0.24891771521238135,,0,0,0,0
2009-09-01,11.1,22.0,0.0,4.2,10.7,,,W,ESE,13,19,49,36,1021.6,1019.6,1,1,16.1,19.2,No,No,0,0,0,2009,9,Sep,2009-09-01,Q3,244,Printemps,16.55,10.9,16.0,42.5,1020.6,Sec (≤1 mm),,0.012307692307690132,-1.5119230769230771,0.0032726869125086085,-0.5837549004780148,,0,0,0,0
2009-09-02,9.7,18.7,0.0,3.8,10.9,,,WNW,E,11,19,60,58,1024.7,1021.8,0,1,14.4,17.7,No,No,0,0,0,2009,9,Sep,2009-09-01,Q3,245,Printemps,14.2,9.0,15.0,59.0,1023.25,Sec (≤1 mm),,-3.2876923076923106,-2.9119230769230775,-0.8742164915040173,-1.1242961972828927,,0,0,0,0
2009-09-03,12.0,21.1,0.0,4.6,4.7,,,W,W,11,11,80,84,1020.7,1018.9,3,8,15.2,16.3,No,Yes,0,1,0,2009,9,Sep,2009-09-01,Q3,246,Printemps,16.55,9.100000000000001,11.0,82.0,1019.8,Sec (≤1 mm),,-0.8876923076923084,-0.6119230769230768,-0.2360425435647253,-0.23626406681773626,,0,0,0,0
2009-09-04,14.7,25.3,6.0,1.8,6.9,,,W,WNW,11,13,81,43,1014.8,1010.0,7,5,16.0,25.0,Yes,No,1,0,0,2009,9,Sep,2009-09-01,Q3,247,Printemps,20.0,10.600000000000001,12.0,62.0,1012.4,Faible (1-10),,3.312307692307691,2.0880769230769225,0.8807618653290346,0.8062084341630987,,0,0,0,0
2009-09-05,14.7,21.2,0.0,6.4,10.2,,,WSW,ESE,19,17,36,35,1016.1,1015.1,2,1,18.2,19.8,No,No,0,0,0,2009,9,Sep,2009-09-01,Q3,248,Printemps,17.95,6.5,18.0,35.5,1015.6,Sec (≤1 mm),,-0.7876923076923106,2.0880769230769225,-0.20945196240058872,0.8062084341630987,,0,0,0,0
2009-09-06,10.4,18.2,0.0,3.8,10.0,,,W,ENE,13,26,53,58,1018.9,1014.0,3,1,14.4,17.7,No,No,0,0,0,2009,9,Sep,2009-09-01,Q3,249,Printemps,14.3,7.799999999999999,19.5,55.5,1016.45,Sec (≤1 mm),,-3.7876923076923106,-2.2119230769230764,-1.007169397324703,-0.8540255488804533,,0,0,0,0
2009-09-07,13.5,19.9,0.0,5.4,2.1,,,W,NE,17,28,74,57,1008.5,1000.8,7,6,14.6,19.1,No,Yes,0,1,0,2009,9,Sep,2009-09-01,Q3,250,Printemps,16.7,6.399999999999999,22.5,65.5,1004.65,Sec (≤1 mm),,-2.0876923076923113,0.8880769230769232,-0.5551295175343718,0.34288732261606114,,0,0,0,0
2009-09-08,11.6,21.1,5.4,3.6,8.3,,,W,ENE,7,11,56,56,1008.2,1007.6,1,6,16.2,17.0,Yes,No,1,0,0,2009,9,Sep,2009-09-01,Q3,251,Printemps,16.35,9.500000000000002,9.0,56.0,1007.9000000000001,Faible (1-10),,-0.8876923076923084,-1.0119230769230771,-0.2360425435647253,-0.3907044373334157,,0,0,0,0
2009-09-09,10.3,20.8,0.2,3.6,11.2,,,W,WSW,20,26,47,35,1010.2,1008.8,1,3,15.7,20.4,No,No,0,0,0,2009,9,Sep,2009-09-01,Q3,252,Printemps,15.55,10.5,23.0,41.0,1009.5,Sec (≤1 mm),,-1.1876923076923092,-2.311923076923076,-0.31581428705713693,-0.892635641509373,,0,0,0,0
2009-09-10,10.0,22.2,0.0,5.0,10.9,,,W,E,20,24,45,38,1015.9,1013.9,1,1,16.0,19.8,No,No,0,0,0,2009,9,Sep,2009-09-01,Q3,253,Printemps,16.1,12.2,22.0,41.5,1014.9,Sec (≤1 mm),,0.21230769230768942,-2.611923076923077,0.05645384924078271,-1.0084659193961327,,0,0,0,0
2009-09-11,9.5,22.4,0.0,5.0,10.7,,,WNW,E,15,20,50,47,1022.6,1019.4,0,1,15.2,18.4,No,No,0,0,0,2009,9,Sep,2009-09-01,Q3,254,Printemps,15.95,12.899999999999999,17.5,48.5,1021.0,Sec (≤1 mm),,0.4123076923076887,-3.111923076923077,0.1096350115690568,-1.201516382540732,,0,0,0,0
2009-09-12,11.0,28.5,0.0,6.0,10.9,,,WNW,NE,11,9,49,27,1022.5,1019.1,0,0,17.3,25.5,No,No,0,0,0,2009,9,Sep,2009-09-01,Q3,255,Printemps,19.75,17.5,10.0,38.0,1020.8,Sec (≤1 mm),,6.51230769230769,-1.6119230769230768,1.731660462581423,-0.6223649931069345,,0,0,0,0
2009-09-13,17.3,32.2,0.0,8.2,10.9,,,NNW,E,20,13,24,17,1019.6,1015.5,0,0,25.2,31.9,No,No,0,0,0,2009,9,Sep,2009-09-01,Q3,256,Printemps,24.75,14.900000000000002,16.5,20.5,1017.55,Sec (≤1 mm),,10.212307692307693,4.688076923076924,2.715511965654498,1.810070842515015,,0,0,0,0
2009-09-14,18.1,19.7,0.0,7.4,6.2,,,S,SSE,30,20,70,60,1021.8,1021.3,5,6,18.5,18.4,No,No,0,0,0,2009,9,Sep,2009-09-01,Q3,257,Printemps,18.9,1.5999999999999979,25.0,65.0,1021.55,Sec (≤1 mm),,-2.2876923076923106,5.488076923076925,-0.6083106798626459,2.118951583546374,,0,0,0,0
2009-09-15,15.4,20.4,0.0,6.4,6.9,,,W,NE,9,17,77,66,1021.4,1016.4,7,6,16.9,19.7,No,No,0,0,0,2009,9,Sep,2009-09-01,Q3,258,Printemps,17.9,4.999999999999998,13.0,71.5,1018.9,Sec (≤1 mm),,-1.5876923076923113,2.7880769230769236,-0.42217661171368603,1.076479082565538,,0,0,0,0
2009-09-16,15.6,22.2,0.0,3.4,0.0,,,SW,SSE,9,11,80,79,1023.0,1019.7,8,7,17.4,19.5,No,No,0,0,0,2009,9,Sep,2009-09-01,Q3,259,Printemps,18.9,6.6,10.0,79.5,1021.35,Sec (≤1 mm),,0.21230769230768942,2.988076923076923,0.05645384924078271,1.1536992678233773,,0,0,0,0
2009-09-17,14.7,32.1,0.0,1.6,7.6,,,SE,NNW,4,31,68,25,1017.0,1010.1,2,6,22.2,31.2,No,No,0,0,0,2009,9,Sep,2009-09-01,Q3,260,Printemps,23.4,17.400000000000002,17.5,46.5,1013.55,Sec (≤1 mm),,10.112307692307692,2.0880769230769225,2.6889213844903606,0.8062084341630987,,0,0,0,0
2009-09-18,19.0,23.5,0.0,10.4,10.2,,,SW,SE,17,30,43,51,1017.9,1018.4,3,1,22.7,21.2,No,No,0,0,0,2009,9,Sep,2009-09-01,Q3,261,Printemps,21.25,4.5,23.5,47.0,1018.15,Sec (≤1 mm),,1.5123076923076901,6.388076923076923,0.40213140437456574,2.4664424172066517,,0,0,0,0
2009-09-19,13.1,20.8,0.0,5.4,9.7,,,W,E,9,20,63,63,1019.2,1013.0,1,3,18.3,19.4,No,No,0,0,0,2009,9,Sep,2009-09-01,Q3,262,Printemps,16.95,7.700000000000001,14.5,63.0,1016.1,Sec (≤1 mm),,-1.1876923076923092,0.48807692307692285,-0.31581428705713693,0.18844695210038168,,0,0,0,0
2009-09-20,13.8,24.7,0.0,5.8,8.5,,,WNW,NE,9,15,49,30,1014.8,1010.9,4,6,20.7,23.7,No,No,0,0,0,2009,9,Sep,2009-09-01,Q3,263,Printemps,19.25,10.899999999999999,12.0,39.5,1012.8499999999999,Sec (≤1 mm),,2.7123076923076894,1.188076923076924,0.7212183783442113,0.4587176005028209,,0,0,0,0
2009-09-21,15.7,25.8,0.0,8.2,8.1,,,S,E,13,17,69,67,1014.7,1012.0,3,8,18.8,19.3,No,No,0,0,0,2009,9,Sep,2009-09-01,Q3,264,Printemps,20.75,10.100000000000001,15.0,68.0,1013.35,Sec (≤1 mm),,3.812307692307691,3.0880769230769225,1.0137147711497203,1.192309360452297,,0,0,0,0
2009-09-22,17.1,31.7,0.0,3.4,8.2,,,NW,NNW,24,31,45,34,1002.8,998.3,0,1,25.8,30.9,No,Yes,0,1,0,2009,9,Sep,2009-09-01,Q3,265,Printemps,24.4,14.599999999999998,27.5,39.5,1000.55,Sec (≤1 mm),,9.71230769230769,4.488076923076925,2.582559059833811,1.7328506572571754,,0,0,0,0
2009-09-23,17.0,21.8,4.4,11.2,8.0,,,W,W,30,37,40,36,996.8,997.8,9,3,17.3,20.9,Yes,No,1,0,0,2009,9,Sep,2009-09-01,Q3,266,Printemps,19.4,4.800000000000001,33.5,38.0,997.3,Faible (1-10),,-0.18769230769230916,4.388076923076923,-0.049908475415765485,1.694240564628255,,0,0,0,0
2009-09-24,15.1,25.0,0.0,7.6,11.3,,,W,WNW,31,17,36,26,1012.1,1009.6,1,1,18.8,24.0,No,No,0,0,0,2009,9,Sep,2009-09-01,Q3,267,Printemps,20.05,9.9,24.0,31.0,1010.85,Sec (≤1 mm),,3.01230769230769,2.488076923076923,0.8009901218366229,0.9606488046787782,,0,0,0,0
2009-09-25,13.5,25.4,0.0,8.0,11.2,,,N,NE,17,24,36,33,1013.5,1007.0,0,0,21.0,22.4,No,No,0,0,0,2009,9,Sep,2009-09-01,Q3,268,Printemps,19.45,11.899999999999999,20.5,34.5,1010.25,Sec (≤1 mm),,3.4123076923076887,0.8880769230769232,0.907352446493171,0.34288732261606114,,0,0,0,0
2009-09-26,17.1,19.6,0.0,11.2,9.0,,,W,W,15,33,24,19,1004.3,1004.5,1,3,17.7,18.4,No,No,0,0,0,2009,9,Sep,2009-09-01,Q3,269,Printemps,18.35,2.5,24.0,21.5,1004.4,Sec (≤1 mm),,-2.3876923076923084,4.488076923076925,-0.6349012610267825,1.7328506572571754,,0,0,0,0
2009-09-27,10.1,17.2,0.0,8.0,10.8,,,W,W,39,35,30,23,1006.4,1004.1,1,3,13.9,16.9,No,No,0,0,0,2009,9,Sep,2009-09-01,Q3,270,Printemps,13.649999999999999,7.1,37.0,26.5,1005.25,Sec (≤1 mm),,-4.787692307692311,-2.511923076923077,-1.2730752089660744,-0.9698558267672132,,0,0,0,0
2009-09-28,11.0,21.4,0.0,8.2,7.8,,,W,S,30,9,39,31,1007.6,1005.6,1,3,15.2,19.7,No,No,0,0,0,2009,9,Sep,2009-09-01,Q3,271,Printemps,16.2,10.399999999999999,19.5,35.0,1006.6,Sec (≤1 mm),,-0.5876923076923113,-1.6119230769230768,-0.15627080007231461,-0.6223649931069345,,0,0,0,0
2009-09-29,11.4,21.0,0.0,4.0,11.1,,,W,E,17,19,42,45,1014.1,1011.8,1,2,17.0,18.8,No,No,0,0,0,2009,9,Sep,2009-09-01,Q3,272,Printemps,16.2,9.6,18.0,43.5,1012.95,Sec (≤1 mm),,-0.9876923076923099,-1.2119230769230764,-0.2626331247288628,-0.4679246225912551,,0,0,0,0
2009-09-30,10.9,25.6,0.0,5.4,11.0,,,W,ENE,9,20,57,34,1017.7,1012.6,2,3,18.4,22.0,No,No,0,0,0,2009,9,Sep,2009-09-01,Q3,273,Printemps,18.25,14.700000000000001,14.5,45.5,1015.1500000000001,Sec (≤1 mm),,3.6123076923076916,-1.7119230769230764,0.9605336088214461,-0.6609750857358543,,0,0,0,0
2009-10-01,14.9,33.1,0.0,7.0,10.8,,,NW,E,15,19,21,10,1013.4,1007.7,3,1,25.6,32.8,No,No,0,0,0,2009,10,Oct,2009-10-01,Q4,274,Printemps,24.0,18.200000000000003,17.0,15.5,1010.55,Sec (≤1 mm),,9.547328244274809,0.12633587786259604,2.1397159425882752,0.0441238837448851,,0,0,0,0
2009-10-02,16.5,20.7,0.0,10.2,0.5,,,W,SE,15,15,72,68,1013.4,1010.0,7,8,18.3,19.4,No,Yes,0,1,0,2009,10,Oct,2009-10-01,Q4,275,Printemps,18.6,4.199999999999999,15.0,70.0,1011.7,Sec (≤1 mm),,-2.8526717557251935,1.7263358778625957,-0.639331452582745,0.6029375413236083,,0,0,0,0
2009-10-03,13.6,15.2,12.6,3.0,0.0,,,SSW,S,22,19,91,89,1011.9,1014.1,8,8,13.8,14.5,Yes,Yes,1,1,0,2009,10,Oct,2009-10-01,Q4,276,Printemps,14.399999999999999,1.5999999999999996,20.5,90.0,1013.0,Modérée (10-30),,-8.352671755725193,-1.1736641221374047,-1.8719734423763426,-0.4099122130378279,,0,0,0,0
2009-10-04,12.9,17.0,38.2,2.4,0.0,,,E,E,6,19,88,61,1021.5,1019.8,8,7,13.5,16.6,Yes,Yes,1,1,0,2009,10,Oct,2009-10-01,Q4,277,Printemps,14.95,4.1,12.5,74.5,1020.65,Forte (>30),,-6.552671755725193,-1.873664122137404,-1.4685633366257105,-0.6543931882285191,,0,0,0,0
2009-10-05,13.1,20.2,3.4,1.8,2.2,,,W,E,13,11,91,65,1020.3,1017.1,7,7,14.2,18.4,Yes,Yes,1,1,0,2009,10,Oct,2009-10-01,Q4,278,Printemps,16.65,7.1,12.0,78.0,1018.7,Faible (1-10),,-3.3526717557251935,-1.6736641221374047,-0.7513898152912539,-0.584541481031179,,0,0,0,0
2009-10-06,11.5,19.6,6.6,2.6,6.4,,,W,E,22,17,77,64,1020.6,1016.7,6,4,13.5,18.0,Yes,Yes,1,1,0,2009,10,Oct,2009-10-01,Q4,279,Printemps,15.55,8.100000000000001,19.5,70.5,1018.6500000000001,Faible (1-10),,-3.9526717557251914,-3.2736641221374043,-0.8858598505414641,-1.1433551386099021,,0,0,0,0
2009-10-07,10.6,19.3,7.0,3.6,8.8,,,W,WSW,20,22,51,29,1014.2,1011.3,1,5,14.1,18.5,Yes,Yes,1,1,0,2009,10,Oct,2009-10-01,Q4,280,Printemps,14.95,8.700000000000001,21.0,40.0,1012.75,Faible (1-10),,-4.252671755725192,-4.173664122137405,-0.9530948681665695,-1.4576878209979343,,0,0,0,0
2009-10-08,10.5,17.5,2.2,6.8,7.4,,,SW,SSW,26,39,49,48,1018.0,1019.9,6,5,13.8,16.9,Yes,No,1,0,0,2009,10,Oct,2009-10-01,Q4,281,Printemps,14.0,7.0,32.5,48.5,1018.95,Faible (1-10),,-6.052671755725193,-4.273664122137404,-1.3565049739172017,-1.4926136745966043,,0,0,0,0
2009-10-09,9.6,17.1,0.0,5.2,4.7,,,WSW,S,15,17,65,76,1025.4,1026.0,5,6,13.5,13.9,No,Yes,0,1,0,2009,10,Oct,2009-10-01,Q4,282,Printemps,13.350000000000001,7.500000000000002,16.0,70.5,1025.7,Sec (≤1 mm),,-6.452671755725191,-5.173664122137405,-1.4461516640840084,-1.8069463569846365,,0,0,0,0
2009-10-10,8.9,18.6,24.4,3.4,6.7,,,W,S,15,19,84,59,1029.7,1027.3,4,7,12.0,17.6,Yes,Yes,1,1,0,2009,10,Oct,2009-10-01,Q4,283,Printemps,13.75,9.700000000000001,17.0,71.5,1028.5,Modérée (10-30),,-4.952671755725191,-5.873664122137404,-1.1099765759584819,-2.0514273321753276,,0,0,0,0
2009-10-11,11.8,19.3,2.2,3.4,6.7,,,W,NNE,15,11,91,57,1025.2,1019.8,7,7,13.1,19.2,Yes,No,1,0,0,2009,10,Oct,2009-10-01,Q4,284,Printemps,15.55,7.5,13.0,74.0,1022.5,Faible (1-10),,-4.252671755725192,-2.9736641221374036,-0.9530948681665695,-1.0385775778138913,,0,0,0,0
2009-10-12,11.3,22.6,0.0,4.8,4.7,,,E,E,4,6,61,63,1011.8,1006.4,2,8,17.8,21.1,No,No,0,0,0,2009,10,Oct,2009-10-01,Q4,285,Printemps,16.950000000000003,11.3,5.0,62.0,1009.0999999999999,Sec (≤1 mm),,-0.9526717557251914,-3.4736641221374036,-0.2135096742904109,-1.2132068458072425,,0,0,0,0
2009-10-13,17.0,24.5,0.0,5.0,11.2,,,W,WNW,26,35,38,21,1002.0,998.7,1,2,20.1,24.0,No,No,0,0,0,2009,10,Oct,2009-10-01,Q4,286,Printemps,20.75,7.5,30.5,29.5,1000.35,Sec (≤1 mm),,0.9473282442748072,2.2263358778625957,0.21231210400192246,0.7775668093169594,,0,0,0,0
2009-10-14,15.2,22.1,0.0,11.2,8.9,,,NW,WNW,20,30,36,34,1000.7,1000.7,1,5,19.7,17.8,No,No,0,0,0,2009,10,Oct,2009-10-01,Q4,287,Printemps,18.65,6.900000000000002,25.0,35.0,1000.7,Sec (≤1 mm),,-1.4526717557251914,0.42633587786259497,-0.3255680369989198,0.14890144454089538,,0,0,0,0
2009-10-15,13.8,23.0,0.0,7.6,10.0,,,WNW,WNW,11,24,46,28,1008.4,1006.2,6,7,18.8,22.0,No,No,0,0,0,2009,10,Oct,2009-10-01,Q4,288,Printemps,18.4,9.2,17.5,37.0,1007.3,Sec (≤1 mm),,-0.5526717557251928,-0.9736641221374036,-0.12386298412360412,-0.3400605058404871,,0,0,0,0
2009-10-16,11.8,21.2,0.0,7.4,12.1,,,W,W,33,26,42,19,1012.0,1011.8,1,2,15.1,20.5,No,No,0,0,0,2009,10,Oct,2009-10-01,Q4,289,Printemps,16.5,9.399999999999999,29.5,30.5,1011.9,Sec (≤1 mm),,-2.3526717557251935,-2.9736641221374036,-0.5272730898742362,-1.0385775778138913,,0,0,0,0
2009-10-17,11.6,21.2,0.0,8.0,12.2,,,WNW,SE,15,20,53,43,1020.8,1020.6,1,1,16.8,20.3,No,Yes,0,1,0,2009,10,Oct,2009-10-01,Q4,290,Printemps,16.4,9.6,17.5,48.0,1020.7,Sec (≤1 mm),,-2.3526717557251935,-3.1736641221374047,-0.5272730898742362,-1.108429285011232,,0,0,0,0
2009-10-18,13.8,18.8,7.0,5.8,7.9,,,ENE,ESE,4,17,80,61,1027.4,1025.3,6,3,15.5,18.5,Yes,No,1,0,0,2009,10,Oct,2009-10-01,Q4,291,Printemps,16.3,5.0,10.5,70.5,1026.35,Faible (1-10),,-4.752671755725192,-0.9736641221374036,-1.0651532308750784,-0.3400605058404871,,0,0,0,0
2009-10-19,12.4,20.8,1.0,4.4,12.2,,,W,E,7,19,71,57,1027.1,1024.7,1,1,16.6,20.4,No,No,0,0,0,2009,10,Oct,2009-10-01,Q4,292,Printemps,16.6,8.4,13.0,64.0,1025.9,Sec (≤1 mm),,-2.752671755725192,-2.373664122137404,-0.616919780041043,-0.8290224562218702,,0,0,0,0
2009-10-20,14.3,23.0,0.0,5.8,12.1,,,W,ENE,9,22,71,62,1023.5,1018.7,0,0,19.0,22.0,No,No,0,0,0,2009,10,Oct,2009-10-01,Q4,293,Printemps,18.65,8.7,15.5,66.5,1021.1,Sec (≤1 mm),,-0.5526717557251928,-0.4736641221374036,-0.12386298412360412,-0.16543123784713604,,0,0,0,0
2009-10-21,15.6,34.6,0.0,7.6,11.6,,,WNW,E,15,19,44,28,1019.8,1016.8,1,3,21.1,29.7,No,No,0,0,0,2009,10,Oct,2009-10-01,Q4,294,Printemps,25.1,19.0,17.0,36.0,1018.3,Sec (≤1 mm),,11.047328244274809,0.8263358778625953,2.475891030713802,0.28860485893557636,,0,0,0,0
2009-10-22,17.9,21.3,0.0,9.4,1.2,,,ESE,E,9,17,67,63,1024.9,1022.6,8,7,18.5,20.0,No,No,0,0,0,2009,10,Oct,2009-10-01,Q4,295,Printemps,19.6,3.400000000000002,13.0,65.0,1023.75,Sec (≤1 mm),,-2.252671755725192,3.1263358778625943,-0.5048614173325341,1.091899491704991,,0,0,0,0
2009-10-23,17.5,22.9,0.0,5.0,11.1,,,NNW,E,7,22,66,70,1019.9,1014.7,3,1,21.3,21.6,No,No,0,0,0,2009,10,Oct,2009-10-01,Q4,296,Printemps,20.2,5.399999999999999,14.5,68.0,1017.3,Sec (≤1 mm),,-0.6526717557251942,2.7263358778625957,-0.14627465666530623,0.9521960773103105,,0,0,0,0
2009-10-24,16.8,22.1,0.0,7.0,9.2,,,SSE,E,17,19,63,56,1019.5,1016.3,4,1,19.7,20.9,No,No,0,0,0,2009,10,Oct,2009-10-01,Q4,297,Printemps,19.450000000000003,5.300000000000001,18.0,59.5,1017.9,Sec (≤1 mm),,-1.4526717557251914,2.0263358778625964,-0.3255680369989198,0.7077151021196193,,0,0,0,0
2009-10-25,17.9,20.9,0.0,5.6,1.1,,,E,WNW,7,7,72,94,1016.0,1015.7,7,8,20.3,16.5,No,Yes,0,1,0,2009,10,Oct,2009-10-01,Q4,298,Printemps,19.4,3.0,7.0,83.0,1015.85,Sec (≤1 mm),,-2.652671755725194,3.1263358778625943,-0.5945081074993417,1.091899491704991,,0,0,0,0
2009-10-26,14.4,17.0,73.2,4.8,0.0,,,SE,SE,31,26,91,60,1023.7,1025.3,8,8,14.7,16.6,Yes,Yes,1,1,0,2009,10,Oct,2009-10-01,Q4,299,Printemps,15.7,2.5999999999999996,28.5,75.5,1024.5,Forte (>30),,-6.552671755725193,-0.37366412213740396,-1.4685633366257105,-0.13050538424846594,,1,0,0,0
2009-10-27,14.7,18.8,1.4,3.8,0.0,,,ESE,E,22,13,58,56,1029.5,1027.7,8,8,17.0,18.4,Yes,No,1,0,0,2009,10,Oct,2009-10-01,Q4,300,Printemps,16.75,4.100000000000001,17.5,57.0,1028.6,Faible (1-10),,-4.752671755725192,-0.07366412213740503,-1.0651532308750784,-0.025727823452455695,,0,0,0,0
2009-10-30,17.3,23.4,0.0,4.0,9.8,,,E,ENE,11,22,78,60,1023.2,1020.6,5,1,20.5,22.8,No,No,0,0,0,2009,10,Oct,2009-10-01,Q4,303,Printemps,20.35,6.099999999999998,16.5,69.0,1021.9000000000001,Sec (≤1 mm),,-0.1526717557251942,2.5263358778625964,-0.03421629395679735,0.8823443701129703,,0,0,0,2
2009-10-31,18.7,22.8,0.0,7.4,10.3,,,ENE,E,17,30,80,65,1025.2,1023.4,6,1,20.0,22.1,No,No,0,0,0,2009,10,Oct,2009-10-01,Q4,304,Printemps,20.75,4.100000000000001,23.5,72.5,1024.3,Sec (≤1 mm),,-0.7526717557251921,3.926335877862595,-0.16868632920700752,1.3713063204943527,,0,0,0,0
2009-11-01,16.9,24.2,0.0,8.0,10.1,,,NNE,NE,19,26,62,58,1024.5,1019.9,1,1,21.7,23.4,No,No,0,0,0,2009,11,Nov,2009-11-01,Q4,305,Printemps,20.549999999999997,7.300000000000001,22.5,60.0,1022.2,Sec (≤1 mm),,-0.6264591439688694,-0.4182879377431945,-0.16103885748262864,-0.18223177833599474,,0,0,0,0
2009-11-02,18.8,26.0,0.0,7.0,6.9,,,SSW,ESE,17,19,82,68,1021.0,1017.5,8,7,20.6,24.5,No,No,0,0,0,2009,11,Nov,2009-11-01,Q4,306,Printemps,22.4,7.199999999999999,18.0,75.0,1019.25,Sec (≤1 mm),,1.1735408560311313,1.4817120622568076,0.301672791408454,0.6455242901427543,,0,0,0,0
2009-11-03,18.9,36.9,0.0,6.2,11.0,,,ESE,WNW,9,30,73,18,1011.9,1006.6,6,6,24.0,36.3,No,No,0,0,0,2009,11,Nov,2009-11-01,Q4,307,Printemps,27.9,18.0,19.5,45.5,1009.25,Sec (≤1 mm),,12.07354085603113,1.5817120622568055,3.10364888747112,0.6890903990100559,Chaleur extrême,0,0,0,0
2009-11-04,19.4,19.9,0.0,13.2,0.0,,,SE,E,11,17,71,76,1017.9,1015.5,8,8,19.7,19.1,No,No,0,0,0,2009,11,Nov,2009-11-01,Q4,308,Printemps,19.65,0.5,14.0,73.5,1016.7,Sec (≤1 mm),,-4.92645914396887,2.0817120622568055,-1.2664055742779925,0.9069209433465685,,0,0,0,0
2009-11-05,16.9,19.8,0.0,2.2,1.1,,,SE,ESE,13,24,75,68,1020.9,1021.9,7,7,19.4,19.1,No,Yes,0,1,0,2009,11,Nov,2009-11-01,Q4,309,Printemps,18.35,2.900000000000002,18.5,71.5,1021.4,Sec (≤1 mm),,-5.026459143968868,-0.4182879377431945,-1.2921117769941632,-0.18223177833599474,,0,0,0,0
2009-11-06,16.7,21.3,1.4,3.0,0.8,,,ESE,E,24,19,66,57,1027.6,1027.1,7,7,19.2,20.8,Yes,Yes,1,1,0,2009,11,Nov,2009-11-01,Q4,310,Printemps,19.0,4.600000000000001,21.5,61.5,1027.35,Faible (1-10),,-3.526459143968868,-0.6182879377431938,-0.9065187362515945,-0.2693639960705995,,0,0,0,0
2009-11-07,17.2,22.9,4.2,4.2,6.2,,,E,E,20,19,69,60,1030.5,1030.0,6,6,20.9,22.5,Yes,No,1,0,0,2009,11,Nov,2009-11-01,Q4,311,Printemps,20.049999999999997,5.699999999999999,19.5,64.5,1030.25,Faible (1-10),,-1.92645914396887,-0.1182879377431938,-0.49521949279285504,-0.05153345173408685,,0,0,0,0
2009-11-08,19.1,21.9,0.0,6.4,0.7,,,ESE,E,9,15,75,89,1030.7,1028.8,8,8,20.4,19.9,No,No,0,0,0,2009,11,Nov,2009-11-01,Q4,312,Printemps,20.5,2.799999999999997,12.0,82.0,1029.75,Sec (≤1 mm),,-2.92645914396887,1.7817120622568083,-0.7522815199545675,0.7762226167446622,,0,0,0,0
2009-11-09,19.1,23.2,0.8,2.6,11.0,,,ENE,E,19,19,77,61,1027.2,1024.0,6,1,20.9,22.8,No,No,0,0,0,2009,11,Nov,2009-11-01,Q4,313,Printemps,21.15,4.099999999999998,19.0,69.0,1025.6,Sec (≤1 mm),,-1.6264591439688694,1.7817120622568083,-0.41810088464434114,0.7762226167446622,,0,0,0,0
2009-11-10,15.9,23.9,0.0,5.4,12.8,,,NNE,ENE,4,26,61,54,1022.5,1020.0,1,0,21.6,23.2,No,No,0,0,0,2009,11,Nov,2009-11-01,Q4,314,Printemps,19.9,7.999999999999998,15.0,57.5,1021.25,Sec (≤1 mm),,-0.9264591439688701,-1.4182879377431927,-0.23815746563114257,-0.6178928670090192,,0,0,0,0
2009-11-11,15.4,23.9,0.0,10.2,12.4,,,W,E,15,19,74,64,1022.6,1021.3,1,1,21.0,23.1,No,No,0,0,0,2009,11,Nov,2009-11-01,Q4,315,Printemps,19.65,8.499999999999998,17.0,69.0,1021.95,Sec (≤1 mm),,-0.9264591439688701,-1.9182879377431927,-0.23815746563114257,-0.835723411345532,,0,0,0,0
2009-11-12,16.6,26.7,0.0,6.8,11.2,,,NNW,NNE,17,20,70,54,1020.0,1013.4,0,6,22.0,26.0,No,Yes,0,1,0,2009,11,Nov,2009-11-01,Q4,316,Printemps,21.65,10.099999999999998,18.5,62.0,1016.7,Sec (≤1 mm),,1.8735408560311306,-0.7182879377431917,0.48161621042165254,-0.3129301049379011,,0,0,0,0
2009-11-13,19.5,23.0,4.0,8.8,9.7,,,S,SSE,26,26,66,60,1020.1,1019.2,6,5,21.7,22.5,Yes,No,1,0,0,2009,11,Nov,2009-11-01,Q4,317,Printemps,21.25,3.5,26.0,63.0,1019.6500000000001,Faible (1-10),,-1.8264591439688687,2.181712062256807,-0.46951329007668346,0.9504870522138716,,0,0,0,0
2009-11-14,15.0,24.3,0.2,6.2,12.6,,,WSW,ENE,6,26,66,56,1016.4,1011.4,2,2,20.1,23.4,No,No,0,0,0,2009,11,Nov,2009-11-01,Q4,318,Printemps,19.65,9.3,16.0,61.0,1013.9,Sec (≤1 mm),,-0.526459143968868,-2.318287937743193,-0.13533265476645703,-1.0099878468147423,,0,0,0,0
2009-11-15,18.5,25.1,0.0,8.8,9.3,,,S,SE,17,20,74,63,1012.1,1011.7,4,5,22.2,23.8,No,No,0,0,0,2009,11,Nov,2009-11-01,Q4,319,Printemps,21.8,6.600000000000001,18.5,68.5,1011.9000000000001,Sec (≤1 mm),,0.27354085603113276,1.181712062256807,0.07031696696291313,0.5148259635408463,,0,0,0,0
2009-11-16,18.7,27.6,0.0,6.4,10.3,,,W,E,6,19,72,62,1008.8,1002.0,5,7,22.6,26.6,No,Yes,0,1,0,2009,11,Nov,2009-11-01,Q4,320,Printemps,23.15,8.900000000000002,12.5,67.0,1005.4,Sec (≤1 mm),,2.7735408560311328,1.3817120622568062,0.7129720348671943,0.6019581812754511,,0,0,0,0
2009-11-17,19.4,23.6,1.4,8.8,5.0,,,SSE,SSE,20,28,61,59,1008.7,1009.7,7,7,21.1,21.0,Yes,No,1,0,0,2009,11,Nov,2009-11-01,Q4,321,Printemps,21.5,4.200000000000003,24.0,60.0,1009.2,Faible (1-10),,-1.2264591439688672,2.0817120622568055,-0.3152760737796556,0.9069209433465685,,0,0,0,0
2009-11-18,17.8,23.8,0.0,7.2,6.6,,,E,ENE,4,26,72,51,1013.2,1010.3,7,2,19.8,23.2,No,No,0,0,0,2009,11,Nov,2009-11-01,Q4,322,Printemps,20.8,6.0,15.0,61.5,1011.75,Sec (≤1 mm),,-1.026459143968868,0.4817120622568076,-0.2638636683473133,0.20986320146972895,,0,0,0,0
2009-11-19,18.4,26.5,0.0,8.0,10.6,,,E,ENE,9,13,70,63,1010.3,1009.2,3,3,23.6,26.0,No,No,0,0,0,2009,11,Nov,2009-11-01,Q4,323,Printemps,22.45,8.100000000000001,11.0,66.5,1009.75,Sec (≤1 mm),,1.6735408560311313,1.0817120622568055,0.4302038049893102,0.4712598546735432,,0,0,0,0
2009-11-20,21.0,33.2,0.0,8.8,7.6,,,NW,E,9,4,71,52,1009.8,1005.7,0,8,26.2,29.0,No,No,0,0,0,2009,11,Nov,2009-11-01,Q4,324,Printemps,27.1,12.200000000000003,6.5,61.5,1007.75,Sec (≤1 mm),,8.373540856031134,3.681712062256807,2.1525193869727848,1.6039786852234097,,0,0,0,0
2009-11-21,22.0,31.5,0.0,12.4,10.3,,,WSW,SE,4,13,56,45,1009.8,1006.6,7,7,25.4,30.2,No,No,0,0,0,2009,11,Nov,2009-11-01,Q4,325,Printemps,26.75,9.5,8.5,50.5,1008.2,Sec (≤1 mm),,6.673540856031131,4.681712062256807,1.7155139407978726,2.0396397738964347,,0,0,0,0
2009-11-22,21.2,40.4,0.0,7.4,6.0,,,ENE,N,11,26,75,19,1005.0,1001.5,6,7,24.0,39.8,No,No,0,0,0,2009,11,Nov,2009-11-01,Q4,326,Printemps,30.799999999999997,19.2,18.5,47.0,1003.25,Sec (≤1 mm),,15.57354085603113,3.881712062256806,4.0033659825371135,1.6911109029580143,Chaleur extrême,0,0,0,0
2009-11-23,19.9,22.8,0.0,13.4,0.3,,,SSE,SSE,28,30,62,68,1021.0,1022.6,7,8,21.4,20.4,No,No,0,0,0,2009,11,Nov,2009-11-01,Q4,327,Printemps,21.35,2.900000000000002,29.0,65.0,1021.8,Sec (≤1 mm),,-2.026459143968868,2.5817120622568055,-0.5209256955090258,1.124751487683081,,0,0,0,0
2009-11-24,18.1,21.5,0.0,5.2,2.1,,,SSE,SSE,13,13,84,74,1026.2,1024.3,8,8,18.7,20.6,No,No,0,0,0,2009,11,Nov,2009-11-01,Q4,328,Printemps,19.8,3.3999999999999986,13.0,79.0,1025.25,Sec (≤1 mm),,-3.3264591439688687,0.7817120622568083,-0.8551063308192521,0.34056152807163687,,0,0,0,0
2009-11-25,18.3,25.0,0.2,3.0,12.2,,,W,E,4,30,82,74,1022.3,1018.4,2,0,21.3,24.0,No,No,0,0,0,2009,11,Nov,2009-11-01,Q4,329,Printemps,21.65,6.699999999999999,17.0,78.0,1020.3499999999999,Sec (≤1 mm),,0.17354085603113134,0.9817120622568076,0.04461076424674152,0.4276937458062416,,0,0,0,0
2009-11-26,21.3,26.6,0.0,7.8,8.4,,,NE,NE,15,20,80,67,1017.5,1011.2,7,1,22.3,24.8,No,No,0,0,0,2009,11,Nov,2009-11-01,Q4,330,Printemps,23.950000000000003,5.300000000000001,17.5,73.5,1014.35,Sec (≤1 mm),,1.7735408560311328,3.9817120622568076,0.45591000770548185,1.7346770118253174,,0,0,0,0
2009-11-27,21.3,33.2,1.0,7.8,12.4,,,WNW,E,17,24,50,41,1009.7,1007.1,1,1,26.1,28.7,No,No,0,0,0,2009,11,Nov,2009-11-01,Q4,331,Printemps,27.25,11.900000000000002,20.5,45.5,1008.4000000000001,Sec (≤1 mm),,8.373540856031134,3.9817120622568076,2.1525193869727848,1.7346770118253174,,0,0,0,0
2009-11-28,21.1,29.3,0.0,12.8,9.5,,,E,NE,7,22,63,51,1006.4,1000.2,0,6,26.0,28.2,No,No,0,0,0,2009,11,Nov,2009-11-01,Q4,332,Printemps,25.200000000000003,8.2,14.5,57.0,1003.3,Sec (≤1 mm),,4.473540856031132,3.7817120622568083,1.1499774810421053,1.6475447940907129,,0,0,0,0
2009-11-29,19.5,30.5,0.0,10.6,12.4,,,WNW,W,13,28,28,20,1000.9,998.7,0,5,25.3,29.3,No,No,0,0,0,2009,11,Nov,2009-11-01,Q4,333,Printemps,25.0,11.0,20.5,24.0,999.8,Sec (≤1 mm),,5.673540856031131,2.181712062256807,1.4584519136361602,0.9504870522138716,,0,0,0,0
2009-11-30,18.1,23.1,0.0,11.8,3.9,,,SSW,S,19,33,55,61,1008.1,1009.2,4,7,21.2,19.6,No,Yes,0,1,0,2009,11,Nov,2009-11-01,Q4,334,Printemps,20.6,5.0,26.0,58.0,1008.6500000000001,Sec (≤1 mm),,-1.7264591439688672,0.7817120622568083,-0.44380708736051183,0.34056152807163687,,0,0,0,0
2009-12-01,14.3,21.2,4.4,6.4,9.6,,,S,S,22,24,58,59,1016.1,1017.4,2,5,17.9,19.4,Yes,Yes,1,1,0,2009,12,Dec,2009-12-01,Q4,335,Été,17.75,6.899999999999999,23.0,58.5,1016.75,Faible (1-10),,-4.628333333333334,-4.282083333333333,-1.3435618217442737,-1.9042222216353126,,0,0,0,0
2009-12-02,13.5,22.6,10.2,6.4,11.2,,,SSW,SE,17,22,69,44,1022.0,1021.7,7,2,17.3,21.5,Yes,No,1,0,0,2009,12,Dec,2009-12-01,Q4,336,Été,18.05,9.100000000000001,19.5,56.5,1021.85,Modérée (10-30),,-3.2283333333333317,-5.082083333333333,-0.9371549329199339,-2.2599784409152393,,0,0,0,0
2009-12-03,15.2,22.6,0.0,6.8,12.9,,,WNW,ENE,2,30,58,52,1022.6,1017.9,1,1,19.7,22.0,No,No,0,0,0,2009,12,Dec,2009-12-01,Q4,337,Été,18.9,7.400000000000002,16.0,55.0,1020.25,Sec (≤1 mm),,-3.2283333333333317,-3.382083333333334,-0.9371549329199339,-1.5039964749453965,,0,0,0,0
2009-12-04,17.3,24.4,0.0,8.0,12.5,,,S,SSE,26,30,69,61,1015.6,1015.6,0,5,21.8,22.5,No,No,0,0,0,2009,12,Dec,2009-12-01,Q4,338,Été,20.85,7.099999999999998,28.0,65.0,1015.6,Sec (≤1 mm),,-1.4283333333333346,-1.2820833333333326,-0.41463179014578444,-0.5701363993355897,,0,0,0,0
2009-12-05,18.2,23.4,0.0,9.8,6.5,,,ENE,E,2,20,59,64,1015.2,1012.6,7,6,20.2,22.0,No,No,0,0,0,2009,12,Dec,2009-12-01,Q4,339,Été,20.799999999999997,5.199999999999999,11.0,61.5,1013.9000000000001,Sec (≤1 mm),,-2.4283333333333346,-0.382083333333334,-0.7049224250203124,-0.16991065264567337,,0,0,0,0
2009-12-06,18.7,25.6,0.0,6.2,10.5,,,ENE,ENE,11,30,61,58,1017.3,1015.0,5,1,23.4,23.8,No,No,0,0,0,2009,12,Dec,2009-12-01,Q4,340,Été,22.15,6.900000000000002,20.5,59.5,1016.15,Sec (≤1 mm),,-0.22833333333333172,0.117916666666666,-0.06628302829635008,0.05243698440428049,,0,0,0,0
2009-12-07,21.7,28.5,0.0,8.2,11.1,,,E,E,11,20,67,62,1011.8,1007.4,1,2,25.4,27.3,No,No,0,0,0,2009,12,Dec,2009-12-01,Q4,341,Été,25.1,6.800000000000001,15.5,64.5,1009.5999999999999,Sec (≤1 mm),,2.671666666666667,3.117916666666666,0.7755598128397806,1.3865228067040036,,0,0,0,0
2009-12-08,20.1,27.6,0.0,10.2,8.8,,,WNW,E,9,26,68,70,1009.1,1000.8,7,3,22.6,24.1,No,No,0,0,0,2009,12,Dec,2009-12-01,Q4,342,Été,23.85,7.5,17.5,69.0,1004.95,Sec (≤1 mm),,1.7716666666666683,1.5179166666666681,0.5142982414527059,0.6750103681441522,,0,0,0,0
2009-12-09,18.4,24.0,0.6,8.2,9.8,,,S,ESE,17,24,76,59,1011.1,1010.2,6,5,19.2,22.0,No,No,0,0,0,2009,12,Dec,2009-12-01,Q4,343,Été,21.2,5.600000000000001,20.5,67.5,1010.6500000000001,Sec (≤1 mm),,-1.8283333333333331,-0.1820833333333347,-0.5307480440955952,-0.08097159782569213,,0,0,0,0
2009-12-10,19.2,28.8,0.0,7.8,1.2,,,NNW,NE,4,20,75,70,1011.0,1006.0,8,8,23.4,24.8,No,No,0,0,0,2009,12,Dec,2009-12-01,Q4,344,Été,24.0,9.600000000000001,12.0,72.5,1008.5,Sec (≤1 mm),,2.9716666666666676,0.617916666666666,0.8626470033021392,0.2747846214542343,,0,0,0,0
2009-12-11,19.9,28.8,0.0,7.0,12.9,,,WSW,ESE,11,24,30,30,1012.7,1013.1,2,1,24.1,25.1,No,No,0,0,0,2009,12,Dec,2009-12-01,Q4,345,Été,24.35,8.900000000000002,17.5,30.0,1012.9000000000001,Sec (≤1 mm),,2.9716666666666676,1.3179166666666653,0.8626470033021392,0.5860713133241694,,0,0,0,0
2009-12-12,16.9,27.1,0.0,11.4,13.0,,,NNW,ENE,7,28,57,55,1018.7,1014.0,1,1,22.7,24.8,No,No,0,0,0,2009,12,Dec,2009-12-01,Q4,346,Été,22.0,10.200000000000003,17.5,56.0,1016.35,Sec (≤1 mm),,1.2716666666666683,-1.6820833333333347,0.36915292401544186,-0.7480145089755537,,0,0,0,0
2009-12-13,20.3,27.4,0.0,8.4,11.1,,,S,SE,15,31,68,61,1016.3,1015.2,3,1,23.5,25.9,No,No,0,0,0,2009,12,Dec,2009-12-01,Q4,347,Été,23.85,7.099999999999998,23.0,64.5,1015.75,Sec (≤1 mm),,1.5716666666666654,1.7179166666666674,0.45624011447779944,0.7639494229641334,,0,0,0,0
2009-12-14,20.0,24.3,0.0,9.0,0.0,,,ESE,ESE,11,19,72,69,1021.2,1021.1,7,8,21.3,21.1,No,No,0,0,0,2009,12,Dec,2009-12-01,Q4,348,Été,22.15,4.300000000000001,15.0,70.5,1021.1500000000001,Sec (≤1 mm),,-1.5283333333333324,1.4179166666666667,-0.44366085363323665,0.6305408407341608,,0,0,0,0
2009-12-15,19.1,24.5,0.0,4.8,4.3,,,NE,ENE,15,22,59,62,1022.5,1020.3,6,7,24.3,23.6,No,No,0,0,0,2009,12,Dec,2009-12-01,Q4,349,Été,21.8,5.399999999999999,18.5,60.5,1021.4,Sec (≤1 mm),,-1.3283333333333331,0.5179166666666681,-0.38560272665833123,0.23031509404424452,,0,0,0,0
2009-12-16,21.7,26.5,0.0,9.2,10.6,,,NE,NE,13,28,74,70,1020.3,1016.1,4,1,24.1,26.0,No,No,0,0,0,2009,12,Dec,2009-12-01,Q4,350,Été,24.1,4.800000000000001,20.5,72.0,1018.2,Sec (≤1 mm),,0.6716666666666669,3.117916666666666,0.19497854309072465,1.3865228067040036,,0,0,0,0
2009-12-17,21.5,32.0,0.0,10.4,11.6,,,E,NNE,13,37,71,51,1013.7,1008.5,0,5,26.0,29.8,No,Yes,0,1,0,2009,12,Dec,2009-12-01,Q4,351,Été,26.75,10.5,25.0,61.0,1011.1,Sec (≤1 mm),,6.171666666666667,2.9179166666666667,1.7915770349006284,1.2975837518840223,,0,0,0,0
2009-12-18,20.2,21.4,5.4,13.6,0.0,,,NE,SSE,11,20,87,83,1014.1,1016.7,8,8,20.2,18.5,Yes,Yes,1,1,0,2009,12,Dec,2009-12-01,Q4,352,Été,20.799999999999997,1.1999999999999993,15.5,85.0,1015.4000000000001,Faible (1-10),,-4.428333333333335,1.617916666666666,-1.2855036947693683,0.719479895554142,,0,0,0,0
2009-12-19,16.9,28.9,8.0,3.8,10.0,,,W,SSE,15,26,70,34,1015.1,1013.9,0,0,21.4,27.4,Yes,No,1,0,0,2009,12,Dec,2009-12-01,Q4,353,Été,22.9,12.0,20.5,52.0,1014.5,Faible (1-10),,3.0716666666666654,-1.6820833333333347,0.8916760667895913,-0.7480145089755537,,0,0,0,0
2009-12-20,19.6,22.5,0.0,10.2,0.0,,,SE,E,15,11,62,59,1021.2,1019.8,8,8,20.9,21.8,No,No,0,0,0,2009,12,Dec,2009-12-01,Q4,354,Été,21.05,2.8999999999999986,13.0,60.5,1020.5,Sec (≤1 mm),,-3.328333333333333,1.0179166666666681,-0.9661839964073872,0.45266273109419836,,0,0,0,0
2009-12-21,19.9,24.9,0.0,4.4,9.7,,,NE,NE,17,26,65,64,1016.9,1012.6,4,6,22.4,23.3,No,No,0,0,0,2009,12,Dec,2009-12-01,Q4,355,Été,22.4,5.0,21.5,64.5,1014.75,Sec (≤1 mm),,-0.9283333333333346,1.3179166666666653,-0.2694864727085205,0.5860713133241694,,0,0,0,0
2009-12-22,19.7,29.4,0.0,9.0,12.0,,,SSW,ENE,2,19,58,53,1011.5,1009.7,3,5,24.6,27.1,No,No,0,0,0,2009,12,Dec,2009-12-01,Q4,356,Été,24.549999999999997,9.7,10.5,55.5,1010.6,Sec (≤1 mm),,3.5716666666666654,1.117916666666666,1.0368213842268554,0.4971322585041882,,0,0,0,0
2009-12-26,17.7,20.2,12.0,2.8,0.0,,,SSW,SSW,17,20,91,85,1016.2,1016.4,8,8,17.8,18.6,Yes,Yes,1,1,0,2009,12,Dec,2009-12-01,Q4,360,Été,18.95,2.5,18.5,88.0,1016.3,Modérée (10-30),,-5.628333333333334,-0.882083333333334,-1.6338524566188017,-0.3922582896956272,,0,0,0,3
2009-12-27,17.7,22.9,4.8,1.8,0.0,,,SSW,SSE,20,13,92,80,1017.9,1016.1,8,8,20.2,22.3,Yes,Yes,1,1,0,2009,12,Dec,2009-12-01,Q4,361,Été,20.299999999999997,5.199999999999999,16.5,86.0,1017.0,Faible (1-10),,-2.9283333333333346,-0.882083333333334,-0.8500677424575764,-0.3922582896956272,,0,0,0,0
2009-12-28,20.1,23.1,16.0,2.6,1.4,,,SE,S,13,22,97,83,1014.8,1015.4,8,7,20.6,22.7,Yes,Yes,1,1,0,2009,12,Dec,2009-12-01,Q4,362,Été,21.6,3.0,17.5,90.0,1015.0999999999999,Modérée (10-30),,-2.7283333333333317,1.5179166666666681,-0.79200961548267,0.6750103681441522,,0,0,0,0
2009-12-29,19.8,26.1,5.4,2.4,11.9,,,S,SE,17,17,69,55,1021.4,1021.2,4,1,23.0,25.9,Yes,No,1,0,0,2009,12,Dec,2009-12-01,Q4,363,Été,22.950000000000003,6.300000000000001,17.0,62.0,1021.3,Faible (1-10),,0.2716666666666683,1.2179166666666674,0.0788622891409139,0.5416017859141796,,0,0,0,0
2009-12-30,19.8,25.2,0.0,8.6,12.8,,,S,SSE,20,20,66,57,1025.0,1023.1,5,4,22.4,24.5,No,No,0,0,0,2009,12,Dec,2009-12-01,Q4,364,Été,22.5,5.399999999999999,20.0,61.5,1024.05,Sec (≤1 mm),,-0.6283333333333339,1.2179166666666674,-0.1823992822461619,0.5416017859141796,,0,0,0,0
2009-12-31,20.1,24.8,0.0,8.0,2.0,,,W,ENE,2,11,92,83,1020.9,1017.2,8,8,20.9,23.3,No,No,0,0,0,2009,12,Dec,2009-12-01,Q4,365,Été,22.450000000000003,4.699999999999999,6.5,87.5,1019.05,Sec (≤1 mm),,-1.0283333333333324,1.5179166666666681,-0.29851553619597265,0.6750103681441522,,0,0,0,0
2010-01-01,20.9,29.3,0.4,2.8,1.1,,,E,E,2,19,84,56,1013.9,1010.4,8,7,24.3,29.0,No,No,0,0,0,2010,1,Jan,2010-01-01,Q1,1,Été,25.1,8.400000000000002,10.5,70.0,1012.15,Sec (≤1 mm),,1.8231046931407953,0.5963898916967487,0.4756461598276289,0.28075501754541665,,0,0,0,0
2010-01-02,23.3,30.7,0.0,6.8,4.8,,,W,E,15,19,70,79,1007.7,1005.7,7,7,25.6,24.9,No,Yes,0,1,0,2010,1,Jan,2010-01-01,Q1,2,Été,27.0,7.399999999999999,17.0,74.5,1006.7,Sec (≤1 mm),,3.223104693140794,2.996389891696751,0.8409047356318947,1.4105730300405366,,0,0,0,0
2010-01-03,18.9,21.5,8.6,7.0,0.0,,,W,E,15,19,80,74,1015.3,1016.0,8,8,20.1,20.8,Yes,No,1,0,0,2010,1,Jan,2010-01-01,Q1,3,Été,20.2,2.6000000000000014,17.0,77.0,1015.65,Faible (1-10),,-5.9768953068592054,-1.4036101083032513,-1.5593659053675681,-0.6607599928671826,,0,0,0,0
2010-01-04,18.2,23.9,1.0,2.4,2.8,,,E,ENE,7,19,64,58,1020.6,1019.1,7,7,21.4,23.2,No,No,0,0,0,2010,1,Jan,2010-01-01,Q1,4,Été,21.049999999999997,5.699999999999999,13.0,61.0,1019.85,Sec (≤1 mm),,-3.576895306859207,-2.1036101083032506,-0.9332083468459695,-0.9902902465115919,,0,0,0,0
2010-01-05,18.3,26.1,0.2,4.6,10.4,,,ENE,ENE,13,20,64,60,1018.1,1014.6,1,2,23.6,25.7,No,No,0,0,0,2010,1,Jan,2010-01-01,Q1,5,Été,22.200000000000003,7.800000000000001,16.5,62.0,1016.35,Sec (≤1 mm),,-1.376895306859204,-2.003610108303249,-0.3592305848678363,-0.9432144959909613,,0,0,0,0
2010-01-06,21.8,27.6,0.0,8.4,9.5,,,S,SE,15,17,83,71,1015.9,1013.8,7,5,22.5,24.8,No,No,0,0,0,2010,1,Jan,2010-01-01,Q1,6,Été,24.700000000000003,5.800000000000001,16.0,77.0,1014.8499999999999,Sec (≤1 mm),,0.12310469314079597,1.4963898916967509,0.0321178892081631,0.7044367722310872,,0,0,0,0
2010-01-07,20.8,24.9,0.0,8.0,0.8,,,S,SE,13,15,66,59,1018.3,1017.4,8,8,21.8,23.4,No,No,0,0,0,2010,1,Jan,2010-01-01,Q1,7,Été,22.85,4.099999999999998,14.0,62.5,1017.8499999999999,Sec (≤1 mm),,-2.576895306859207,0.49638989169675085,-0.6723093641286366,0.23367926702478767,,0,0,0,0
2010-01-08,20.9,25.6,0.4,6.0,7.7,,,E,E,13,24,66,59,1021.7,1019.7,7,2,22.9,25.5,No,No,0,0,0,2010,1,Jan,2010-01-01,Q1,8,Été,23.25,4.700000000000003,18.5,62.5,1020.7,Sec (≤1 mm),,-1.876895306859204,0.5963898916967487,-0.4896800762265028,0.28075501754541665,,0,0,0,0
2010-01-09,20.8,32.4,0.0,5.4,13.2,,,WSW,NE,2,13,76,51,1018.0,1014.6,1,3,24.4,30.6,No,No,0,0,0,2010,1,Jan,2010-01-01,Q1,9,Été,26.6,11.599999999999998,7.5,63.5,1016.3,Sec (≤1 mm),,4.923104693140793,0.49638989169675085,1.2844330062513605,0.23367926702478767,,0,0,0,0
2010-01-10,24.1,30.0,0.0,11.0,12.7,,,N,SSE,2,20,65,56,1016.1,1015.4,1,2,28.3,28.9,No,No,0,0,0,2010,1,Jan,2010-01-01,Q1,10,Été,27.05,5.899999999999999,11.0,60.5,1015.75,Sec (≤1 mm),,2.5231046931407946,3.7963898916967516,0.6582754477297618,1.7871790342055767,,0,0,0,0
2010-01-11,22.1,25.8,0.0,8.6,7.8,,,E,NE,11,24,64,60,1019.4,1016.1,6,3,24.2,25.8,No,No,0,0,0,2010,1,Jan,2010-01-01,Q1,11,Été,23.950000000000003,3.6999999999999993,17.5,62.0,1017.75,Sec (≤1 mm),,-1.6768953068592047,1.7963898916967516,-0.4375002796830364,0.8456640237929774,,0,0,0,0
2010-01-12,23.0,30.3,0.0,8.8,9.4,,,N,ENE,6,26,77,65,1013.0,1008.5,7,1,25.0,28.4,No,No,0,0,0,2010,1,Jan,2010-01-01,Q1,12,Été,26.65,7.300000000000001,16.0,71.0,1010.75,Sec (≤1 mm),,2.8231046931407953,2.69638989169675,0.7365451425449618,1.2693457784786464,,0,0,0,0
2010-01-13,23.7,27.7,0.2,9.2,8.8,,,SSE,SSE,19,35,64,69,1010.9,1011.0,1,6,27.0,25.4,No,Yes,0,1,0,2010,1,Jan,2010-01-01,Q1,13,Été,25.7,4.0,27.0,66.5,1010.95,Sec (≤1 mm),,0.22310469314079384,3.3963898916967494,0.05820778747989584,1.5988760321230557,,0,0,0,0
2010-01-14,19.5,22.9,13.0,7.8,0.2,,,S,S,22,17,90,75,1017.7,1017.6,8,8,19.6,21.0,Yes,No,1,0,0,2010,1,Jan,2010-01-01,Q1,14,Été,21.2,3.3999999999999986,19.5,82.5,1017.6500000000001,Modérée (10-30),,-4.576895306859207,-0.8036101083032499,-1.1941073295633025,-0.3783054897434021,,0,0,0,0
2010-01-15,19.0,25.1,0.2,3.8,3.0,,,SSW,ESE,9,17,83,74,1018.9,1017.2,8,7,21.7,24.4,No,No,0,0,0,2010,1,Jan,2010-01-01,Q1,15,Été,22.05,6.100000000000001,13.0,78.5,1018.05,Sec (≤1 mm),,-2.376895306859204,-1.3036101083032499,-0.6201295675851692,-0.613684242346552,,0,0,0,0
2010-01-16,21.7,25.9,0.2,5.4,4.8,,,NE,ENE,11,22,72,63,1014.0,1009.6,6,7,23.4,24.5,No,No,0,0,0,2010,1,Jan,2010-01-01,Q1,16,Été,23.799999999999997,4.199999999999999,16.5,67.5,1011.8,Sec (≤1 mm),,-1.5768953068592069,1.3963898916967494,-0.41141038141130365,0.6573610217104566,,0,0,0,0
2010-01-17,20.3,27.3,0.0,6.6,10.3,,,W,SSE,0,26,64,68,1004.2,1003.0,3,7,24.6,25.6,No,No,0,0,0,2010,1,Jan,2010-01-01,Q1,17,Été,23.8,7.0,13.0,66.0,1003.6,Sec (≤1 mm),,-0.17689530685920474,-0.0036101083032491488,-0.046151805607036966,-0.0016994855783621166,,0,0,0,0
2010-01-18,16.7,25.7,0.0,8.0,13.0,,,W,W,15,28,55,14,1002.9,1002.5,1,2,21.0,25.1,No,No,0,0,0,2010,1,Jan,2010-01-01,Q1,18,Été,21.2,9.0,21.5,34.5,1002.7,Sec (≤1 mm),,-1.7768953068592062,-3.6036101083032506,-0.46359017795477003,-1.6964265043210414,,0,0,0,0
2010-01-19,15.6,26.8,0.0,10.0,13.3,,,WSW,E,15,22,39,31,1009.5,1007.4,1,1,19.8,22.9,No,No,0,0,0,2010,1,Jan,2010-01-01,Q1,19,Été,21.2,11.200000000000001,18.5,35.0,1008.45,Sec (≤1 mm),,-0.6768953068592047,-4.70361010830325,-0.17660129696570342,-2.2142597600479705,,0,0,0,0
2010-01-20,17.4,28.9,0.0,10.4,13.0,,,WNW,E,7,24,41,34,1010.4,1007.8,0,0,23.2,26.6,No,No,0,0,0,2010,1,Jan,2010-01-01,Q1,20,Été,23.15,11.5,15.5,37.5,1009.0999999999999,Sec (≤1 mm),,1.4231046931407931,-2.9036101083032513,0.3712865667406952,-1.366896250676632,,0,0,0,0
2010-01-21,19.5,27.4,0.0,9.0,12.8,,,W,E,6,24,74,58,1012.3,1008.4,3,2,24.0,27.4,No,No,0,0,0,2010,1,Jan,2010-01-01,Q1,21,Été,23.45,7.899999999999999,15.0,66.0,1010.3499999999999,Sec (≤1 mm),,-0.07689530685920687,-0.8036101083032499,-0.020061907335304226,-0.3783054897434021,,0,0,0,0
2010-01-22,22.6,32.6,0.0,8.2,9.6,,,W,E,7,15,77,64,1013.6,1008.8,3,2,25.0,29.2,No,No,0,0,0,2010,1,Jan,2010-01-01,Q1,22,Été,27.6,10.0,11.0,70.5,1011.2,Sec (≤1 mm),,5.123104693140796,2.2963898916967516,1.3366128027948279,1.0810427763961272,,0,0,0,0
2010-01-23,25.0,41.3,0.0,13.4,5.6,,,NW,SSE,26,6,28,17,1007.8,1005.4,5,5,31.9,39.9,No,Yes,0,1,0,2010,1,Jan,2010-01-01,Q1,23,Été,33.15,16.299999999999997,16.0,22.5,1006.5999999999999,Sec (≤1 mm),,13.823104693140792,4.69638989169675,3.6064339524356233,2.2108607888912455,Chaleur extrême,0,0,0,0
2010-01-24,18.4,23.0,6.2,8.6,0.1,,,SSW,ESE,7,11,92,66,1016.3,1014.5,8,8,19.5,22.6,Yes,No,1,0,0,2010,1,Jan,2010-01-01,Q1,24,Été,20.7,4.600000000000001,9.0,79.0,1015.4,Faible (1-10),,-4.4768953068592054,-1.9036101083032513,-1.1680174312915688,-0.8961387454703323,,0,0,0,0
2010-01-25,19.5,26.1,0.4,3.6,2.8,,,WNW,E,2,19,80,70,1014.8,1011.8,8,7,22.4,25.7,No,No,0,0,0,2010,1,Jan,2010-01-01,Q1,25,Été,22.8,6.600000000000001,10.5,75.0,1013.3,Sec (≤1 mm),,-1.376895306859204,-0.8036101083032499,-0.3592305848678363,-0.3783054897434021,,0,0,0,0
2010-01-26,22.3,29.0,0.0,4.0,8.6,,,NE,ENE,6,19,83,69,1010.9,1007.2,6,3,25.1,27.7,No,No,0,0,0,2010,1,Jan,2010-01-01,Q1,26,Été,25.65,6.699999999999999,12.5,76.0,1009.05,Sec (≤1 mm),,1.5231046931407946,1.9963898916967509,0.39737646501242885,0.939815524834237,,0,0,0,0
2010-01-27,22.9,27.1,0.0,6.2,4.6,,,S,SSE,19,20,78,72,1015.1,1013.6,8,8,23.4,25.0,No,No,0,0,0,2010,1,Jan,2010-01-01,Q1,27,Été,25.0,4.200000000000003,19.5,75.0,1014.35,Sec (≤1 mm),,-0.376895306859204,2.5963898916967487,-0.09833160215050336,1.2222700279580159,,0,0,0,0
2010-01-28,22.2,26.6,0.0,4.8,1.8,,,W,ENE,0,17,80,81,1012.1,1009.5,8,8,23.7,24.6,No,Yes,0,1,0,2010,1,Jan,2010-01-01,Q1,28,Été,24.4,4.400000000000002,8.5,80.5,1010.8,Sec (≤1 mm),,-0.876895306859204,1.8963898916967494,-0.22878109350916984,0.8927397743136064,,0,0,0,0
2010-01-29,19.6,30.2,2.6,3.4,9.5,,,WNW,SE,7,20,81,53,1008.6,1010.0,1,1,22.2,29.6,Yes,Yes,1,1,0,2010,1,Jan,2010-01-01,Q1,29,Été,24.9,10.599999999999998,13.5,67.0,1009.3,Faible (1-10),,2.723104693140794,-0.7036101083032484,0.7104552442732281,-0.3312297392227715,,0,0,0,0
2010-01-30,20.5,27.3,2.6,6.4,7.0,,,S,SE,26,13,82,66,1018.6,1017.9,8,7,21.6,26.4,Yes,No,1,0,0,2010,1,Jan,2010-01-01,Q1,30,Été,23.9,6.800000000000001,19.5,74.0,1018.25,Faible (1-10),,-0.17689530685920474,0.19638989169675014,-0.046151805607036966,0.09245201546289747,,0,0,0,0
2010-01-31,21.5,26.6,0.0,5.4,9.2,,,E,E,19,24,75,70,1016.7,1014.6,6,7,25.6,26.0,No,No,0,0,0,2010,1,Jan,2010-01-01,Q1,31,Été,24.05,5.100000000000001,21.5,72.5,1015.6500000000001,Sec (≤1 mm),,-0.876895306859204,1.1963898916967501,-0.22878109350916984,0.563209520669197,,0,0,0,0
2010-02-01,22.6,27.7,0.0,7.8,7.9,,,E,E,13,24,73,66,1015.9,1016.1,6,7,25.6,26.6,No,No,0,0,0,2010,2,Feb,2010-02-01,Q1,32,Été,25.15,5.099999999999998,18.5,69.5,1016.0,Sec (≤1 mm),,0.8192156862745072,2.4137254901960787,0.2571236390824636,1.1505739347195003,,0,0,0,0
2010-02-02,22.7,27.7,0.6,8.0,9.8,,,ESE,SE,19,30,61,60,1017.8,1016.4,6,7,25.0,25.9,No,Yes,0,1,0,2010,2,Feb,2010-02-01,Q1,33,Été,25.2,5.0,24.5,60.5,1017.0999999999999,Sec (≤1 mm),,0.8192156862745072,2.5137254901960766,0.2571236390824636,1.1982419043951242,,0,0,0,0
2010-02-03,21.4,27.3,23.4,6.4,7.3,,,E,E,26,26,90,66,1014.9,1014.3,7,4,22.0,27.2,Yes,Yes,1,1,0,2010,2,Feb,2010-02-01,Q1,34,Été,24.35,5.900000000000002,26.0,78.0,1014.5999999999999,Modérée (10-30),,0.41921568627450867,1.213725490196076,0.13157739118197878,0.5785582986119976,,0,0,0,0
2010-02-04,21.9,27.2,3.4,6.0,3.9,,,E,E,28,28,83,76,1013.9,1011.3,7,7,25.2,26.1,Yes,Yes,1,1,0,2010,2,Feb,2010-02-01,Q1,35,Été,24.549999999999997,5.300000000000001,28.0,79.5,1012.5999999999999,Faible (1-10),,0.31921568627450725,1.713725490196076,0.10019082920685704,0.8168981469901231,,0,0,0,0
2010-02-05,23.1,26.5,4.0,4.8,3.0,,,NE,NNE,11,19,79,88,1010.1,1008.8,7,7,25.8,24.9,Yes,Yes,1,1,0,2010,2,Feb,2010-02-01,Q1,36,Été,24.8,3.3999999999999986,15.0,83.5,1009.45,Faible (1-10),,-0.38078431372549204,2.9137254901960787,-0.11951510461899192,1.3889137830976257,,0,0,0,0
2010-02-06,20.5,22.4,31.2,5.0,0.0,,,S,S,31,24,95,95,1015.7,1016.2,7,8,21.6,22.2,Yes,Yes,1,1,0,2010,2,Feb,2010-02-01,Q1,37,Été,21.45,1.8999999999999986,27.5,95.0,1015.95,Forte (>30),,-4.4807843137254935,0.3137254901960773,-1.4063641455989662,0.14954657153137235,,0,0,0,0
2010-02-07,20.2,25.0,77.4,7.4,0.2,,,SSW,SE,19,15,95,86,1021.6,1020.8,7,8,21.1,23.8,Yes,Yes,1,1,0,2010,2,Feb,2010-02-01,Q1,38,Été,22.6,4.800000000000001,17.0,90.5,1021.2,Forte (>30),,-1.880784313725492,0.013725490196076606,-0.5903135342458116,0.006542662504496693,,1,0,0,0
2010-02-08,21.0,27.6,3.4,1.8,2.3,,,ESE,E,7,22,76,70,1022.9,1021.9,8,7,23.5,26.3,Yes,No,1,0,0,2010,2,Feb,2010-02-01,Q1,39,Été,24.3,6.600000000000001,14.5,73.0,1022.4,Faible (1-10),,0.7192156862745094,0.8137254901960773,0.22573707710734295,0.38788641990949785,,0,0,0,0
2010-02-09,22.8,27.6,0.0,5.8,9.9,,,W,E,4,24,83,65,1023.0,1021.2,6,3,24.3,27.3,No,No,0,0,0,2010,2,Feb,2010-02-01,Q1,40,Été,25.200000000000003,4.800000000000001,14.0,74.0,1022.1,Sec (≤1 mm),,0.7192156862745094,2.613725490196078,0.22573707710734295,1.2459098740707502,,0,0,0,0
2010-02-10,21.7,27.9,0.4,5.8,10.1,,,NE,ENE,9,20,72,61,1020.6,1017.6,2,2,25.6,27.3,No,No,0,0,0,2010,2,Feb,2010-02-01,Q1,41,Été,24.799999999999997,6.199999999999999,14.5,66.5,1019.1,Sec (≤1 mm),,1.0192156862745065,1.5137254901960766,0.319896763032706,0.7215622076388732,,0,0,0,0
2010-02-11,21.4,28.2,0.0,8.8,6.9,,,E,ENE,4,26,71,60,1017.1,1013.5,2,2,25.3,27.4,No,No,0,0,0,2010,2,Feb,2010-02-01,Q1,42,Été,24.799999999999997,6.800000000000001,15.0,65.5,1015.3,Sec (≤1 mm),,1.3192156862745072,1.213725490196076,0.41405644895807014,0.5785582986119976,,0,0,0,0
2010-02-12,23.9,37.8,0.0,9.0,9.8,,,W,WNW,2,15,71,32,1008.7,1005.5,6,7,26.9,37.4,No,Yes,0,1,0,2010,2,Feb,2010-02-01,Q1,43,Été,30.849999999999998,13.899999999999999,8.5,51.5,1007.1,Sec (≤1 mm),,10.919215686274505,3.713725490196076,3.4271663985697156,1.7702575405026253,Chaleur extrême,0,0,0,0
2010-02-13,21.4,25.5,70.0,9.4,0.3,,,S,E,17,11,92,80,1011.9,1010.2,8,8,22.1,25.2,Yes,Yes,1,1,0,2010,2,Feb,2010-02-01,Q1,44,Été,23.45,4.100000000000001,14.0,86.0,1011.05,Forte (>30),,-1.380784313725492,1.213725490196076,-0.43338072437020503,0.5785582986119976,,1,0,0,0
2010-02-14,22.1,26.4,10.0,2.0,1.4,,,W,E,9,11,91,92,1007.3,1004.5,7,8,23.5,23.9,Yes,Yes,1,1,0,2010,2,Feb,2010-02-01,Q1,45,Été,24.25,4.299999999999997,10.0,91.5,1005.9,Faible (1-10),,-0.48078431372549346,1.9137254901960787,-0.1509016665941137,0.9122340863413747,,0,0,0,0
2010-02-15,20.2,30.0,15.2,2.8,9.9,,,W,ENE,11,17,95,67,1006.7,1003.5,6,3,21.4,28.5,Yes,No,1,0,0,2010,2,Feb,2010-02-01,Q1,46,Été,25.1,9.8,14.0,81.0,1005.1,Modérée (10-30),,3.119215686274508,0.013725490196076606,0.979014564510254,0.006542662504496693,,0,0,0,0
2010-02-16,21.3,26.4,0.2,7.6,8.7,,,W,S,22,35,65,57,1011.8,1013.6,7,7,22.3,25.0,No,No,0,0,0,2010,2,Feb,2010-02-01,Q1,47,Été,23.85,5.099999999999998,28.5,61.0,1012.7,Sec (≤1 mm),,-0.48078431372549346,1.113725490196078,-0.1509016665941137,0.5308903289363736,,0,0,0,0
2010-02-17,18.5,25.6,0.0,7.8,12.8,,,SW,SE,9,20,64,56,1016.7,1016.0,3,2,21.4,25.4,No,No,0,0,0,2010,2,Feb,2010-02-01,Q1,48,Été,22.05,7.100000000000001,14.5,60.0,1016.35,Sec (≤1 mm),,-1.2807843137254906,-1.6862745098039227,-0.4019941623950833,-0.8038128219811298,,0,0,0,0
2010-02-18,18.3,25.9,0.0,8.0,12.0,,,SE,SE,19,20,52,51,1022.4,1023.4,5,5,23.7,24.9,No,No,0,0,0,2010,2,Feb,2010-02-01,Q1,49,Été,22.1,7.599999999999998,19.5,51.5,1022.9,Sec (≤1 mm),,-0.9807843137254935,-1.886274509803922,-0.30783447646972023,-0.8991487613323796,,0,0,0,0
2010-02-19,20.2,25.5,0.0,7.2,8.0,,,ESE,E,19,13,60,51,1024.8,1023.1,5,6,22.6,25.0,No,No,0,0,0,2010,2,Feb,2010-02-01,Q1,50,Été,22.85,5.300000000000001,16.0,55.5,1023.95,Sec (≤1 mm),,-1.380784313725492,0.013725490196076606,-0.43338072437020503,0.006542662504496693,,0,0,0,0
2010-02-20,18.9,27.3,0.0,6.4,11.8,,,W,NE,13,24,76,54,1021.9,1018.4,1,2,22.2,26.1,No,No,0,0,0,2010,2,Feb,2010-02-01,Q1,51,Été,23.1,8.400000000000002,18.5,65.0,1020.15,Sec (≤1 mm),,0.41921568627450867,-1.286274509803924,0.13157739118197878,-0.61314094327863,,0,0,0,0
2010-02-21,20.7,29.8,0.0,9.6,11.6,,,W,E,4,15,75,59,1018.0,1014.8,1,1,23.5,28.6,No,No,0,0,0,2010,2,Feb,2010-02-01,Q1,52,Été,25.25,9.100000000000001,9.5,67.0,1016.4,Sec (≤1 mm),,2.9192156862745087,0.5137254901960766,0.9162414405600116,0.24488251088262222,,0,0,0,0
2010-02-22,23.2,35.4,0.0,9.4,11.9,,,W,E,7,20,61,46,1015.4,1011.7,0,3,26.7,32.5,No,No,0,0,0,2010,2,Feb,2010-02-01,Q1,53,Été,29.299999999999997,12.2,13.5,53.5,1013.55,Sec (≤1 mm),,8.519215686274507,3.0137254901960766,2.6738889111668045,1.4365817527732498,,0,0,0,0
2010-02-23,26.0,28.6,0.0,10.4,7.4,,,S,SE,24,28,54,60,1013.6,1016.3,1,7,28.5,23.7,No,No,0,0,0,2010,2,Feb,2010-02-01,Q1,54,Été,27.3,2.6000000000000014,26.0,57.0,1014.95,Sec (≤1 mm),,1.7192156862745094,5.813725490196077,0.5396026968585561,2.771284903690753,,0,0,0,0
2010-02-24,21.1,24.1,0.0,9.2,1.5,,,ESE,E,9,13,55,52,1021.7,1021.4,8,7,22.4,23.8,No,No,0,0,0,2010,2,Feb,2010-02-01,Q1,55,Été,22.6,3.0,11.0,53.5,1021.55,Sec (≤1 mm),,-2.7807843137254906,0.9137254901960787,-0.872792592021903,0.43555438958512366,,0,0,0,0
2010-02-25,20.5,24.6,0.0,4.4,9.3,,,E,ESE,15,22,45,46,1026.4,1026.6,2,2,23.3,24.2,No,No,0,0,0,2010,2,Feb,2010-02-01,Q1,56,Été,22.55,4.100000000000001,18.5,45.5,1026.5,Sec (≤1 mm),,-2.2807843137254906,0.3137254901960773,-0.7158597821462964,0.14954657153137235,,0,0,0,0
2010-02-26,18.1,25.1,0.0,6.0,1.6,,,W,ESE,7,7,73,58,1027.0,1024.4,6,7,20.2,24.6,No,No,0,0,0,2010,2,Feb,2010-02-01,Q1,57,Été,21.6,7.0,7.0,65.5,1025.7,Sec (≤1 mm),,-1.7807843137254906,-2.0862745098039213,-0.5589269722706899,-0.9944847006836295,,0,0,0,0
2010-02-27,18.4,27.0,0.2,3.8,11.8,,,W,NE,2,19,79,60,1021.6,1017.8,5,1,21.9,26.5,No,No,0,0,0,2010,2,Feb,2010-02-01,Q1,58,Été,22.7,8.600000000000001,10.5,69.5,1019.7,Sec (≤1 mm),,0.11921568627450796,-1.786274509803924,0.037417705256614635,-0.8514807916567555,,0,0,0,0
2010-02-28,21.0,26.7,0.0,8.0,3.8,,,WSW,ESE,4,13,83,72,1017.1,1014.3,7,8,23.7,25.8,No,Yes,0,1,0,2010,2,Feb,2010-02-01,Q1,59,Été,23.85,5.699999999999999,8.5,77.5,1015.7,Sec (≤1 mm),,-0.18078431372549275,0.8137254901960773,-0.056741980668749525,0.38788641990949785,,0,0,0,0
2010-03-01,19.2,19.7,4.2,5.0,0.0,,,SSW,SE,19,17,68,84,1018.9,1018.4,8,8,19.4,19.2,Yes,Yes,1,1,0,2010,3,Mar,2010-03-01,Q1,60,Automne,19.45,0.5,18.0,76.0,1018.65,Faible (1-10),,-6.181290322580644,0.34258064516128783,-2.52300353866314,0.15968086620644367,,0,0,0,0
2010-03-02,17.3,23.0,9.0,3.8,1.3,,,SE,SE,17,17,52,52,1019.3,1018.2,7,7,19.5,21.8,Yes,No,1,0,0,2010,3,Mar,2010-03-01,Q1,61,Automne,20.15,5.699999999999999,17.0,52.0,1018.75,Faible (1-10),,-2.881290322580643,-1.5574193548387107,-1.1760498699164572,-0.7259314708518985,,0,0,0,0
2010-03-03,18.2,24.4,0.2,7.2,7.5,,,SE,ESE,11,19,53,53,1019.4,1018.2,3,5,22.7,23.5,No,No,0,0,0,2010,3,Mar,2010-03-01,Q1,62,Automne,21.299999999999997,6.199999999999999,15.0,53.0,1018.8,Sec (≤1 mm),,-1.4812903225806444,-0.6574193548387122,-0.604614980145138,-0.30643089014005254,,0,0,0,0
2010-03-04,17.2,25.2,0.0,4.4,7.9,,,W,E,0,26,73,67,1016.2,1013.7,7,5,20.9,24.7,No,No,0,0,0,2010,3,Mar,2010-03-01,Q1,63,Automne,21.2,8.0,13.0,70.0,1014.95,Sec (≤1 mm),,-0.6812903225806437,-1.6574193548387122,-0.27808075741866933,-0.7725426464865488,,0,0,0,0
2010-03-05,20.5,25.1,0.0,5.2,1.0,,,NE,ENE,20,15,72,83,1011.5,1009.6,7,8,23.9,23.5,No,Yes,0,1,0,2010,3,Mar,2010-03-01,Q1,64,Automne,22.8,4.600000000000001,17.5,77.5,1010.55,Sec (≤1 mm),,-0.7812903225806416,1.6425806451612885,-0.318897535259477,0.7656261494568891,,0,0,0,0
2010-03-06,20.9,26.7,14.0,3.4,6.2,,,NNW,NE,2,15,90,77,1011.9,1010.8,6,3,22.4,25.1,Yes,No,1,0,0,2010,3,Mar,2010-03-01,Q1,65,Automne,23.799999999999997,5.800000000000001,8.5,83.5,1011.3499999999999,Modérée (10-30),,0.8187096774193563,2.042580645161287,0.334170910193459,0.9520708519954869,,0,0,0,0
2010-03-07,22.3,26.4,0.0,5.0,5.0,,,ENE,ENE,19,33,71,68,1013.8,1012.0,2,7,25.0,25.6,No,No,0,0,0,2010,3,Mar,2010-03-01,Q1,66,Automne,24.35,4.099999999999998,26.0,69.5,1012.9,Sec (≤1 mm),,0.5187096774193556,3.4425806451612893,0.21172057667103308,1.6046273108805826,,0,0,0,0
2010-03-08,22.6,29.2,0.0,6.4,6.4,,,ENE,NE,11,17,72,65,1011.6,1009.6,6,7,24.8,27.4,No,No,0,0,0,2010,3,Mar,2010-03-01,Q1,67,Automne,25.9,6.599999999999998,14.0,68.5,1010.6,Sec (≤1 mm),,3.3187096774193563,3.74258064516129,1.354590356213673,1.7444608377845319,,0,0,0,0
2010-03-09,20.8,30.0,0.0,9.2,11.7,,,WNW,W,11,22,46,35,1013.4,1012.2,1,1,23.9,29.6,No,No,0,0,0,2010,3,Mar,2010-03-01,Q1,68,Automne,25.4,9.2,16.5,40.5,1012.8,Sec (≤1 mm),,4.118709677419357,1.9425806451612893,1.6811245789401417,0.9054596763608384,,0,0,0,0
2010-03-10,19.2,20.8,0.2,8.0,0.3,,,S,SSE,20,24,85,67,1020.8,1022.5,8,8,19.3,20.4,No,No,0,0,0,2010,3,Mar,2010-03-01,Q1,69,Automne,20.0,1.6000000000000014,22.0,76.0,1021.65,Sec (≤1 mm),,-5.081290322580642,0.34258064516128783,-2.074018982414245,0.15968086620644367,,0,0,0,0
2010-03-11,18.2,24.2,0.0,5.2,9.0,,,S,SSE,24,24,63,49,1031.1,1031.5,2,4,20.4,23.6,No,No,0,0,0,2010,3,Mar,2010-03-01,Q1,70,Automne,21.2,6.0,24.0,56.0,1031.3,Sec (≤1 mm),,-1.6812903225806437,-0.6574193548387122,-0.6862485358267548,-0.30643089014005254,,0,0,0,0
2010-03-12,18.7,24.5,0.2,9.0,7.9,,,SE,SE,19,28,55,54,1035.0,1034.8,2,4,23.3,22.5,No,No,0,0,0,2010,3,Mar,2010-03-01,Q1,71,Automne,21.6,5.800000000000001,23.5,54.5,1034.9,Sec (≤1 mm),,-1.381290322580643,-0.15741935483871217,-0.5637982023043289,-0.07337501196680443,,0,0,0,0
2010-03-13,17.4,24.7,0.0,7.4,7.1,,,SSE,SE,22,19,68,52,1034.3,1032.9,2,6,20.5,22.8,No,Yes,0,1,0,2010,3,Mar,2010-03-01,Q1,72,Automne,21.049999999999997,7.300000000000001,20.5,60.0,1033.6,Sec (≤1 mm),,-1.1812903225806437,-1.4574193548387129,-0.4821646466227121,-0.6793202952172499,,0,0,0,0
2010-03-14,16.2,24.6,5.6,5.6,6.9,,,W,ESE,13,17,87,50,1030.4,1027.8,2,5,18.7,23.0,Yes,No,1,0,0,2010,3,Mar,2010-03-01,Q1,73,Automne,20.4,8.400000000000002,15.0,68.5,1029.1,Faible (1-10),,-1.2812903225806416,-2.657419354838712,-0.5229814244635198,-1.238654402833045,,0,0,0,0
2010-03-15,18.0,25.2,0.0,5.4,5.9,,,W,E,11,15,78,57,1025.7,1022.4,7,2,19.7,24.5,No,No,0,0,0,2010,3,Mar,2010-03-01,Q1,74,Automne,21.6,7.199999999999999,13.0,67.5,1024.05,Sec (≤1 mm),,-0.6812903225806437,-0.8574193548387115,-0.27808075741866933,-0.3996532414093515,,0,0,0,0
2010-03-16,17.4,25.5,0.0,5.8,11.0,,,W,E,15,19,82,54,1023.5,1022.7,3,1,20.0,25.1,No,No,0,0,0,2010,3,Mar,2010-03-01,Q1,75,Automne,21.45,8.100000000000001,17.0,68.0,1023.1,Sec (≤1 mm),,-0.381290322580643,-1.4574193548387129,-0.15563042389624335,-0.6793202952172499,,0,0,0,0
2010-03-17,15.6,26.0,0.0,5.4,11.3,,,W,E,13,19,80,54,1025.7,1024.5,0,1,18.8,24.4,No,No,0,0,0,2010,3,Mar,2010-03-01,Q1,76,Automne,20.8,10.4,16.0,67.0,1025.1,Sec (≤1 mm),,0.11870967741935701,-3.257419354838712,0.048453465307799426,-1.5183214566409426,,0,0,0,0
2010-03-18,17.0,26.5,0.0,6.6,10.2,,,W,ENE,9,17,77,51,1026.5,1023.7,6,4,19.8,25.3,No,No,0,0,0,2010,3,Mar,2010-03-01,Q1,77,Automne,21.75,9.5,13.0,64.0,1025.1,Sec (≤1 mm),,0.618709677419357,-1.8574193548387115,0.2525373545118422,-0.8657649977558477,,0,0,0,0
2010-03-19,18.2,27.4,0.0,7.0,11.2,,,W,ENE,6,17,82,60,1022.2,1019.2,6,3,20.1,26.9,No,No,0,0,0,2010,3,Mar,2010-03-01,Q1,78,Automne,22.799999999999997,9.2,11.5,71.0,1020.7,Sec (≤1 mm),,1.5187096774193556,-0.6574193548387122,0.6198883550791187,-0.30643089014005254,,0,0,0,0
2010-03-20,19.8,29.0,0.0,6.2,11.1,,,W,E,15,15,64,68,1021.0,1019.5,3,1,22.8,26.5,No,No,0,0,0,2010,3,Mar,2010-03-01,Q1,79,Automne,24.4,9.2,15.0,66.0,1020.25,Sec (≤1 mm),,3.118709677419357,0.9425806451612893,1.2729568005320562,0.4393479200143421,,0,0,0,0
2010-03-21,21.7,30.9,0.0,7.0,9.0,,,W,E,9,19,64,56,1017.9,1014.3,6,6,23.5,28.0,No,No,0,0,0,2010,3,Mar,2010-03-01,Q1,80,Automne,26.299999999999997,9.2,14.0,60.0,1016.0999999999999,Sec (≤1 mm),,5.018709677419356,2.842580645161288,2.0484755795074183,1.3249602570726842,,0,0,0,0
2010-03-22,20.8,25.0,0.0,8.4,6.3,,,ESE,ESE,9,19,64,57,1020.1,1018.7,7,5,22.5,24.1,No,No,0,0,0,2010,3,Mar,2010-03-01,Q1,81,Automne,22.9,4.199999999999999,14.0,60.5,1019.4000000000001,Sec (≤1 mm),,-0.881290322580643,1.9425806451612893,-0.3597143131002861,0.9054596763608384,,0,0,0,0
2010-03-23,18.7,27.0,0.0,4.4,10.9,,,WNW,ENE,13,22,74,60,1020.1,1017.4,0,5,21.6,26.1,No,No,0,0,0,2010,3,Mar,2010-03-01,Q1,82,Automne,22.85,8.3,17.5,67.0,1018.75,Sec (≤1 mm),,1.118709677419357,-0.15741935483871217,0.456621243715885,-0.07337501196680443,,0,0,0,0
2010-03-24,18.7,26.0,0.0,7.6,6.1,,,W,ESE,17,20,79,58,1021.6,1020.8,7,5,20.3,25.3,No,No,0,0,0,2010,3,Mar,2010-03-01,Q1,83,Automne,22.35,7.300000000000001,18.5,68.5,1021.2,Sec (≤1 mm),,0.11870967741935701,-0.15741935483871217,0.048453465307799426,-0.07337501196680443,,0,0,0,0
2010-03-25,19.5,25.5,0.0,4.0,8.7,,,W,NE,7,20,75,61,1023.4,1019.6,6,1,21.1,24.8,No,No,0,0,0,2010,3,Mar,2010-03-01,Q1,84,Automne,22.5,6.0,13.5,68.0,1021.5,Sec (≤1 mm),,-0.381290322580643,0.6425806451612885,-0.15563042389624335,0.29951439311039285,,0,0,0,0
2010-03-26,19.5,29.6,0.0,5.6,8.9,,,W,ENE,9,9,80,52,1019.1,1015.4,0,2,22.6,29.5,No,No,0,0,0,2010,3,Mar,2010-03-01,Q1,85,Automne,24.55,10.100000000000001,9.0,66.0,1017.25,Sec (≤1 mm),,3.7187096774193584,0.6425806451612885,1.517857467576908,0.29951439311039285,,0,0,0,0
2010-03-27,22.4,26.9,0.0,7.4,7.2,,,SSW,S,17,19,80,66,1019.6,1018.4,6,7,23.0,25.5,No,No,0,0,0,2010,3,Mar,2010-03-01,Q1,86,Automne,24.65,4.5,18.0,73.0,1019.0,Sec (≤1 mm),,1.0187096774193556,3.542580645161287,0.41580446587507586,1.6512384865152312,,0,0,0,0
2010-03-28,20.8,26.4,0.0,5.4,8.2,,,W,NE,6,19,82,66,1019.2,1014.9,2,7,23.1,26.2,No,No,0,0,0,2010,3,Mar,2010-03-01,Q1,87,Automne,23.6,5.599999999999998,12.5,74.0,1017.05,Sec (≤1 mm),,0.5187096774193556,1.9425806451612893,0.21172057667103308,0.9054596763608384,,0,0,0,0
2010-03-29,22.4,27.5,0.0,2.8,0.1,,,W,W,7,11,78,56,1016.9,1016.4,7,8,23.2,26.7,No,Yes,0,1,0,2010,3,Mar,2010-03-01,Q1,88,Automne,24.95,5.100000000000001,9.0,67.0,1016.65,Sec (≤1 mm),,1.618709677419357,3.542580645161287,0.6607051329199278,1.6512384865152312,,0,0,0,0
2010-03-30,20.5,21.3,4.0,4.8,0.0,,,SSW,SSW,4,9,92,88,1019.8,1018.4,8,8,20.6,21.2,Yes,Yes,1,1,0,2010,3,Mar,2010-03-01,Q1,89,Automne,20.9,0.8000000000000007,6.5,90.0,1019.0999999999999,Faible (1-10),,-4.581290322580642,1.6425806451612885,-1.8699350932102023,0.7656261494568891,,0,0,0,0
2010-03-31,18.9,23.1,14.0,2.6,3.1,,,S,S,24,30,68,67,1019.5,1017.5,7,6,21.0,22.0,Yes,No,1,0,0,2010,3,Mar,2010-03-01,Q1,90,Automne,21.0,4.200000000000003,27.0,67.5,1018.5,Modérée (10-30),,-2.7812903225806416,0.04258064516128712,-1.1352330920756482,0.019847339302494476,,0,0,0,0
2010-04-01,16.0,25.3,0.2,3.6,10.8,,,W,S,24,19,68,45,1018.3,1016.3,2,1,18.4,24.8,No,No,0,0,0,2010,4,Apr,2010-04-01,Q2,91,Automne,20.65,9.3,21.5,56.5,1017.3,Sec (≤1 mm),,1.808301886792453,0.6407547169811334,0.648661172422364,0.2795938391903124,,0,0,0,0
2010-04-02,17.2,24.6,0.0,5.8,9.4,,,W,S,13,24,74,46,1019.9,1018.5,5,2,19.0,24.3,No,No,0,0,0,2010,4,Apr,2010-04-01,Q2,92,Automne,20.9,7.400000000000002,18.5,60.0,1019.2,Sec (≤1 mm),,1.1083018867924537,1.8407547169811327,0.3975621584733899,0.8032148101120975,,0,0,0,0
2010-04-03,15.9,24.0,0.0,6.6,7.2,,,WNW,SE,17,15,72,56,1021.4,1020.0,2,3,18.6,22.1,No,Yes,0,1,0,2010,4,Apr,2010-04-01,Q2,93,Automne,19.95,8.1,16.0,64.0,1020.7,Sec (≤1 mm),,0.5083018867924523,0.5407547169811338,0.18233443223141135,0.23595875828016377,,0,0,0,0
2010-04-04,15.4,22.4,6.8,3.2,6.6,,,W,SSE,13,19,84,59,1022.9,1020.5,6,6,17.7,20.7,Yes,Yes,1,1,0,2010,4,Apr,2010-04-01,Q2,94,Automne,18.9,6.999999999999998,16.0,71.5,1021.7,Faible (1-10),,-1.0916981132075492,0.040754716981133754,-0.39160617108053053,0.01778335372941986,,0,0,0,0
2010-04-05,15.2,21.5,1.2,4.4,2.5,,,WNW,SE,9,7,76,64,1021.1,1019.0,5,7,19.6,20.5,Yes,No,1,0,0,2010,4,Apr,2010-04-01,Q2,95,Automne,18.35,6.300000000000001,8.0,70.0,1020.05,Faible (1-10),,-1.9916981132075477,-0.1592452830188673,-0.7144477604434971,-0.06948680809087818,,0,0,0,0
2010-04-06,17.0,23.3,0.8,2.2,3.6,,,W,E,0,17,74,62,1020.5,1017.6,6,7,21.4,22.4,No,Yes,0,1,0,2010,4,Apr,2010-04-01,Q2,96,Automne,20.15,6.300000000000001,8.5,68.0,1019.05,Sec (≤1 mm),,-0.19169811320754704,1.6407547169811334,-0.06876458171756274,0.7159446482918003,,0,0,0,0
2010-04-07,18.5,25.9,3.8,2.8,1.1,,,NNE,NNW,15,22,90,65,1016.6,1012.3,8,7,19.1,24.5,Yes,Yes,1,1,0,2010,4,Apr,2010-04-01,Q2,97,Automne,22.2,7.399999999999999,18.5,77.5,1014.45,Faible (1-10),,2.408301886792451,3.1407547169811334,0.8638888986643413,1.370470861944032,,0,0,0,0
2010-04-08,19.0,28.7,3.0,1.4,9.4,,,W,SSE,17,17,77,71,1012.5,1011.8,3,3,22.2,24.3,Yes,Yes,1,1,0,2010,4,Apr,2010-04-01,Q2,98,Automne,23.85,9.7,17.0,74.0,1012.15,Faible (1-10),,5.2083018867924515,3.6407547169811334,1.868284954460239,1.5886462664947758,,0,0,0,0
2010-04-09,16.4,25.0,4.4,5.0,9.9,,,WNW,SE,15,20,68,55,1014.8,1011.1,2,6,20.8,22.4,Yes,No,1,0,0,2010,4,Apr,2010-04-01,Q2,99,Automne,20.7,8.600000000000001,17.5,61.5,1012.95,Faible (1-10),,1.5083018867924523,1.040754716981132,0.5410473093013747,0.4541341628309069,,0,0,0,0
2010-04-10,17.2,27.9,0.0,6.2,7.4,,,W,E,9,17,78,41,1010.5,1007.6,6,1,18.6,27.6,No,No,0,0,0,2010,4,Apr,2010-04-01,Q2,100,Automne,22.549999999999997,10.7,13.0,59.5,1009.05,Sec (≤1 mm),,4.408301886792451,1.8407547169811327,1.581314652804268,0.8032148101120975,,0,0,0,0
2010-04-11,18.6,27.9,0.0,3.8,10.1,,,NNW,WNW,15,20,58,33,1007.9,1006.0,5,3,24.5,27.7,No,No,0,0,0,2010,4,Apr,2010-04-01,Q2,101,Automne,23.25,9.299999999999997,17.5,45.5,1006.95,Sec (≤1 mm),,4.408301886792451,3.240754716981135,1.581314652804268,1.4141059428541813,,0,0,0,0
2010-04-12,14.9,24.5,0.0,8.6,10.6,,,W,WSW,30,20,33,22,1014.3,1011.7,1,2,16.8,24.2,No,No,0,0,0,2010,4,Apr,2010-04-01,Q2,102,Automne,19.7,9.6,25.0,27.5,1013.0,Sec (≤1 mm),,1.0083018867924523,-0.45924528301886625,0.36169087076639306,-0.20039205082132405,,0,0,0,0
2010-04-13,13.1,22.3,0.0,5.6,10.7,,,W,SSE,17,19,52,46,1021.8,1020.3,1,1,17.6,21.3,No,No,0,0,0,2010,4,Apr,2010-04-01,Q2,103,Automne,17.7,9.200000000000001,18.0,49.0,1021.05,Sec (≤1 mm),,-1.191698113207547,-2.259245283018867,-0.42747745878752613,-0.9858235072040025,,0,0,0,0
2010-04-14,12.3,25.0,0.0,3.8,10.7,,,W,ENE,15,17,71,49,1022.8,1019.3,0,2,15.9,23.0,No,No,0,0,0,2010,4,Apr,2010-04-01,Q2,104,Automne,18.65,12.7,16.0,60.0,1021.05,Sec (≤1 mm),,1.5083018867924523,-3.059245283018866,0.5410473093013747,-1.3349041544851923,,0,0,0,0
2010-04-15,14.9,24.9,0.0,6.0,9.3,,,W,ESE,15,19,77,62,1021.9,1020.5,6,3,17.5,23.3,No,No,0,0,0,2010,4,Apr,2010-04-01,Q2,105,Automne,19.9,9.999999999999998,17.0,69.5,1021.2,Sec (≤1 mm),,1.4083018867924508,-0.45924528301886625,0.5051760215943779,-0.20039205082132405,,0,0,0,0
2010-04-16,16.9,22.3,0.0,3.6,1.5,,,WNW,SSE,9,15,77,64,1027.0,1025.1,7,6,18.1,21.8,No,No,0,0,0,2010,4,Apr,2010-04-01,Q2,106,Automne,19.6,5.400000000000002,12.0,70.5,1026.05,Sec (≤1 mm),,-1.191698113207547,1.540754716981132,-0.42747745878752613,0.6723095673816508,,0,0,0,0
2010-04-17,15.8,25.3,0.6,2.4,10.8,,,W,ESE,11,15,82,63,1028.1,1026.0,1,3,19.1,24.2,No,No,0,0,0,2010,4,Apr,2010-04-01,Q2,107,Automne,20.55,9.5,13.0,72.5,1027.05,Sec (≤1 mm),,1.808301886792453,0.4407547169811341,0.648661172422364,0.19232367737001513,,0,0,0,0
2010-04-19,17.2,24.9,0.0,2.8,9.6,,,WNW,E,6,13,82,65,1026.0,1023.7,2,2,20.5,24.2,No,No,0,0,0,2010,4,Apr,2010-04-01,Q2,109,Automne,21.049999999999997,7.699999999999999,9.5,73.5,1024.85,Sec (≤1 mm),,1.4083018867924508,1.8407547169811327,0.5051760215943779,0.8032148101120975,,0,0,0,1
2010-04-20,17.3,24.8,0.0,4.4,9.3,,,W,E,13,15,87,57,1025.2,1021.7,1,5,20.0,24.4,No,No,0,0,0,2010,4,Apr,2010-04-01,Q2,110,Automne,21.05,7.5,14.0,72.0,1023.45,Sec (≤1 mm),,1.308301886792453,1.940754716981134,0.4693047338873823,0.8468498910222468,,0,0,0,0
2010-04-21,16.7,24.2,0.0,3.4,10.3,,,W,ENE,15,20,95,63,1023.4,1020.4,1,1,17.6,23.9,No,No,0,0,0,2010,4,Apr,2010-04-01,Q2,111,Automne,20.45,7.5,17.5,79.0,1021.9,Sec (≤1 mm),,0.7083018867924515,1.3407547169811327,0.2540770076454038,0.5850394055613536,,0,0,0,0
2010-04-22,16.7,25.7,0.0,5.4,10.6,,,WNW,E,11,19,81,63,1022.9,1019.4,1,1,19.3,23.9,No,No,0,0,0,2010,4,Apr,2010-04-01,Q2,112,Automne,21.2,9.0,15.0,72.0,1021.15,Sec (≤1 mm),,2.2083018867924515,1.3407547169811327,0.7921463232503488,0.5850394055613536,,0,0,0,0
2010-04-23,16.6,30.7,0.0,3.2,10.6,,,W,NE,13,11,68,50,1020.6,1016.0,1,1,20.2,26.5,No,No,0,0,0,2010,4,Apr,2010-04-01,Q2,113,Automne,23.65,14.099999999999998,12.0,59.0,1018.3,Sec (≤1 mm),,7.2083018867924515,1.2407547169811348,2.585710708600166,0.5414043246512057,,0,0,0,0
2010-04-24,20.2,28.6,0.0,7.2,3.4,,,NW,NNW,11,20,57,49,1014.3,1009.9,7,7,22.8,26.4,No,Yes,0,1,0,2010,4,Apr,2010-04-01,Q2,114,Automne,24.4,8.400000000000002,15.5,53.0,1012.0999999999999,Sec (≤1 mm),,5.108301886792454,4.840754716981133,1.8324136667532434,2.1122672374165608,,0,0,0,0
2010-04-25,17.2,22.8,8.8,5.0,3.8,,,W,S,20,20,77,70,1013.2,1013.5,7,5,17.3,19.2,Yes,No,1,0,0,2010,4,Apr,2010-04-01,Q2,115,Automne,20.0,5.600000000000001,20.0,73.5,1013.35,Faible (1-10),,-0.691698113207547,1.8407547169811327,-0.24812102025254443,0.8032148101120975,,0,0,0,0
2010-04-26,12.5,21.8,0.4,3.0,10.5,,,W,SE,24,15,56,46,1024.3,1022.3,1,1,15.1,21.5,No,No,0,0,0,2010,4,Apr,2010-04-01,Q2,116,Automne,17.15,9.3,19.5,51.0,1023.3,Sec (≤1 mm),,-1.691698113207547,-2.8592452830188666,-0.6068338973225078,-1.247633992664895,,0,0,0,0
2010-04-27,11.7,20.4,0.0,4.4,2.2,,,W,W,19,11,65,41,1020.4,1017.8,6,7,14.2,20.1,No,No,0,0,0,2010,4,Apr,2010-04-01,Q2,117,Automne,16.049999999999997,8.7,15.0,53.0,1019.0999999999999,Sec (≤1 mm),,-3.091698113207549,-3.6592452830188673,-1.1090319252204572,-1.5967146399460856,,0,0,0,0
2010-04-28,12.6,24.9,0.0,2.4,10.6,,,W,W,15,9,64,32,1021.0,1016.7,0,1,16.0,24.5,No,No,0,0,0,2010,4,Apr,2010-04-01,Q2,118,Automne,18.75,12.299999999999999,12.0,48.0,1018.85,Sec (≤1 mm),,1.4083018867924508,-2.759245283018867,0.5051760215943779,-1.2039989117547463,,0,0,0,0
2010-04-29,13.4,24.6,0.0,5.0,10.7,,,W,WNW,24,17,44,35,1019.9,1017.0,1,1,18.2,24.5,No,No,0,0,0,2010,4,Apr,2010-04-01,Q2,119,Automne,19.0,11.200000000000001,20.5,39.5,1018.45,Sec (≤1 mm),,1.1083018867924537,-1.9592452830188662,0.3975621584733899,-0.8549182644735558,,0,0,0,0
2010-04-30,14.0,19.4,0.0,5.0,0.3,,,W,S,20,13,79,64,1025.2,1024.4,8,7,14.4,19.2,No,Yes,0,1,0,2010,4,Apr,2010-04-01,Q2,120,Automne,16.7,5.399999999999999,16.5,71.5,1024.8000000000002,Sec (≤1 mm),,-4.091698113207549,-1.3592452830188666,-1.4677448022904207,-0.5931077790126632,,0,0,0,0
2010-05-01,14.3,21.7,1.8,2.4,4.6,,,W,ENE,13,13,89,74,1027.6,1024.4,7,6,15.1,20.6,Yes,No,1,0,0,2010,5,May,2010-05-01,Q2,121,Automne,18.0,7.399999999999999,13.0,81.5,1026.0,Faible (1-10),,0.5464516129032226,2.1893548387096775,0.2129226943479597,1.047052709453063,,0,0,0,0
2010-05-02,13.9,26.5,0.0,1.2,8.2,,,W,SW,19,2,90,30,1024.8,1022.1,2,1,15.3,26.3,No,No,0,0,0,2010,5,May,2010-05-01,Q2,122,Automne,20.2,12.6,10.5,60.0,1023.45,Sec (≤1 mm),,5.346451612903223,1.7893548387096772,2.0832235750431543,0.8557538499095535,,0,0,0,0
2010-05-03,14.8,23.1,0.2,4.0,6.5,,,W,ESE,15,6,75,60,1027.6,1024.3,4,6,18.0,22.7,No,No,0,0,0,2010,5,May,2010-05-01,Q2,123,Automne,18.950000000000003,8.3,10.5,67.5,1025.9499999999998,Sec (≤1 mm),,1.9464516129032248,2.6893548387096775,0.7584271178840588,1.2861762838824498,,0,0,0,0
2010-05-04,16.2,24.8,0.0,2.8,4.2,,,WNW,NE,2,17,80,54,1021.3,1015.8,7,5,19.2,24.2,No,No,0,0,0,2010,5,May,2010-05-01,Q2,124,Automne,20.5,8.600000000000001,9.5,67.0,1018.55,Sec (≤1 mm),,3.646451612903224,4.089354838709676,1.4208253464636065,1.955722292284732,,0,0,0,0
2010-05-05,15.4,21.1,0.0,3.8,5.9,,,NNE,W,7,28,59,41,1012.2,1011.3,7,3,18.7,18.1,No,Yes,0,1,0,2010,5,May,2010-05-01,Q2,125,Automne,18.25,5.700000000000001,17.5,50.0,1011.75,Sec (≤1 mm),,-0.05354838709677523,3.289354838709677,-0.020864915738938727,1.5731245731977137,,0,0,0,0
2010-05-06,10.4,22.3,2.0,4.4,10.2,,,W,WSW,24,7,48,34,1020.0,1018.3,1,1,13.9,21.5,Yes,No,1,0,0,2010,5,May,2010-05-01,Q2,126,Automne,16.35,11.9,15.5,41.0,1019.15,Faible (1-10),,1.146451612903224,-1.7106451612903228,0.44671030443485954,-0.8181111710961536,,0,0,0,0
2010-05-07,11.3,23.1,0.0,3.8,10.1,,,W,WSW,20,6,62,33,1022.4,1018.3,1,1,13.5,22.9,No,No,0,0,0,2010,5,May,2010-05-01,Q2,127,Automne,17.200000000000003,11.8,13.0,47.5,1020.3499999999999,Sec (≤1 mm),,1.9464516129032248,-0.8106451612903225,0.7584271178840588,-0.3876887371232573,,0,0,0,0
2010-05-08,11.1,24.4,0.0,4.0,10.1,,,W,E,20,11,65,46,1021.9,1019.3,1,1,14.1,22.6,No,No,0,0,0,2010,5,May,2010-05-01,Q2,128,Automne,17.75,13.299999999999999,15.5,55.5,1020.5999999999999,Sec (≤1 mm),,3.246451612903222,-1.0106451612903236,1.2649669397390062,-0.48333816689501247,,0,0,0,0
2010-05-09,12.3,24.6,0.0,2.0,10.2,,,W,E,15,17,68,50,1022.0,1018.3,1,1,15.3,22.4,No,No,0,0,0,2010,5,May,2010-05-01,Q2,129,Automne,18.450000000000003,12.3,16.0,59.0,1020.15,Sec (≤1 mm),,3.4464516129032248,0.1893548387096775,1.3428961431013071,0.09055841173551618,,0,0,0,0
2010-05-10,12.7,22.6,0.0,4.4,10.2,,,W,NE,13,19,78,61,1020.3,1015.8,1,1,15.7,22.0,No,No,0,0,0,2010,5,May,2010-05-01,Q2,130,Automne,17.65,9.900000000000002,16.0,69.5,1018.05,Sec (≤1 mm),,1.4464516129032248,0.5893548387096761,0.5636041094783094,0.2818572712790249,,0,0,0,0
2010-05-11,12.8,27.0,0.0,4.2,9.7,,,W,W,11,30,64,19,1012.6,1008.7,1,1,16.3,25.7,No,No,0,0,0,2010,5,May,2010-05-01,Q2,131,Automne,19.9,14.2,20.5,41.5,1010.6500000000001,Sec (≤1 mm),,5.846451612903223,0.6893548387096775,2.2780465834489037,0.3296819861649029,,0,0,0,0
2010-05-12,10.5,18.9,0.0,8.0,10.2,,,WSW,S,28,26,40,29,1017.9,1016.9,1,1,12.7,18.5,No,No,0,0,0,2010,5,May,2010-05-01,Q2,132,Automne,14.7,8.399999999999999,27.0,34.5,1017.4,Sec (≤1 mm),,-2.253548387096778,-1.6106451612903232,-0.8780861527242372,-0.7702864562102764,,0,0,0,0
2010-05-13,9.0,21.9,0.0,4.4,9.4,,,W,S,24,17,53,36,1018.8,1015.8,1,2,12.0,20.7,No,No,0,0,0,2010,5,May,2010-05-01,Q2,133,Automne,15.45,12.899999999999999,20.5,44.5,1017.3,Sec (≤1 mm),,0.7464516129032219,-3.110645161290323,0.2908518977102592,-1.4876571794984366,,0,0,0,0
2010-05-14,10.6,21.1,0.0,4.4,10.1,,,W,SW,19,22,60,35,1018.4,1014.9,1,2,13.0,20.3,No,No,0,0,0,2010,5,May,2010-05-01,Q2,134,Automne,15.850000000000001,10.500000000000002,20.5,47.5,1016.65,Sec (≤1 mm),,-0.05354838709677523,-1.5106451612903236,-0.020864915738938727,-0.7224617413243992,,0,0,0,0
2010-05-15,10.5,21.7,0.0,4.0,9.0,,,W,S,20,24,62,47,1017.6,1016.1,1,3,13.2,20.5,No,No,0,0,0,2010,5,May,2010-05-01,Q2,135,Automne,16.1,11.2,22.0,54.5,1016.85,Sec (≤1 mm),,0.5464516129032226,-1.6106451612903232,0.2129226943479597,-0.7702864562102764,,0,0,0,0
2010-05-16,11.0,21.6,0.0,4.4,7.7,,,W,SSE,17,13,71,60,1020.9,1018.4,2,6,12.7,19.7,No,No,0,0,0,2010,5,May,2010-05-01,Q2,136,Automne,16.3,10.600000000000001,15.0,65.5,1019.65,Sec (≤1 mm),,0.44645161290322477,-1.1106451612903232,0.17395809266681067,-0.5311628817808897,,0,0,0,0
2010-05-17,12.7,17.9,1.0,2.4,0.2,,,W,WNW,19,4,85,68,1019.7,1016.7,8,8,13.1,16.5,No,Yes,0,1,0,2010,5,May,2010-05-01,Q2,137,Automne,15.299999999999999,5.199999999999999,11.5,76.5,1018.2,Sec (≤1 mm),,-3.253548387096778,0.5893548387096761,-1.267732169535736,0.2818572712790249,,0,0,0,0
2010-05-18,12.4,15.4,13.8,1.0,0.0,,,W,SW,22,17,94,92,1018.2,1017.4,8,8,13.0,14.9,Yes,Yes,1,1,0,2010,5,May,2010-05-01,Q2,138,Automne,13.9,3.0,19.5,93.0,1017.8,Modérée (10-30),,-5.753548387096776,0.28935483870967715,-2.2418472115644823,0.13838312662139335,,0,0,0,0
2010-05-19,11.7,20.0,47.8,4.8,6.1,,,W,SSE,20,9,91,62,1022.1,1020.3,7,3,13.0,20.0,Yes,No,1,0,0,2010,5,May,2010-05-01,Q2,139,Automne,15.85,8.3,14.5,76.5,1021.2,Forte (>30),,-1.1535483870967767,-0.4106451612903239,-0.4494755342315879,-0.19638987757974857,,0,0,0,0
2010-05-20,11.2,19.7,1.0,2.8,6.1,,,W,ESE,19,11,82,55,1023.1,1019.9,6,6,12.7,19.3,No,No,0,0,0,2010,5,May,2010-05-01,Q2,140,Automne,15.45,8.5,15.0,68.5,1021.5,Sec (≤1 mm),,-1.4535483870967774,-0.9106451612903239,-0.5663693392750379,-0.4355134520091353,,0,0,0,0
2010-05-21,11.7,19.5,0.0,1.2,6.4,,,WNW,SSE,13,20,83,58,1020.6,1017.9,3,6,13.9,18.4,No,Yes,0,1,0,2010,5,May,2010-05-01,Q2,141,Automne,15.6,7.800000000000001,16.5,70.5,1019.25,Sec (≤1 mm),,-1.6535483870967767,-0.4106451612903239,-0.6442985426373373,-0.19638987757974857,,0,0,0,0
2010-05-22,10.8,18.6,17.2,2.8,4.8,,,W,SSW,22,24,92,58,1021.5,1019.7,7,3,11.3,18.4,Yes,Yes,1,1,0,2010,5,May,2010-05-01,Q2,142,Automne,14.700000000000001,7.800000000000001,23.0,75.0,1020.6,Modérée (10-30),,-2.5535483870967752,-1.3106451612903225,-0.9949799577676857,-0.626812311552644,,0,0,0,0
2010-05-23,9.5,14.7,14.2,5.0,0.4,,,W,W,19,11,91,93,1023.6,1020.8,7,6,10.4,14.3,Yes,Yes,1,1,0,2010,5,May,2010-05-01,Q2,143,Automne,12.1,5.199999999999999,15.0,92.0,1022.2,Modérée (10-30),,-6.453548387096777,-2.610645161290323,-2.5145994233325317,-1.2485336050690499,,0,0,0,0
2010-05-24,10.4,18.0,5.6,0.2,1.1,,,W,E,15,4,86,68,1019.7,1015.7,7,7,12.1,17.8,Yes,No,1,0,0,2010,5,May,2010-05-01,Q2,144,Automne,14.2,7.6,9.5,77.0,1017.7,Faible (1-10),,-3.1535483870967767,-1.7106451612903228,-1.2287675678545855,-0.8181111710961536,,0,0,0,0
2010-05-25,12.1,16.9,0.8,4.8,0.1,,,WNW,WNW,11,7,89,84,1011.7,1006.3,7,7,14.1,16.8,No,Yes,0,1,0,2010,5,May,2010-05-01,Q2,145,Automne,14.5,4.799999999999999,9.0,86.5,1009.0,Sec (≤1 mm),,-4.253548387096778,-0.010645161290323557,-1.6573781863472348,-0.005091018036239023,,0,0,0,0
2010-05-26,13.4,17.3,9.0,2.2,0.0,,,W,ESE,17,50,96,94,1004.8,1004.9,8,8,13.5,15.6,Yes,Yes,1,1,0,2010,5,May,2010-05-01,Q2,146,Automne,15.350000000000001,3.9000000000000004,33.5,95.0,1004.8499999999999,Faible (1-10),,-3.853548387096776,1.2893548387096772,-1.5015197796226345,0.6166302754801668,,0,0,0,0
2010-05-27,13.5,18.7,33.6,5.8,3.3,,,SE,S,15,11,82,62,1018.0,1017.6,6,7,15.9,18.3,Yes,Yes,1,1,0,2010,5,May,2010-05-01,Q2,147,Automne,16.1,5.199999999999999,13.0,72.0,1017.8,Forte (>30),,-2.4535483870967774,1.3893548387096768,-0.9560153560865366,0.6644549903660439,,0,0,0,0
2010-05-28,11.7,19.9,1.6,1.4,4.6,,,W,E,15,7,92,53,1021.0,1017.1,7,5,12.9,19.8,Yes,Yes,1,1,0,2010,5,May,2010-05-01,Q2,148,Automne,15.799999999999999,8.2,11.0,72.5,1019.05,Faible (1-10),,-1.253548387096778,-0.4106451612903239,-0.4884401359127384,-0.19638987757974857,,0,0,0,0
2010-05-29,12.9,17.1,3.0,2.8,0.0,,,N,NE,11,4,88,87,1009.5,1004.7,7,8,15.8,16.2,Yes,Yes,1,1,0,2010,5,May,2010-05-01,Q2,149,Automne,15.0,4.200000000000001,7.5,87.5,1007.1,Faible (1-10),,-4.053548387096775,0.7893548387096772,-1.5794489829849339,0.3775067010507801,,0,0,0,0
2010-05-30,11.8,19.1,3.0,1.4,2.2,,,WNW,W,15,2,78,56,1003.2,1002.4,4,6,13.0,18.7,Yes,Yes,1,1,0,2010,5,May,2010-05-01,Q2,150,Automne,15.450000000000001,7.300000000000001,8.5,67.0,1002.8,Faible (1-10),,-2.0535483870967752,-0.3106451612903225,-0.8001569493619363,-0.14856516269387054,,0,0,0,0
2010-05-31,12.6,20.0,12.8,1.6,3.9,,,SSW,S,22,28,87,68,1008.3,1010.2,7,7,16.5,19.1,Yes,Yes,1,1,0,2010,5,May,2010-05-01,Q2,151,Automne,16.3,7.4,25.0,77.5,1009.25,Modérée (10-30),,-1.1535483870967767,0.48935483870967644,-0.4494755342315879,0.2340325563931477,,0,0,0,0
2010-06-01,11.7,19.7,12.4,2.6,3.6,,,W,S,15,19,80,60,1019.2,1017.7,7,7,14.5,18.5,Yes,No,1,0,0,2010,6,Jun,2010-06-01,Q2,152,Hiver,15.7,8.0,17.0,70.0,1018.45,Modérée (10-30),,1.3237931034482742,1.1617241379310332,0.6517959086987026,0.514053120505217,,0,0,0,0
2010-06-02,11.2,20.1,0.0,3.0,7.0,,,W,SSW,19,13,81,63,1020.9,1019.6,6,5,12.7,19.0,No,Yes,0,1,0,2010,6,Jun,2010-06-01,Q2,153,Hiver,15.65,8.900000000000002,16.0,72.0,1020.25,Sec (≤1 mm),,1.7237931034482763,0.6617241379310332,0.8487438779851054,0.2928073429057615,,0,0,0,0
2010-06-03,12.7,18.6,6.0,2.4,0.8,,,SSW,ESE,19,24,91,90,1023.0,1020.0,7,7,15.2,17.1,Yes,Yes,1,1,0,2010,6,Jun,2010-06-01,Q2,154,Hiver,15.65,5.900000000000002,21.5,90.5,1021.5,Faible (1-10),,0.2237931034482763,2.1617241379310332,0.11018899316109909,0.9565446757041278,,0,0,0,0
2010-06-04,15.2,17.7,26.4,3.4,0.0,,,E,SSE,26,30,85,94,1018.7,1015.5,7,8,17.3,16.4,Yes,Yes,1,1,0,2010,6,Jun,2010-06-01,Q2,155,Hiver,16.45,2.5,28.0,89.5,1017.1,Modérée (10-30),,-0.6762068965517258,4.661724137931033,-0.3329439377333057,2.062773563701405,,0,0,0,0
2010-06-05,12.5,20.5,61.4,1.0,4.4,,,W,SSW,22,15,80,67,1014.2,1012.0,5,7,13.5,17.4,Yes,No,1,0,0,2010,6,Jun,2010-06-01,Q2,156,Hiver,16.5,8.0,18.5,73.5,1013.1,Forte (>30),,2.123793103448275,1.961724137931034,1.0456918472715064,0.868046364664346,,1,0,0,0
2010-06-06,9.5,18.5,0.4,2.2,6.5,,,W,SW,28,22,64,70,1014.7,1015.8,1,7,11.3,15.2,No,Yes,0,1,0,2010,6,Jun,2010-06-01,Q2,157,Hiver,14.0,9.0,25.0,67.0,1015.25,Sec (≤1 mm),,0.12379310344827488,-1.038275862068966,0.06095200083949796,-0.4594283009323867,,0,0,0,0
2010-06-07,9.1,15.5,4.2,3.4,3.9,,,W,SSW,24,20,60,77,1024.3,1023.0,2,7,10.6,14.3,Yes,No,1,0,0,2010,6,Jun,2010-06-01,Q2,158,Hiver,12.3,6.4,22.0,68.5,1023.65,Faible (1-10),,-2.876206896551725,-1.4382758620689664,-1.4161577688085147,-0.6364249230119512,,0,0,0,0
2010-06-08,9.1,18.5,0.4,4.8,9.0,,,W,NE,22,6,78,62,1023.5,1018.7,5,4,10.6,16.3,No,No,0,0,0,2010,6,Jun,2010-06-01,Q2,159,Hiver,13.8,9.4,14.0,70.0,1021.1,Sec (≤1 mm),,0.12379310344827488,-1.4382758620689664,0.06095200083949796,-0.6364249230119512,,0,0,0,0
2010-06-09,9.5,16.7,0.0,2.2,7.2,,,W,WNW,6,30,71,34,1012.0,1008.3,5,3,11.1,15.7,No,No,0,0,0,2010,6,Jun,2010-06-01,Q2,160,Hiver,13.1,7.199999999999999,18.0,52.5,1010.15,Sec (≤1 mm),,-1.6762068965517258,-1.038275862068966,-0.8253138609493099,-0.4594283009323867,,0,0,0,0
2010-06-10,10.3,17.2,0.0,3.8,7.2,,,W,SSW,26,13,48,30,1017.5,1017.7,5,4,11.3,16.8,No,No,0,0,0,2010,6,Jun,2010-06-01,Q2,161,Hiver,13.75,6.899999999999999,19.5,39.0,1017.6,Sec (≤1 mm),,-1.1762068965517258,-0.23827586206896534,-0.5791288993413078,-0.10543505677325765,,0,0,0,0
2010-06-11,6.2,17.4,0.0,3.2,9.8,,,W,W,19,22,64,37,1019.9,1016.0,0,1,9.0,16.9,No,No,0,0,0,2010,6,Jun,2010-06-01,Q2,162,Hiver,11.799999999999999,11.2,20.5,50.5,1017.95,Sec (≤1 mm),,-0.9762068965517265,-4.338275862068966,-0.48065491469810734,-1.9196504330887925,,0,0,0,0
2010-06-12,9.0,16.7,0.0,3.0,9.6,,,W,S,20,22,63,42,1022.0,1021.7,1,2,11.5,15.8,No,No,0,0,0,2010,6,Jun,2010-06-01,Q2,163,Hiver,12.85,7.699999999999999,21.0,52.5,1021.85,Sec (≤1 mm),,-1.6762068965517258,-1.538275862068966,-0.8253138609493099,-0.6806740785318421,,0,0,0,0
2010-06-13,6.6,17.9,0.0,3.8,9.5,,,W,S,22,13,66,50,1029.8,1028.9,1,1,8.4,17.1,No,No,0,0,0,2010,6,Jun,2010-06-01,Q2,164,Hiver,12.25,11.299999999999999,17.5,58.0,1029.35,Sec (≤1 mm),,-0.47620689655172654,-3.9382758620689664,-0.23446995309010527,-1.7426538110092284,,0,0,0,0
2010-06-14,6.9,18.3,0.0,1.8,9.5,,,W,ENE,22,2,75,50,1034.7,1032.0,5,4,8.9,17.8,No,No,0,0,0,2010,6,Jun,2010-06-01,Q2,165,Hiver,12.600000000000001,11.4,12.0,62.5,1033.35,Sec (≤1 mm),,-0.07620689655172441,-3.6382758620689657,-0.03752198380370252,-1.609906344449555,,0,0,0,0
2010-06-15,8.1,19.3,0.0,2.0,9.3,,,W,ENE,17,7,86,56,1032.7,1028.9,5,4,10.0,17.6,No,No,0,0,0,2010,6,Jun,2010-06-01,Q2,166,Hiver,13.7,11.200000000000001,12.0,71.0,1030.8000000000002,Sec (≤1 mm),,0.9237931034482756,-2.4382758620689664,0.45484793941230167,-1.078916478210862,,0,0,0,0
2010-06-16,9.1,18.9,0.0,1.6,9.6,,,WNW,ENE,11,15,89,59,1028.9,1024.1,2,2,10.6,18.3,No,No,0,0,0,2010,6,Jun,2010-06-01,Q2,167,Hiver,14.0,9.799999999999999,13.0,74.0,1026.5,Sec (≤1 mm),,0.5237931034482735,-1.4382758620689664,0.25789997012589894,-0.6364249230119512,,0,0,0,0
2010-06-17,10.6,17.3,0.0,4.0,1.7,,,NNW,N,11,22,67,69,1016.0,1010.5,8,5,14.2,16.6,No,No,0,0,0,2010,6,Jun,2010-06-01,Q2,168,Hiver,13.95,6.700000000000001,16.5,68.0,1013.25,Sec (≤1 mm),,-1.0762068965517244,0.061724137931033596,-0.5298919070197067,0.02731240978641514,,0,0,0,0
2010-06-20,9.5,20.2,0.0,3.0,9.8,,,W,ESE,19,7,71,40,1025.0,1023.8,5,4,11.3,20.0,No,Yes,0,1,0,2010,6,Jun,2010-06-01,Q2,171,Hiver,14.85,10.7,13.0,55.5,1024.4,Sec (≤1 mm),,1.8237931034482742,-1.038275862068966,0.8979808703067047,-0.4594283009323867,,0,0,0,2
2010-06-21,10.1,16.0,8.2,3.4,4.2,,,W,S,15,17,95,80,1032.8,1032.5,7,4,11.5,15.7,Yes,Yes,1,1,0,2010,6,Jun,2010-06-01,Q2,172,Hiver,13.05,5.9,16.0,87.5,1032.65,Faible (1-10),,-2.376206896551725,-0.4382758620689664,-1.1699728072005124,-0.1939333678130403,,0,0,0,0
2010-06-23,12.6,15.6,4.0,2.2,0.2,,,SSE,S,17,6,83,90,1036.7,1034.1,7,7,14.4,14.6,Yes,Yes,1,1,0,2010,6,Jun,2010-06-01,Q2,174,Hiver,14.1,3.0,11.5,86.5,1035.4,Faible (1-10),,-2.7762068965517255,2.0617241379310336,-1.3669207764869145,0.9122955201842369,,0,0,0,1
2010-06-24,11.8,17.0,18.8,0.6,5.2,,,W,E,15,19,96,64,1031.6,1027.1,7,2,12.2,17.0,Yes,No,1,0,0,2010,6,Jun,2010-06-01,Q2,175,Hiver,14.4,5.199999999999999,17.0,80.0,1029.35,Modérée (10-30),,-1.3762068965517251,1.2617241379310347,-0.6776028839845083,0.5583022760251087,,0,0,0,0
2010-06-25,12.2,18.4,0.0,3.2,2.8,,,W,N,13,17,83,65,1025.1,1020.7,6,6,13.7,18.4,No,No,0,0,0,2010,6,Jun,2010-06-01,Q2,176,Hiver,15.299999999999999,6.199999999999999,15.0,74.0,1022.9,Sec (≤1 mm),,0.023793103448273456,1.6617241379310332,0.011715008517896846,0.7352988981046724,,0,0,0,0
2010-06-26,13.5,20.0,1.0,1.4,4.0,,,WNW,WSW,20,17,78,50,1017.3,1016.3,7,2,15.2,19.7,No,No,0,0,0,2010,6,Jun,2010-06-01,Q2,177,Hiver,16.75,6.5,18.5,64.0,1016.8,Sec (≤1 mm),,1.6237931034482749,2.961724137931034,0.7995068856635043,1.310537919863257,,0,0,0,0
2010-06-27,6.7,14.9,0.0,2.8,6.8,,,W,SSW,20,22,72,53,1021.0,1018.9,1,6,8.1,13.9,No,No,0,0,0,2010,6,Jun,2010-06-01,Q2,178,Hiver,10.8,8.2,21.0,62.5,1019.95,Sec (≤1 mm),,-3.4762068965517248,-3.838275862068966,-1.711579722738117,-1.698404655489337,,0,0,0,0
2010-06-28,5.5,15.8,0.0,2.0,9.7,,,W,W,22,9,68,36,1021.0,1017.7,1,1,7.0,15.3,No,No,0,0,0,2010,6,Jun,2010-06-01,Q2,179,Hiver,10.65,10.3,15.5,52.0,1019.35,Sec (≤1 mm),,-2.5762068965517244,-5.038275862068966,-1.268446791843713,-2.22939452172803,,0,0,0,0
2010-06-29,4.7,14.4,0.0,2.6,9.9,,,WNW,WSW,13,6,63,36,1020.1,1017.0,0,0,7.0,14.4,No,No,0,0,0,2010,6,Jun,2010-06-01,Q2,180,Hiver,9.55,9.7,9.5,49.5,1018.55,Sec (≤1 mm),,-3.9762068965517248,-5.838275862068966,-1.9577646843461192,-2.5833877658871587,,0,0,0,0
2010-06-30,4.3,16.1,0.0,3.0,9.3,,,W,WNW,11,4,70,41,1020.8,1018.5,0,1,6.4,15.7,No,No,0,0,0,2010,6,Jun,2010-06-01,Q2,181,Hiver,10.200000000000001,11.8,7.5,55.5,1019.65,Sec (≤1 mm),,-2.2762068965517237,-6.238275862068966,-1.1207358148789115,-2.7603843879667234,,0,0,0,0
2010-07-01,6.4,17.1,0.0,2.0,8.6,,,W,W,20,7,70,40,1024.9,1022.8,4,4,8.5,16.9,No,No,0,0,0,2010,7,Jul,2010-07-01,Q3,182,Hiver,11.75,10.700000000000001,13.5,55.0,1023.85,Sec (≤1 mm),,-0.906521739130433,-2.5931159420289855,-0.3826843864532823,-1.2638691041825663,,0,0,0,0
2010-07-02,7.6,12.1,0.0,2.0,0.0,,,W,W,15,11,74,65,1026.8,1023.5,7,8,9.2,11.9,No,No,0,0,0,2010,7,Jul,2010-07-01,Q3,183,Hiver,9.85,4.5,13.0,69.5,1025.15,Sec (≤1 mm),,-5.906521739130435,-1.3931159420289863,-2.4934136162915346,-0.6789963260558851,,0,0,0,0
2010-07-03,7.7,16.3,0.6,1.8,9.8,,,W,SSW,24,24,68,38,1025.6,1026.1,1,2,9.1,15.6,No,No,0,0,0,2010,7,Jul,2010-07-01,Q3,184,Hiver,12.0,8.600000000000001,24.0,53.0,1025.85,Sec (≤1 mm),,-1.7065217391304337,-1.2931159420289857,-0.7204010632274028,-0.6302569278786614,,0,0,0,0
2010-07-04,7.8,17.8,0.0,3.2,8.8,,,W,S,22,17,68,56,1029.7,1026.9,2,4,8.9,16.9,No,No,0,0,0,2010,7,Jul,2010-07-01,Q3,185,Hiver,12.8,10.0,19.5,62.0,1028.3000000000002,Sec (≤1 mm),,-0.2065217391304337,-1.193115942028986,-0.08718229427592733,-0.5815175297014381,,0,0,0,0
2010-07-05,8.8,13.5,0.0,3.4,0.1,,,W,W,20,11,76,83,1027.2,1024.1,7,8,9.7,13.1,No,Yes,0,1,0,2010,7,Jul,2010-07-01,Q3,186,Hiver,11.15,4.699999999999999,15.5,79.5,1025.65,Sec (≤1 mm),,-4.506521739130434,-0.1931159420289852,-1.902409431936824,-0.09412354792920312,,0,0,0,0
2010-07-06,9.7,17.2,4.2,0.4,3.5,,,W,SSW,7,17,95,67,1016.7,1015.1,6,7,10.8,15.1,Yes,Yes,1,1,0,2010,7,Jul,2010-07-01,Q3,187,Hiver,13.45,7.5,12.0,81.0,1015.9000000000001,Faible (1-10),,-0.8065217391304351,0.7068840579710134,-0.34046980185651815,0.3445310356658073,,0,0,0,0
2010-07-07,9.6,16.0,2.6,1.4,2.9,,,W,S,22,20,83,70,1023.9,1022.5,7,6,10.3,15.3,Yes,Yes,1,1,0,2010,7,Jul,2010-07-01,Q3,188,Hiver,12.8,6.4,21.0,76.5,1023.2,Faible (1-10),,-2.0065217391304344,0.6068840579710137,-0.8470448170176983,0.295791637488584,,0,0,0,0
2010-07-09,9.7,15.6,32.0,0.0,3.8,,,WNW,S,19,9,96,83,1029.6,1027.9,6,7,10.7,13.9,Yes,Yes,1,1,0,2010,7,Jul,2010-07-01,Q3,190,Hiver,12.649999999999999,5.9,14.0,89.5,1028.75,Forte (>30),,-2.4065217391304348,0.7068840579710134,-1.0159031554047586,0.3445310356658073,,0,0,0,1
2010-07-10,8.6,17.6,4.6,2.0,4.8,,,W,ENE,17,11,95,65,1028.9,1025.0,6,7,9.9,16.6,Yes,No,1,0,0,2010,7,Jul,2010-07-01,Q3,191,Hiver,13.100000000000001,9.000000000000002,14.0,80.0,1026.95,Faible (1-10),,-0.406521739130433,-0.39311594202898625,-0.1716114634694571,-0.19160234428365056,,0,0,0,0
2010-07-11,9.9,19.0,0.2,1.2,1.0,,,N,NW,13,7,61,76,1022.2,1019.8,7,7,16.7,17.3,No,No,0,0,0,2010,7,Jul,2010-07-01,Q3,192,Hiver,14.45,9.1,10.0,68.5,1021.0,Sec (≤1 mm),,0.9934782608695656,0.9068840579710145,0.41939272088525276,0.44200983202025473,,0,0,0,0
2010-07-12,10.1,16.9,0.2,2.0,2.1,,,W,WNW,19,6,87,61,1023.6,1021.1,6,7,11.4,16.0,No,No,0,0,0,2010,7,Jul,2010-07-01,Q3,193,Hiver,13.5,6.799999999999999,12.5,74.0,1022.35,Sec (≤1 mm),,-1.1065217391304358,1.1068840579710137,-0.46711355564681356,0.5394886283747014,,0,0,0,0
2010-07-13,11.4,18.6,0.0,0.6,0.0,,,W,NNE,7,7,83,78,1020.3,1014.6,7,8,14.1,17.7,No,No,0,0,0,2010,7,Jul,2010-07-01,Q3,194,Hiver,15.0,7.200000000000001,7.0,80.5,1017.45,Sec (≤1 mm),,0.593478260869567,2.4068840579710145,0.25053438249819326,1.1731008046786067,,0,0,0,0
2010-07-14,13.9,18.1,1.0,1.8,8.0,,,WNW,WNW,20,22,56,33,1008.7,1008.6,3,1,14.4,17.4,No,No,0,0,0,2010,7,Jul,2010-07-01,Q3,195,Hiver,16.0,4.200000000000001,21.0,44.5,1008.6500000000001,Sec (≤1 mm),,0.09347826086956701,4.9068840579710145,0.03946145951436807,2.391585759109193,,0,0,0,0
2010-07-15,10.4,18.2,0.0,5.2,9.8,,,W,WSW,24,17,50,34,1015.4,1017.1,1,3,11.9,17.4,No,No,0,0,0,2010,7,Jul,2010-07-01,Q3,196,Hiver,14.3,7.799999999999999,20.5,42.0,1016.25,Sec (≤1 mm),,0.19347826086956488,1.4068840579710145,0.0816760441111322,0.685706822906372,,0,0,0,0
2010-07-16,7.2,18.2,0.0,4.4,9.4,,,W,S,24,19,63,46,1025.9,1024.0,2,2,9.0,16.2,No,No,0,0,0,2010,7,Jul,2010-07-01,Q3,197,Hiver,12.7,11.0,21.5,54.5,1024.95,Sec (≤1 mm),,0.19347826086956488,-1.7931159420289857,0.0816760441111322,-0.8739539187647787,,0,0,0,0
2010-07-17,7.1,18.5,0.0,2.6,9.9,,,W,E,26,9,71,39,1028.1,1024.7,1,1,8.6,18.4,No,No,0,0,0,2010,7,Jul,2010-07-01,Q3,198,Hiver,12.8,11.4,17.5,55.0,1026.4,Sec (≤1 mm),,0.4934782608695656,-1.8931159420289863,0.2083197979014276,-0.9226933169420024,,0,0,0,0
2010-07-18,7.3,19.4,0.0,2.0,10.0,,,W,ESE,20,7,81,40,1022.6,1017.8,0,1,8.9,18.7,No,No,0,0,0,2010,7,Jul,2010-07-01,Q3,199,Hiver,13.35,12.099999999999998,13.5,60.5,1020.2,Sec (≤1 mm),,1.3934782608695642,-1.693115942028986,0.5882510592723124,-0.8252145205875554,,0,0,0,0
2010-07-19,8.7,16.7,0.0,3.6,0.8,,,W,SSW,15,7,67,53,1017.8,1016.0,6,7,11.1,15.0,No,No,0,0,0,2010,7,Jul,2010-07-01,Q3,200,Hiver,12.7,8.0,11.0,60.0,1016.9,Sec (≤1 mm),,-1.3065217391304351,-0.2931159420289866,-0.5515427248403433,-0.14286294610642727,,0,0,0,0
2010-07-20,8.0,16.5,0.0,1.0,8.5,,,W,SSW,19,19,71,53,1022.4,1021.4,1,3,10.2,14.9,No,Yes,0,1,0,2010,7,Jul,2010-07-01,Q3,201,Hiver,12.25,8.5,19.0,62.0,1021.9,Sec (≤1 mm),,-1.5065217391304344,-0.9931159420289859,-0.6359718940338731,-0.4840387333469911,,0,0,0,0
2010-07-21,8.0,15.7,6.6,3.2,4.1,,,W,SSW,19,13,73,54,1026.7,1024.6,7,4,9.2,15.5,Yes,No,1,0,0,2010,7,Jul,2010-07-01,Q3,202,Hiver,11.85,7.699999999999999,16.0,63.5,1025.65,Faible (1-10),,-2.306521739130435,-0.9931159420289859,-0.9736885708079936,-0.4840387333469911,,0,0,0,0
2010-07-22,6.0,14.7,0.4,1.0,5.0,,,W,SSW,28,20,64,69,1028.5,1028.1,1,5,8.8,13.6,No,No,0,0,0,2010,7,Jul,2010-07-01,Q3,203,Hiver,10.35,8.7,24.0,66.5,1028.3,Sec (≤1 mm),,-3.306521739130435,-2.993115942028986,-1.395834416775644,-1.4588266968914603,,0,0,0,0
2010-07-23,8.0,18.2,0.2,2.0,5.8,,,W,S,20,20,75,62,1032.6,1030.3,2,7,9.8,16.4,No,Yes,0,1,0,2010,7,Jul,2010-07-01,Q3,204,Hiver,13.1,10.2,20.0,68.5,1031.4499999999998,Sec (≤1 mm),,0.19347826086956488,-0.9931159420289859,0.0816760441111322,-0.4840387333469911,,0,0,0,0
2010-07-24,9.6,18.3,4.6,2.6,3.9,,,W,SE,22,13,81,54,1030.7,1027.4,7,5,10.3,17.6,Yes,No,1,0,0,2010,7,Jul,2010-07-01,Q3,205,Hiver,13.95,8.700000000000001,17.5,67.5,1029.0500000000002,Faible (1-10),,0.2934782608695663,0.6068840579710137,0.12389062870789784,0.295791637488584,,0,0,0,0
2010-07-25,10.2,16.9,0.0,1.0,6.2,,,W,SE,11,15,83,64,1029.9,1027.7,3,5,12.5,15.5,No,Yes,0,1,0,2010,7,Jul,2010-07-01,Q3,206,Hiver,13.549999999999999,6.699999999999999,13.0,73.5,1028.8000000000002,Sec (≤1 mm),,-1.1065217391304358,1.2068840579710134,-0.46711355564681356,0.5882280265519246,,0,0,0,0
2010-07-26,9.2,17.0,16.0,3.8,3.2,,,W,SE,15,7,90,69,1034.0,1032.6,6,7,11.9,15.5,Yes,Yes,1,1,0,2010,7,Jul,2010-07-01,Q3,207,Hiver,13.1,7.800000000000001,11.0,79.5,1033.3,Modérée (10-30),,-1.0065217391304344,0.2068840579710134,-0.4248989710500479,0.10083404477969002,,0,0,0,0
2010-07-27,9.3,16.9,2.4,1.6,3.2,,,W,E,13,9,86,49,1035.7,1032.5,6,7,11.2,16.6,Yes,Yes,1,1,0,2010,7,Jul,2010-07-01,Q3,208,Hiver,13.1,7.599999999999998,11.0,67.5,1034.1,Faible (1-10),,-1.1065217391304358,0.3068840579710148,-0.46711355564681356,0.14957344295691416,,0,0,0,0
2010-07-28,11.2,15.2,2.6,1.6,0.8,,,N,NNE,4,11,96,90,1029.8,1024.8,8,8,12.3,14.4,Yes,Yes,1,1,0,2010,7,Jul,2010-07-01,Q3,209,Hiver,13.2,4.0,7.5,93.0,1027.3,Faible (1-10),,-2.806521739130435,2.2068840579710134,-1.1847614937918187,1.0756220083241592,,0,0,0,0
2010-07-29,11.4,16.2,24.2,1.4,0.6,,,NW,N,6,9,93,77,1019.1,1016.0,6,7,12.8,15.8,Yes,Yes,1,1,0,2010,7,Jul,2010-07-01,Q3,210,Hiver,13.8,4.799999999999999,7.5,85.0,1017.55,Modérée (10-30),,-1.8065217391304351,2.4068840579710145,-0.7626156478241685,1.1731008046786067,,0,0,0,0
2010-07-30,12.0,21.1,3.4,3.8,5.8,,,W,NNE,22,9,97,62,1016.9,1013.6,4,7,12.8,21.0,Yes,Yes,1,1,0,2010,7,Jul,2010-07-01,Q3,211,Hiver,16.55,9.100000000000001,15.5,79.5,1015.25,Faible (1-10),,3.093478260869567,3.006884057971014,1.3058989974173192,1.4655371937419472,,0,0,0,0
2010-07-31,12.8,20.7,6.6,0.2,5.8,,,W,W,7,28,96,37,1012.1,1012.0,7,2,14.5,20.5,Yes,No,1,0,0,2010,7,Jul,2010-07-01,Q3,212,Hiver,16.75,7.899999999999999,17.5,66.5,1012.05,Faible (1-10),,2.693478260869565,3.806884057971015,1.137040659030258,1.855452379159735,,0,0,0,0
2010-08-01,9.6,20.9,0.0,3.8,10.3,,,N,NW,11,26,62,35,1019.9,1013.0,1,1,13.2,20.6,No,No,0,0,0,2010,8,Aug,2010-08-01,Q3,213,Hiver,15.25,11.299999999999999,18.5,48.5,1016.45,Sec (≤1 mm),,1.5182156133828997,-0.14944237918215642,0.5493944737765886,-0.0677029238940307,,0,0,0,0
2010-08-02,9.1,15.7,0.4,4.0,7.3,,,W,WSW,24,28,49,36,1015.8,1011.6,5,5,11.2,15.1,No,Yes,0,1,0,2010,8,Aug,2010-08-01,Q3,214,Hiver,12.399999999999999,6.6,26.0,42.5,1013.7,Sec (≤1 mm),,-3.6817843866170996,-0.6494423791821564,-1.3323219559949393,-0.2942214130419688,,0,0,0,0
2010-08-03,10.3,17.3,16.4,4.0,6.6,,,W,E,15,19,75,62,1016.2,1016.9,7,4,13.9,15.5,Yes,No,1,0,0,2010,8,Aug,2010-08-01,Q3,215,Hiver,13.8,7.0,17.0,68.5,1016.55,Modérée (10-30),,-2.081784386617098,0.5505576208178447,-0.753332285296007,0.2494229609130831,,0,0,0,0
2010-08-04,8.3,18.9,0.0,4.0,10.2,,,W,W,15,9,75,44,1019.0,1014.9,1,1,11.2,18.7,No,No,0,0,0,2010,8,Aug,2010-08-01,Q3,216,Hiver,13.6,10.599999999999998,12.0,59.5,1016.95,Sec (≤1 mm),,-0.4817843866171003,-1.4494423791821553,-0.17434261459707606,-0.6566509956786692,,0,0,0,0
2010-08-05,7.1,16.9,0.0,3.8,8.3,,,NNW,W,17,20,57,33,1018.1,1015.1,3,5,11.1,15.8,No,No,0,0,0,2010,8,Aug,2010-08-01,Q3,217,Hiver,12.0,9.799999999999999,18.5,45.0,1016.6,Sec (≤1 mm),,-2.4817843866171003,-2.6494423791821564,-0.8980797029707407,-1.200295369633721,,0,0,0,0
2010-08-06,7.6,17.0,0.0,2.4,10.3,,,W,S,19,19,56,40,1020.5,1019.2,1,2,10.5,15.7,No,No,0,0,0,2010,8,Aug,2010-08-01,Q3,218,Hiver,12.3,9.4,19.0,48.0,1019.85,Sec (≤1 mm),,-2.381784386617099,-2.1494423791821564,-0.861892848552057,-0.973776880485783,,0,0,0,0
2010-08-07,6.8,16.1,0.0,4.2,10.2,,,W,S,26,20,58,50,1024.7,1022.2,1,5,9.1,15.5,No,No,0,0,0,2010,8,Aug,2010-08-01,Q3,219,Hiver,11.450000000000001,9.3,23.0,54.0,1023.45,Sec (≤1 mm),,-3.2817843866170975,-2.9494423791821562,-1.1875745383202054,-1.336206463122484,,0,0,0,0
2010-08-08,6.4,17.2,0.0,3.0,10.3,,,W,E,20,15,73,50,1022.2,1019.1,3,1,8.8,15.2,No,No,0,0,0,2010,8,Aug,2010-08-01,Q3,220,Hiver,11.8,10.799999999999999,17.5,61.5,1020.6500000000001,Sec (≤1 mm),,-2.1817843866170996,-3.3494423791821557,-0.7895191397146908,-1.517421254440834,,0,0,0,0
2010-08-09,7.2,17.1,0.0,2.6,8.9,,,W,E,15,20,83,58,1023.5,1020.9,2,1,9.3,17.0,No,Yes,0,1,0,2010,8,Aug,2010-08-01,Q3,221,Hiver,12.15,9.900000000000002,17.5,70.5,1022.2,Sec (≤1 mm),,-2.2817843866170975,-2.549442379182156,-0.8257059941333732,-1.1549916718041333,,0,0,0,0
2010-08-10,9.3,16.4,2.8,2.4,0.0,,,WSW,NNE,2,13,93,90,1019.2,1013.8,8,8,12.2,16.2,Yes,Yes,1,1,0,2010,8,Aug,2010-08-01,Q3,222,Hiver,12.85,7.099999999999998,7.5,91.5,1016.5,Faible (1-10),,-2.9817843866171003,-0.44944237918215535,-1.0790139750641567,-0.20361401738279308,,0,0,0,0
2010-08-11,12.2,18.0,4.6,0.6,6.0,,,NW,WNW,19,20,59,35,1008.6,1003.7,7,3,12.8,17.4,Yes,No,1,0,0,2010,8,Aug,2010-08-01,Q3,223,Hiver,15.1,5.800000000000001,19.5,47.0,1006.1500000000001,Faible (1-10),,-1.381784386617099,2.4505576208178432,-0.5000243043652246,1.1101932196752473,,0,0,0,0
2010-08-12,10.7,16.7,0.2,6.6,5.9,,,W,W,35,22,55,47,1001.5,1002.3,2,7,12.2,15.0,No,No,0,0,0,2010,8,Aug,2010-08-01,Q3,224,Hiver,13.7,6.0,28.5,51.0,1001.9,Sec (≤1 mm),,-2.6817843866170996,0.9505576208178432,-0.9704534118081068,0.43063775223143297,,0,0,0,0
2010-08-13,9.9,18.3,0.0,2.6,10.6,,,W,S,26,31,54,44,1011.9,1012.0,1,1,12.7,17.0,No,No,0,0,0,2010,8,Aug,2010-08-01,Q3,225,Hiver,14.100000000000001,8.4,28.5,49.0,1011.95,Sec (≤1 mm),,-1.0817843866170982,0.1505576208178443,-0.3914637411091747,0.06820816959473248,,0,0,0,0
2010-08-14,8.2,21.8,0.0,4.2,10.7,,,N,N,11,6,69,36,1014.5,1009.7,0,0,13.0,21.4,No,No,0,0,0,2010,8,Aug,2010-08-01,Q3,226,Hiver,15.0,13.600000000000001,8.5,52.5,1012.1,Sec (≤1 mm),,2.418215613382902,-1.5494423791821568,0.8750761635447384,-0.7019546935082576,,0,0,0,0
2010-08-15,12.8,20.1,0.0,6.4,7.3,,,NNW,WNW,22,17,53,37,1006.2,1004.0,6,2,15.1,20.0,No,No,0,0,0,2010,8,Aug,2010-08-01,Q3,227,Hiver,16.450000000000003,7.300000000000001,19.5,45.0,1005.1,Sec (≤1 mm),,0.7182156133829025,3.0505576208178447,0.2598996384271237,1.3820154066527737,,0,0,0,0
2010-08-16,12.6,18.8,0.4,4.0,10.7,,,W,W,24,24,44,31,1011.5,1010.3,1,1,14.3,18.3,No,No,0,0,0,2010,8,Aug,2010-08-01,Q3,228,Hiver,15.7,6.200000000000001,24.0,37.5,1010.9,Sec (≤1 mm),,-0.5817843866170982,2.8505576208178436,-0.21052946901575853,1.291408010993598,,0,0,0,0
2010-08-17,7.6,17.6,0.0,4.4,10.4,,,W,E,26,15,44,26,1022.0,1019.9,1,3,10.8,15.9,No,No,0,0,0,2010,8,Aug,2010-08-01,Q3,229,Hiver,12.600000000000001,10.000000000000002,20.5,35.0,1020.95,Sec (≤1 mm),,-1.7817843866170975,-2.1494423791821564,-0.644771722039957,-0.973776880485783,,0,0,0,0
2010-08-18,6.5,19.9,0.0,4.2,6.6,,,W,NE,13,19,69,53,1020.5,1012.0,3,5,9.3,17.7,No,Yes,0,1,0,2010,8,Aug,2010-08-01,Q3,230,Hiver,13.2,13.399999999999999,16.0,61.0,1016.25,Sec (≤1 mm),,0.5182156133828997,-3.249442379182156,0.18752592958975625,-1.4721175566112468,,0,0,0,0
2010-08-19,9.3,24.6,2.2,5.0,10.8,,,NNW,WNW,22,31,57,23,1007.7,1004.6,1,1,19.5,24.4,Yes,No,1,0,0,2010,8,Aug,2010-08-01,Q3,231,Hiver,16.950000000000003,15.3,26.5,40.0,1006.1500000000001,Faible (1-10),,5.2182156133829025,-0.44944237918215535,1.8883080872678693,-0.20361401738279308,,0,0,0,0
2010-08-20,11.3,19.3,0.0,6.2,10.8,,,WNW,WNW,11,19,45,26,1012.4,1010.9,1,1,14.3,19.2,No,No,0,0,0,2010,8,Aug,2010-08-01,Q3,232,Hiver,15.3,8.0,15.0,35.5,1011.65,Sec (≤1 mm),,-0.08178438661709819,1.5505576208178447,-0.029595196922342373,0.7024599392089593,,0,0,0,0
2010-08-21,8.8,16.7,0.0,5.6,10.9,,,WNW,W,20,30,44,33,1017.0,1015.2,1,2,12.8,16.7,No,No,0,0,0,2010,8,Aug,2010-08-01,Q3,233,Hiver,12.75,7.899999999999999,25.0,38.5,1016.1,Sec (≤1 mm),,-2.6817843866170996,-0.9494423791821553,-0.9704534118081068,-0.43013250653073115,,0,0,0,0
2010-08-22,8.4,17.3,0.0,4.6,9.4,,,W,E,22,13,58,48,1023.7,1020.4,1,5,11.4,15.7,No,No,0,0,0,2010,8,Aug,2010-08-01,Q3,234,Hiver,12.850000000000001,8.9,17.5,53.0,1022.05,Sec (≤1 mm),,-2.081784386617098,-1.3494423791821557,-0.753332285296007,-0.6113472978490818,,0,0,0,0
2010-08-23,11.2,15.0,0.0,3.6,1.0,,,NW,NE,6,7,77,65,1017.1,1010.8,7,7,12.4,13.9,No,No,0,0,0,2010,8,Aug,2010-08-01,Q3,235,Hiver,13.1,3.8000000000000007,6.5,71.0,1013.95,Sec (≤1 mm),,-4.381784386617099,1.4505576208178432,-1.5856299369257216,0.657156241379371,,0,0,0,0
2010-08-24,10.9,19.8,0.0,2.2,10.3,,,W,WNW,17,22,53,28,1012.3,1007.9,1,2,13.9,19.6,No,No,0,0,0,2010,8,Aug,2010-08-01,Q3,236,Hiver,15.350000000000001,8.9,19.5,40.5,1010.0999999999999,Sec (≤1 mm),,0.4182156133829018,1.1505576208178443,0.15133907517107378,0.5212451478906087,,0,0,0,0
2010-08-25,11.5,18.1,0.0,6.0,10.4,,,SW,WNW,17,26,36,24,1008.1,1005.2,1,1,14.1,17.2,No,No,0,0,0,2010,8,Aug,2010-08-01,Q3,237,Hiver,14.8,6.600000000000001,21.5,30.0,1006.6500000000001,Sec (≤1 mm),,-1.2817843866170975,1.750557620817844,-0.4638374499465409,0.7930673348681342,,0,0,0,0
2010-08-26,10.3,18.0,0.0,6.4,8.9,,,NW,W,19,33,48,33,1003.5,1000.7,3,3,13.8,16.4,No,No,0,0,0,2010,8,Aug,2010-08-01,Q3,238,Hiver,14.15,7.699999999999999,26.0,40.5,1002.1,Sec (≤1 mm),,-1.381784386617099,0.5505576208178447,-0.5000243043652246,0.2494229609130831,,0,0,0,0
2010-08-27,10.3,19.2,0.0,5.8,8.4,,,WNW,WNW,20,28,47,35,1008.1,1008.0,5,3,14.1,18.8,No,No,0,0,0,2010,8,Aug,2010-08-01,Q3,239,Hiver,14.75,8.899999999999999,24.0,41.0,1008.05,Sec (≤1 mm),,-0.1817843866170996,0.5505576208178447,-0.06578205134102612,0.2494229609130831,,0,0,0,0
2010-08-28,9.2,17.5,0.0,4.0,10.9,,,W,S,20,19,52,40,1021.8,1022.3,1,1,12.3,16.5,No,No,0,0,0,2010,8,Aug,2010-08-01,Q3,240,Hiver,13.35,8.3,19.5,46.0,1022.05,Sec (≤1 mm),,-1.881784386617099,-0.5494423791821568,-0.6809585764586408,-0.24891771521238135,,0,0,0,0
2010-08-30,10.5,17.6,0.0,2.2,8.2,,,W,E,4,15,70,56,1027.1,1024.3,3,2,14.9,16.8,No,No,0,0,0,2010,8,Aug,2010-08-01,Q3,242,Hiver,14.05,7.100000000000001,9.5,63.0,1025.6999999999998,Sec (≤1 mm),,-1.7817843866170975,0.7505576208178439,-0.644771722039957,0.34003035657225805,,0,0,0,1
2010-08-31,11.5,20.0,0.0,3.2,9.7,,,W,NE,9,22,71,60,1025.3,1019.8,1,5,15.8,18.4,No,No,0,0,0,2010,8,Aug,2010-08-01,Q3,243,Hiver,15.75,8.5,15.5,65.5,1022.55,Sec (≤1 mm),,0.6182156133829011,1.750557620817844,0.22371278400844,0.7930673348681342,,0,0,0,0
2010-09-01,14.9,25.9,0.0,6.4,3.3,,,W,E,15,19,53,33,1017.8,1012.5,6,7,18.2,24.1,No,No,0,0,0,2010,9,Sep,2010-09-01,Q3,244,Printemps,20.4,10.999999999999998,17.0,43.0,1015.15,Sec (≤1 mm),,3.9123076923076887,2.2880769230769236,1.0403053523138568,0.8834286194209389,,0,0,0,0
2010-09-02,16.6,18.1,0.8,3.8,0.0,,,W,E,15,19,77,74,1016.3,1014.4,8,7,17.8,17.8,No,Yes,0,1,0,2010,9,Sep,2010-09-01,Q3,245,Printemps,17.35,1.5,17.0,75.5,1015.3499999999999,Sec (≤1 mm),,-3.8876923076923084,3.9880769230769246,-1.0337599784888396,1.5398001941125763,,0,0,0,0
2010-09-03,13.7,17.6,3.2,1.8,0.0,,,W,E,15,19,80,64,1025.8,1023.6,8,7,15.2,16.5,Yes,Yes,1,1,0,2010,9,Sep,2010-09-01,Q3,246,Printemps,15.65,3.900000000000002,17.0,72.0,1024.7,Faible (1-10),,-4.3876923076923084,1.0880769230769225,-1.1667128843095254,0.4201075078739005,,0,0,0,0
2010-09-04,15.2,20.3,7.4,2.8,0.0,,,W,E,15,19,90,84,1014.2,1006.7,8,8,17.6,19.0,Yes,No,1,0,0,2010,9,Sep,2010-09-01,Q3,247,Printemps,17.75,5.100000000000001,17.0,87.0,1010.45,Faible (1-10),,-1.6876923076923092,2.5880769230769225,-0.44876719287782263,0.9992588973076979,,0,0,0,0
2010-09-05,16.4,21.3,0.6,5.6,11.3,,,W,E,15,19,44,35,1007.9,1009.7,1,2,18.6,20.4,No,No,0,0,0,2010,9,Sep,2010-09-01,Q3,248,Printemps,18.85,4.900000000000002,17.0,39.5,1008.8,Sec (≤1 mm),,-0.6876923076923092,3.788076923076922,-0.1828613812364512,1.4625800088547356,,0,0,0,0
2010-09-06,11.5,20.4,0.0,8.0,8.4,,,W,E,15,19,45,33,1018.6,1017.1,1,6,15.1,18.9,No,No,0,0,0,2010,9,Sep,2010-09-01,Q3,249,Printemps,15.95,8.899999999999999,17.0,39.0,1017.85,Sec (≤1 mm),,-1.5876923076923113,-1.1119230769230768,-0.42217661171368603,-0.42931452996233543,,0,0,0,0
2010-09-07,10.4,16.8,0.0,3.2,10.3,,,W,S,15,24,54,51,1023.4,1023.3,2,3,14.4,16.1,No,No,0,0,0,2010,9,Sep,2010-09-01,Q3,250,Printemps,13.600000000000001,6.4,19.5,52.5,1023.3499999999999,Sec (≤1 mm),,-5.187692307692309,-2.2119230769230764,-1.3794375336226226,-0.8540255488804533,,0,0,0,0
2010-09-08,8.2,18.3,0.0,4.0,10.7,,,W,ESE,15,15,58,54,1027.3,1023.6,1,1,13.1,17.2,No,No,0,0,0,2010,9,Sep,2010-09-01,Q3,251,Printemps,13.25,10.100000000000001,15.0,56.0,1025.45,Sec (≤1 mm),,-3.687692307692309,-4.4119230769230775,-0.9805788161605655,-1.70344758671669,,0,0,0,0
2010-09-09,9.7,18.4,0.0,4.0,2.4,,,W,NW,2,6,77,56,1017.5,1010.6,6,8,13.0,18.0,No,Yes,0,1,0,2010,9,Sep,2010-09-01,Q3,252,Printemps,14.049999999999999,8.7,4.0,66.5,1014.05,Sec (≤1 mm),,-3.5876923076923113,-2.9119230769230775,-0.9539882349964289,-1.1242961972828927,,0,0,0,0
2010-09-10,11.0,24.5,2.4,2.0,5.4,,,W,W,9,39,82,34,1004.1,1001.3,6,7,16.2,21.2,Yes,No,1,0,0,2010,9,Sep,2010-09-01,Q3,253,Printemps,17.75,13.5,24.0,58.0,1002.7,Faible (1-10),,2.51230769230769,-1.6119230769230768,0.6680372160159371,-0.6223649931069345,,0,0,0,0
2010-09-11,11.1,19.9,0.8,4.4,10.9,,,W,E,20,15,46,44,1017.4,1017.2,1,1,15.3,17.5,No,No,0,0,0,2010,9,Sep,2010-09-01,Q3,254,Printemps,15.5,8.799999999999999,17.5,45.0,1017.3,Sec (≤1 mm),,-2.0876923076923113,-1.5119230769230771,-0.5551295175343718,-0.5837549004780148,,0,0,0,0
2010-09-12,9.2,18.9,0.0,3.8,10.0,,,W,NE,15,17,64,61,1022.5,1017.8,3,5,13.6,17.6,No,No,0,0,0,2010,9,Sep,2010-09-01,Q3,255,Printemps,14.049999999999999,9.7,16.0,62.5,1020.15,Sec (≤1 mm),,-3.0876923076923113,-3.4119230769230775,-0.8210353291757432,-1.3173466604274917,,0,0,0,0
2010-09-13,13.3,23.9,0.0,4.2,6.9,,,W,W,13,24,64,24,1015.8,1012.1,5,3,16.2,23.3,No,No,0,0,0,2010,9,Sep,2010-09-01,Q3,256,Printemps,18.6,10.599999999999998,18.5,44.0,1013.95,Sec (≤1 mm),,1.9123076923076887,0.6880769230769239,0.5084937290311139,0.2656671373582217,,0,0,0,0
2010-09-14,13.9,18.1,0.0,5.4,1.7,,,ESE,ESE,28,28,70,87,1016.4,1011.4,6,8,17.6,15.7,No,Yes,0,1,0,2010,9,Sep,2010-09-01,Q3,257,Printemps,16.0,4.200000000000001,28.0,78.5,1013.9,Sec (≤1 mm),,-3.8876923076923084,1.2880769230769236,-1.0337599784888396,0.4973276931317406,,0,0,0,0
2010-09-16,10.4,21.2,0.0,5.0,9.6,,,W,WNW,24,19,42,30,1014.8,1010.6,5,2,15.3,20.8,No,No,0,0,0,2010,9,Sep,2010-09-01,Q3,259,Printemps,15.8,10.799999999999999,21.5,36.0,1012.7,Sec (≤1 mm),,-0.7876923076923106,-2.2119230769230764,-0.20945196240058872,-0.8540255488804533,,0,0,0,1
2010-09-17,9.5,19.3,0.0,6.4,11.2,,,W,ENE,20,19,41,33,1021.1,1017.8,2,5,13.5,17.2,No,No,0,0,0,2010,9,Sep,2010-09-01,Q3,260,Printemps,14.4,9.8,19.5,37.0,1019.45,Sec (≤1 mm),,-2.687692307692309,-3.111923076923077,-0.714673004519194,-1.201516382540732,,0,0,0,0
2010-09-18,9.6,23.3,0.0,5.0,11.0,,,W,ESE,17,20,48,45,1017.4,1013.8,1,1,15.0,19.5,No,No,0,0,0,2010,9,Sep,2010-09-01,Q3,261,Printemps,16.45,13.700000000000001,18.5,46.5,1015.5999999999999,Sec (≤1 mm),,1.3123076923076908,-3.011923076923077,0.34895024204629166,-1.1629062899118123,,0,0,0,0
2010-09-19,11.7,18.1,0.0,4.0,4.1,,,W,ENE,11,13,56,66,1022.0,1019.7,6,7,15.0,17.3,No,No,0,0,0,2010,9,Sep,2010-09-01,Q3,262,Printemps,14.9,6.400000000000002,12.0,61.0,1020.85,Sec (≤1 mm),,-3.8876923076923084,-0.9119230769230775,-1.0337599784888396,-0.352094344704496,,0,0,0,0
2010-09-20,11.1,20.1,0.0,3.6,9.1,,,W,E,13,20,66,65,1024.0,1022.7,4,5,16.8,18.5,No,No,0,0,0,2010,9,Sep,2010-09-01,Q3,263,Printemps,15.600000000000001,9.000000000000002,16.5,65.5,1023.35,Sec (≤1 mm),,-1.8876923076923084,-1.5119230769230771,-0.5019483552060967,-0.5837549004780148,,0,0,0,0
2010-09-21,11.6,23.7,0.0,3.0,8.2,,,W,SSE,15,24,82,66,1023.0,1022.3,0,5,15.3,20.4,No,Yes,0,1,0,2010,9,Sep,2010-09-01,Q3,264,Printemps,17.65,12.1,19.5,74.0,1022.65,Sec (≤1 mm),,1.7123076923076894,-1.0119230769230771,0.4553125667028398,-0.3907044373334157,,0,0,0,0
2010-09-22,13.0,20.1,1.8,4.6,9.5,,,W,E,11,22,75,61,1026.5,1020.8,3,1,16.6,18.1,Yes,No,1,0,0,2010,9,Sep,2010-09-01,Q3,265,Printemps,16.55,7.100000000000001,16.5,68.0,1023.65,Faible (1-10),,-1.8876923076923084,0.3880769230769232,-0.5019483552060967,0.149836859471462,,0,0,0,0
2010-09-23,15.2,19.0,0.2,5.0,1.1,,,SE,E,13,15,69,63,1024.7,1022.3,7,7,16.6,17.3,No,No,0,0,0,2010,9,Sep,2010-09-01,Q3,266,Printemps,17.1,3.8000000000000007,14.0,66.0,1023.5,Sec (≤1 mm),,-2.98769230769231,2.5880769230769225,-0.7944447480116057,0.9992588973076979,,0,0,0,0
2010-09-24,13.7,21.1,0.0,3.2,10.7,,,NNW,NE,13,13,67,69,1022.2,1017.6,0,0,19.0,20.2,No,No,0,0,0,2010,9,Sep,2010-09-01,Q3,267,Printemps,17.4,7.400000000000002,13.0,68.0,1019.9000000000001,Sec (≤1 mm),,-0.8876923076923084,1.0880769230769225,-0.2360425435647253,0.4201075078739005,,0,0,0,0
2010-09-25,13.4,26.9,0.0,5.4,8.0,,,W,ESE,9,15,58,33,1016.0,1013.5,4,7,18.5,24.8,No,No,0,0,0,2010,9,Sep,2010-09-01,Q3,268,Printemps,20.15,13.499999999999998,12.0,45.5,1014.75,Sec (≤1 mm),,4.912307692307689,0.7880769230769236,1.3062111639552283,0.30427722998714146,,0,0,0,0
2010-09-26,13.1,22.0,0.0,5.4,10.8,,,W,E,6,24,57,74,1020.1,1017.3,1,3,19.5,19.7,No,No,0,0,0,2010,9,Sep,2010-09-01,Q3,269,Printemps,17.55,8.9,15.0,65.5,1018.7,Sec (≤1 mm),,0.012307692307690132,0.48807692307692285,0.0032726869125086085,0.18844695210038168,,0,0,0,0
2010-10-02,12.7,19.6,0.0,2.6,0.0,,,E,ENE,13,20,70,82,1029.8,1027.7,5,4,18.3,16.5,No,Yes,0,1,0,2010,10,Oct,2010-10-01,Q4,275,Printemps,16.15,6.900000000000002,16.5,76.0,1028.75,Sec (≤1 mm),,-3.9526717557251914,-2.073664122137405,-0.8858598505414641,-0.7242448954258599,,0,0,0,5
2010-10-03,15.0,19.7,14.2,1.0,1.2,,,ENE,E,19,24,93,77,1030.0,1027.4,5,4,15.3,18.9,Yes,Yes,1,1,0,2010,10,Oct,2010-10-01,Q4,276,Printemps,17.35,4.699999999999999,21.5,85.0,1028.7,Modérée (10-30),,-3.8526717557251935,0.22633587786259568,-0.8634481779997628,0.0790497373435552,,0,0,0,0
2010-10-04,15.3,20.6,12.0,4.0,2.3,,,E,E,7,24,83,72,1026.2,1022.8,5,4,17.9,19.9,Yes,Yes,1,1,0,2010,10,Oct,2010-10-01,Q4,277,Printemps,17.950000000000003,5.300000000000001,15.5,77.5,1024.5,Modérée (10-30),,-2.9526717557251914,0.5263358778625964,-0.6617431251244463,0.18382729813956608,,0,0,0,0
2010-10-14,17.8,28.9,2.0,4.0,10.8,NNW,41.0,NNW,E,22,17,63,48,1011.2,1008.1,5,4,22.3,26.6,Yes,No,1,0,1,2010,10,Oct,2010-10-01,Q4,287,Printemps,23.35,11.099999999999998,19.5,55.5,1009.6500000000001,Faible (1-10),337.5,5.347328244274806,3.0263358778625964,1.1984256958368003,1.0569736381063213,,0,0,0,9
2010-10-15,19.5,24.7,0.0,7.8,0.2,NNW,76.0,NE,NE,13,31,66,73,999.6,989.8,5,4,21.5,21.8,No,No,0,0,1,2010,10,Oct,2010-10-01,Q4,288,Printemps,22.1,5.199999999999999,22.0,69.5,994.7,Sec (≤1 mm),337.5,1.1473282442748065,4.726335877862596,0.2571354490853259,1.6507131492837148,,0,0,0,0
2010-10-16,11.7,16.1,0.8,3.4,9.3,WNW,85.0,W,W,46,48,34,28,999.3,1003.6,5,4,12.9,15.2,No,No,0,0,1,2010,10,Oct,2010-10-01,Q4,289,Printemps,13.9,4.400000000000002,47.0,31.0,1001.45,Sec (≤1 mm),292.5,-7.452671755725191,-3.073664122137405,-1.6702683895010262,-1.073503431412562,,0,1,0,0
2010-10-17,9.9,24.0,0.0,6.6,12.1,W,41.0,W,SSE,24,4,44,30,1012.9,1011.3,5,4,14.7,23.3,No,No,0,0,1,2010,10,Oct,2010-10-01,Q4,290,Printemps,16.95,14.1,14.0,37.0,1012.0999999999999,Sec (≤1 mm),270.0,0.4473282442748072,-4.873664122137404,0.1002537412934136,-1.7021687961886256,,0,0,0,0
2010-10-20,12.9,20.3,0.2,3.0,10.9,ENE,37.0,W,E,11,26,70,57,1028.8,1025.6,3,1,16.9,19.8,No,No,0,0,1,2010,10,Oct,2010-10-01,Q4,293,Printemps,16.6,7.4,18.5,63.5,1027.1999999999998,Sec (≤1 mm),67.5,-3.252671755725192,-1.873664122137404,-0.7289781427495519,-0.6543931882285191,,0,0,0,2
2010-10-21,13.3,21.5,0.0,6.6,11.0,ENE,41.0,W,ENE,11,28,75,58,1025.9,1022.4,2,5,17.6,21.3,No,No,0,0,1,2010,10,Oct,2010-10-01,Q4,294,Printemps,17.4,8.2,19.5,66.5,1024.15,Sec (≤1 mm),67.5,-2.052671755725193,-1.4736641221374036,-0.46003807224913074,-0.5146897738338382,,0,0,0,0
2010-10-22,15.3,23.0,0.0,5.6,11.0,NNE,41.0,W,ENE,6,19,70,63,1021.4,1017.8,1,4,19.0,22.2,No,No,0,0,1,2010,10,Oct,2010-10-01,Q4,295,Printemps,19.15,7.699999999999999,12.5,66.5,1019.5999999999999,Sec (≤1 mm),22.5,-0.5526717557251928,0.5263358778625964,-0.12386298412360412,0.18382729813956608,,0,0,0,0
2010-10-23,15.8,27.2,0.0,8.0,6.9,NW,52.0,W,WSW,7,4,59,82,1016.6,1015.1,5,4,21.4,19.3,No,Yes,0,1,1,2010,10,Oct,2010-10-01,Q4,296,Printemps,21.5,11.399999999999999,5.5,70.5,1015.85,Sec (≤1 mm),315.0,3.6473282442748065,1.0263358778625964,0.8174272626278701,0.35845656613291715,,0,0,0,0
2010-10-24,14.1,15.7,30.6,7.4,0.0,SSE,48.0,SSE,S,22,20,92,75,1021.1,1020.6,5,4,14.1,15.7,Yes,Yes,1,1,1,2010,10,Oct,2010-10-01,Q4,297,Printemps,14.899999999999999,1.5999999999999996,21.0,83.5,1020.85,Forte (>30),157.5,-7.8526717557251935,-0.6736641221374047,-1.7599150796678338,-0.23528294504447683,,0,0,0,0
2010-10-26,12.9,26.7,0.2,3.8,12.1,NE,33.0,W,ENE,13,24,73,56,1018.0,1015.0,1,5,17.8,22.5,No,No,0,0,1,2010,10,Oct,2010-10-01,Q4,299,Printemps,19.8,13.799999999999999,18.5,64.5,1016.5,Sec (≤1 mm),45.0,3.1473282442748065,-1.873664122137404,0.7053688999193614,-0.6543931882285191,,0,0,0,1
2010-10-27,14.8,23.8,0.0,6.8,9.6,SSE,54.0,SSE,SE,13,26,76,69,1016.0,1014.7,2,7,20.2,20.6,No,Yes,0,1,1,2010,10,Oct,2010-10-01,Q4,300,Printemps,19.3,9.0,19.5,72.5,1015.35,Sec (≤1 mm),157.5,0.24732824427480793,0.02633587786259639,0.05543039621001022,0.009198030146215013,,0,0,0,0
2010-10-28,16.4,21.4,1.8,5.4,8.9,ESE,33.0,SE,ESE,17,19,65,53,1021.5,1020.4,5,4,18.3,20.2,Yes,No,1,0,1,2010,10,Oct,2010-10-01,Q4,301,Printemps,18.9,5.0,18.0,59.0,1020.95,Faible (1-10),112.5,-2.152671755725194,1.6263358778625943,-0.4824497447908328,0.5680116877249377,,0,0,0,0
2010-10-29,14.5,22.1,0.2,6.2,1.8,ENE,31.0,WNW,ENE,11,15,82,59,1020.7,1017.5,7,7,16.2,20.5,No,No,0,0,1,2010,10,Oct,2010-10-01,Q4,302,Printemps,18.3,7.600000000000001,13.0,70.5,1019.1,Sec (≤1 mm),67.5,-1.4526717557251914,-0.2736641221374043,-0.3255680369989198,-0.09557953064979587,,0,0,0,0
2010-10-30,16.2,24.4,0.0,3.2,9.9,NE,56.0,N,NE,9,22,70,64,1015.1,1012.2,5,4,22.0,23.8,No,No,0,0,1,2010,10,Oct,2010-10-01,Q4,303,Printemps,20.299999999999997,8.2,15.5,67.0,1013.6500000000001,Sec (≤1 mm),45.0,0.8473282442748058,1.426335877862595,0.18990043146022037,0.49815998052759747,,0,0,0,0
2010-10-31,19.3,24.7,0.0,7.2,5.5,NE,50.0,NE,NE,19,28,81,64,1012.0,1010.6,5,4,20.7,24.2,No,Yes,0,1,1,2010,10,Oct,2010-10-01,Q4,304,Printemps,22.0,5.399999999999999,23.5,72.5,1011.3,Sec (≤1 mm),45.0,1.1473282442748065,4.526335877862596,0.2571354490853259,1.5808614420863745,,0,0,0,0
2010-11-01,18.1,20.4,5.2,6.6,0.1,SSE,48.0,S,SSE,22,28,78,77,1014.7,1012.1,8,8,18.7,18.6,Yes,Yes,1,1,1,2010,11,Nov,2010-11-01,Q4,305,Printemps,19.25,2.299999999999997,25.0,77.5,1013.4000000000001,Faible (1-10),157.5,-4.42645914396887,0.7817120622568083,-1.1378745606971363,0.34056152807163687,,0,0,0,0
2010-11-02,11.8,17.9,32.6,3.8,1.7,WSW,54.0,W,SSE,31,24,77,59,1011.8,1012.8,5,7,13.3,17.8,Yes,No,1,0,1,2010,11,Nov,2010-11-01,Q4,306,Printemps,14.85,6.099999999999998,27.5,68.0,1012.3,Forte (>30),247.5,-6.92645914396887,-5.518287937743192,-1.7805296286014174,-2.404103330568423,,0,0,0,0
2010-11-03,12.0,23.9,0.2,4.0,11.9,SE,44.0,W,ESE,13,24,65,54,1018.1,1016.3,1,3,17.6,20.7,No,No,0,0,1,2010,11,Nov,2010-11-01,Q4,307,Printemps,17.95,11.899999999999999,18.5,59.5,1017.2,Sec (≤1 mm),135.0,-0.9264591439688701,-5.318287937743193,-0.23815746563114257,-2.316971112833818,,0,0,0,0
2010-11-04,14.4,18.1,0.4,5.4,2.8,ESE,48.0,S,SE,15,20,83,68,1022.3,1020.5,7,7,14.8,17.6,No,Yes,0,1,1,2010,11,Nov,2010-11-01,Q4,308,Printemps,16.25,3.700000000000001,17.5,75.5,1021.4,Sec (≤1 mm),112.5,-6.726459143968867,-2.9182879377431927,-1.7291172231690741,-1.2713845000185573,,0,0,0,0
2010-11-05,13.4,19.2,8.4,8.4,2.7,SE,46.0,SE,SSE,17,30,67,53,1023.9,1022.1,7,7,15.2,17.8,Yes,Yes,1,1,1,2010,11,Nov,2010-11-01,Q4,309,Printemps,16.3,5.799999999999999,23.5,60.0,1023.0,Faible (1-10),135.0,-5.626459143968869,-3.9182879377431927,-1.446348993291191,-1.7070455886915825,,0,0,0,0
2010-11-06,13.6,18.8,26.0,4.8,2.5,ESE,37.0,SSW,SSE,7,15,93,81,1023.8,1021.9,5,4,14.1,16.7,Yes,Yes,1,1,1,2010,11,Nov,2010-11-01,Q4,310,Printemps,16.2,5.200000000000001,11.0,87.0,1022.8499999999999,Modérée (10-30),112.5,-6.026459143968868,-3.7182879377431934,-1.5491738041558756,-1.6199133709569777,,0,0,0,0
2010-11-07,13.4,23.3,8.8,3.6,10.9,NE,37.0,WNW,E,13,26,77,59,1021.3,1018.1,5,4,16.6,20.7,Yes,No,1,0,1,2010,11,Nov,2010-11-01,Q4,311,Printemps,18.35,9.9,19.5,68.0,1019.7,Faible (1-10),45.0,-1.526459143968868,-3.9182879377431927,-0.3923946819281695,-1.7070455886915825,,0,0,0,0
2010-11-08,16.1,26.3,0.0,5.8,7.9,SW,74.0,E,NNE,7,28,64,52,1017.2,1015.1,3,7,23.3,23.8,No,Yes,0,1,1,2010,11,Nov,2010-11-01,Q4,312,Printemps,21.200000000000003,10.2,17.5,58.0,1016.1500000000001,Sec (≤1 mm),225.0,1.473540856031132,-1.2182879377431917,0.37879139955696794,-0.5307606492744138,,0,0,0,0
2010-11-09,17.2,23.6,5.6,11.2,7.0,SSE,37.0,SSE,E,22,11,80,54,1025.0,1024.2,7,8,19.7,23.2,Yes,No,1,0,1,2010,11,Nov,2010-11-01,Q4,313,Printemps,20.4,6.400000000000002,16.5,67.0,1024.6,Faible (1-10),157.5,-1.2264591439688672,-0.1182879377431938,-0.3152760737796556,-0.05153345173408685,,0,0,0,0
2010-11-10,18.2,24.5,0.0,3.2,6.0,N,52.0,WNW,ENE,6,30,87,72,1021.8,1017.1,5,7,20.9,23.5,No,Yes,0,1,1,2010,11,Nov,2010-11-01,Q4,314,Printemps,21.35,6.300000000000001,18.0,79.5,1019.45,Sec (≤1 mm),0.0,-0.32645914396886866,0.8817120622568062,-0.08392024933411472,0.3841276369389385,,0,0,0,0
2010-11-11,19.7,27.2,8.6,7.2,9.3,E,30.0,ESE,E,7,24,77,43,1014.9,1012.0,5,3,20.1,25.0,Yes,No,1,0,1,2010,11,Nov,2010-11-01,Q4,315,Printemps,23.45,7.5,15.5,60.0,1013.45,Faible (1-10),90.0,2.3735408560311306,2.381712062256806,0.6101472240025088,1.0376192699484763,,0,0,0,0
2010-11-14,20.5,30.4,0.0,9.0,10.2,NNE,50.0,ENE,NNE,13,28,70,56,1015.7,1012.8,5,4,26.1,27.2,No,No,0,0,1,2010,11,Nov,2010-11-01,Q4,318,Printemps,25.45,9.899999999999999,20.5,63.0,1014.25,Sec (≤1 mm),22.5,5.57354085603113,3.181712062256807,1.4327457109199886,1.386148140886897,,0,0,0,2
2010-11-15,22.3,23.9,0.0,10.4,0.0,SSE,30.0,SW,SE,9,7,70,95,1012.8,1012.6,5,4,23.9,19.4,No,Yes,0,1,1,2010,11,Nov,2010-11-01,Q4,319,Printemps,23.1,1.5999999999999979,8.0,82.5,1012.7,Sec (≤1 mm),157.5,-0.9264591439688701,4.981712062256808,-0.23815746563114257,2.1703381004983426,,0,0,0,0
2010-11-16,17.4,23.5,21.0,1.0,7.9,ESE,35.0,S,SSE,13,20,82,65,1013.3,1011.3,7,3,18.8,22.8,Yes,No,1,0,1,2010,11,Nov,2010-11-01,Q4,320,Printemps,20.45,6.100000000000001,16.5,73.5,1012.3,Modérée (10-30),112.5,-1.3264591439688687,0.0817120622568055,-0.3409822764958272,0.0355987660005179,,0,0,0,0
2010-11-17,17.1,22.3,0.4,6.6,4.2,SSE,28.0,S,E,17,15,80,61,1017.1,1015.7,7,6,17.5,21.0,No,No,0,0,1,2010,11,Nov,2010-11-01,Q4,321,Printemps,19.700000000000003,5.199999999999999,16.0,70.5,1016.4000000000001,Sec (≤1 mm),157.5,-2.526459143968868,-0.21828793774319166,-0.649456709089882,-0.09509956060138845,,0,0,0,0
2010-11-18,16.8,23.4,1.0,3.6,8.8,NE,35.0,N,NE,7,20,65,59,1015.2,1012.2,3,6,22.3,22.6,No,No,0,0,1,2010,11,Nov,2010-11-01,Q4,322,Printemps,20.1,6.599999999999998,13.5,62.0,1013.7,Sec (≤1 mm),45.0,-1.42645914396887,-0.5182879377431924,-0.3666884792119988,-0.22579788720329635,,0,0,0,0
2010-11-19,16.7,20.0,0.0,8.0,0.4,SSE,67.0,S,SSE,26,33,71,58,1021.8,1024.0,7,8,17.4,18.5,No,No,0,0,1,2010,11,Nov,2010-11-01,Q4,323,Printemps,18.35,3.3000000000000007,29.5,64.5,1022.9,Sec (≤1 mm),157.5,-4.826459143968869,-0.6182879377431938,-1.2406993715618209,-0.2693639960705995,,0,0,0,0
2010-11-22,16.5,24.0,0.0,9.0,11.4,NE,44.0,WNW,E,4,26,82,54,1026.0,1024.3,6,2,19.3,23.2,No,No,0,0,1,2010,11,Nov,2010-11-01,Q4,326,Printemps,20.25,7.5,15.0,68.0,1025.15,Sec (≤1 mm),45.0,-0.8264591439688687,-0.8182879377431931,-0.21245126291497096,-0.35649621380520424,,0,0,0,2
2010-11-24,17.5,24.7,0.0,11.0,12.6,NE,56.0,NNE,NE,17,26,60,58,1025.3,1022.0,2,1,22.8,24.1,No,No,0,0,1,2010,11,Nov,2010-11-01,Q4,328,Printemps,21.1,7.199999999999999,21.5,59.0,1023.65,Sec (≤1 mm),45.0,-0.12645914396886937,0.18171206225680692,-0.03250784390177241,0.07916487486782105,,0,0,0,1
2010-11-25,18.5,26.0,0.0,8.8,12.1,NE,44.0,E,NE,17,20,67,53,1020.5,1017.7,1,1,22.5,25.2,No,No,0,0,1,2010,11,Nov,2010-11-01,Q4,329,Printemps,22.25,7.5,18.5,60.0,1019.1,Sec (≤1 mm),45.0,1.1735408560311313,1.181712062256807,0.301672791408454,0.5148259635408463,,0,0,0,0
2010-11-26,18.9,24.1,0.0,11.6,9.0,NE,37.0,E,E,13,19,62,72,1017.3,1015.3,5,7,23.9,22.4,No,No,0,0,1,2010,11,Nov,2010-11-01,Q4,330,Printemps,21.5,5.200000000000003,16.0,67.0,1016.3,Sec (≤1 mm),45.0,-0.7264591439688672,1.5817120622568055,-0.18674506019879936,0.6890903990100559,,0,0,0,0
2010-11-27,18.2,25.8,0.0,6.0,10.8,NNE,63.0,E,NE,6,28,77,56,1015.6,1012.0,5,4,22.3,25.5,No,No,0,0,1,2010,11,Nov,2010-11-01,Q4,331,Printemps,22.0,7.600000000000001,17.0,66.5,1013.8,Sec (≤1 mm),22.5,0.973540856031132,0.8817120622568062,0.25026038597611167,0.3841276369389385,,0,0,0,0
2010-11-28,19.0,23.5,0.0,10.8,0.0,NNE,44.0,NE,NE,9,13,73,64,1010.9,1010.2,5,4,21.7,23.0,No,Yes,0,1,1,2010,11,Nov,2010-11-01,Q4,332,Printemps,21.25,4.5,11.0,68.5,1010.55,Sec (≤1 mm),22.5,-1.3264591439688687,1.681712062256807,-0.3409822764958272,0.732656507877359,,0,0,0,0
2010-11-29,16.8,21.5,5.8,3.4,0.0,SSW,56.0,SSW,S,30,28,85,77,1013.6,1012.9,5,4,18.0,20.8,Yes,Yes,1,1,1,2010,11,Nov,2010-11-01,Q4,333,Printemps,19.15,4.699999999999999,29.0,81.0,1013.25,Faible (1-10),202.5,-3.3264591439688687,-0.5182879377431924,-0.8551063308192521,-0.22579788720329635,,0,0,0,0
2010-11-30,16.4,21.6,5.6,1.8,0.9,SSW,44.0,S,SSE,11,17,94,91,1016.4,1014.5,8,8,17.3,20.2,Yes,Yes,1,1,1,2010,11,Nov,2010-11-01,Q4,334,Printemps,19.0,5.200000000000003,14.0,92.5,1015.45,Faible (1-10),202.5,-3.2264591439688672,-0.9182879377431945,-0.8294001281030805,-0.4000623226725074,,0,0,0,0
2010-12-01,17.2,20.1,27.6,3.4,0.0,E,43.0,ENE,E,30,19,94,89,1016.4,1015.3,8,8,18.9,19.9,Yes,Yes,1,1,1,2010,12,Dec,2010-12-01,Q4,335,Été,18.65,2.900000000000002,24.5,91.5,1015.8499999999999,Modérée (10-30),90.0,-5.728333333333332,-1.382083333333334,-1.662881520106254,-0.614605926745581,,0,0,0,0
2010-12-02,18.5,24.3,21.0,1.8,5.4,ENE,44.0,ENE,ENE,17,22,91,78,1018.0,1015.9,8,7,20.1,22.7,Yes,No,1,0,1,2010,12,Dec,2010-12-01,Q4,336,Été,21.4,5.800000000000001,19.5,84.5,1016.95,Modérée (10-30),67.5,-1.5283333333333324,-0.08208333333333329,-0.44366085363323665,-0.036502070415700735,,0,0,0,0
2010-12-03,19.8,24.4,0.2,5.2,8.7,ENE,43.0,NNE,E,17,24,70,74,1017.3,1014.7,2,6,23.7,23.2,No,No,0,0,1,2010,12,Dec,2010-12-01,Q4,337,Été,22.1,4.599999999999998,20.5,72.0,1016.0,Sec (≤1 mm),67.5,-1.4283333333333346,1.2179166666666674,-0.41463179014578444,0.5416017859141796,,0,0,0,0
2010-12-04,19.6,22.7,0.0,7.4,1.6,NE,31.0,NNW,E,6,19,84,80,1013.0,1010.2,5,4,20.9,22.0,No,Yes,0,1,1,2010,12,Dec,2010-12-01,Q4,338,Été,21.15,3.099999999999998,12.5,82.0,1011.6,Sec (≤1 mm),45.0,-3.128333333333334,1.0179166666666681,-0.9081258694324817,0.45266273109419836,,0,0,0,0
2010-12-06,20.4,25.7,1.0,5.8,11.4,ESE,28.0,ESE,ESE,7,19,74,67,1014.2,1013.3,5,5,23.6,25.5,No,No,0,0,1,2010,12,Dec,2010-12-01,Q4,340,Été,23.049999999999997,5.300000000000001,13.0,70.5,1013.75,Sec (≤1 mm),112.5,-0.12833333333333385,1.8179166666666653,-0.03725396480889791,0.8084189503741233,,0,0,0,1
2010-12-07,21.0,26.0,0.0,8.0,13.2,ENE,43.0,E,ENE,19,24,73,63,1016.5,1015.4,6,3,23.5,25.4,No,No,0,0,1,2010,12,Dec,2010-12-01,Q4,341,Été,23.5,5.0,21.5,68.0,1015.95,Sec (≤1 mm),67.5,0.17166666666666686,2.4179166666666667,0.04983322565346069,1.0752361148340686,,0,0,0,0
2010-12-08,20.8,26.3,0.0,7.6,12.2,NE,63.0,NE,NE,15,28,67,68,1016.7,1012.5,3,5,24.8,25.7,No,No,0,0,1,2010,12,Dec,2010-12-01,Q4,342,Été,23.55,5.5,21.5,67.5,1014.6,Sec (≤1 mm),45.0,0.47166666666666757,2.2179166666666674,0.1369204161158193,0.9862970600140872,,0,0,0,0
2010-12-09,22.0,30.7,0.0,10.4,2.6,N,31.0,NE,SSE,13,9,80,62,1010.8,1008.2,7,8,23.4,28.3,No,No,0,0,1,2010,12,Dec,2010-12-01,Q4,343,Été,26.35,8.7,11.0,71.0,1009.5,Sec (≤1 mm),0.0,4.871666666666666,3.4179166666666667,1.414199209563742,1.5199313889339763,,0,0,0,0
2010-12-10,22.8,29.6,0.0,4.8,4.3,S,46.0,WSW,E,17,28,74,72,1009.4,1006.0,8,7,23.6,24.0,No,No,0,0,1,2010,12,Dec,2010-12-01,Q4,344,Été,26.200000000000003,6.800000000000001,22.5,73.0,1007.7,Sec (≤1 mm),180.0,3.7716666666666683,4.217916666666667,1.0948795112017617,1.8756876082139027,,0,0,0,0
2010-12-11,17.2,26.9,0.0,6.8,13.4,NE,39.0,W,ENE,13,22,46,56,1007.9,1003.1,5,4,22.2,23.4,No,No,0,0,1,2010,12,Dec,2010-12-01,Q4,345,Été,22.049999999999997,9.7,17.5,51.0,1005.5,Sec (≤1 mm),45.0,1.0716666666666654,-1.382083333333334,0.31109479704053544,-0.614605926745581,,0,0,0,0
2010-12-12,17.8,30.8,0.0,9.2,13.3,SSW,46.0,W,ENE,6,28,47,40,1004.0,1003.7,5,4,24.8,26.1,No,No,0,0,1,2010,12,Dec,2010-12-01,Q4,346,Été,24.3,13.0,17.0,43.5,1003.85,Sec (≤1 mm),202.5,4.971666666666668,-0.7820833333333326,1.4432282730511952,-0.3477887622856358,,0,0,0,0
2010-12-13,18.5,26.3,0.0,10.2,12.8,SSW,44.0,SSW,ESE,15,24,62,51,1013.5,1012.7,2,1,22.6,25.5,No,No,0,0,1,2010,12,Dec,2010-12-01,Q4,347,Été,22.4,7.800000000000001,19.5,56.5,1013.1,Sec (≤1 mm),202.5,0.47166666666666757,-0.08208333333333329,0.1369204161158193,-0.036502070415700735,,0,0,0,0
2010-12-15,20.0,25.6,0.0,6.0,10.7,NNE,43.0,E,E,11,24,71,69,1010.8,1006.7,4,4,24.0,24.7,No,No,0,0,1,2010,12,Dec,2010-12-01,Q4,349,Été,22.8,5.600000000000001,17.5,70.0,1008.75,Sec (≤1 mm),22.5,-0.22833333333333172,1.4179166666666667,-0.06628302829635008,0.6305408407341608,,0,0,0,1
2010-12-16,21.7,26.4,0.0,7.6,3.9,SSE,52.0,ENE,NNW,4,6,72,91,1003.8,1006.0,5,8,24.7,20.6,No,Yes,0,1,1,2010,12,Dec,2010-12-01,Q4,350,Été,24.049999999999997,4.699999999999999,5.0,81.5,1004.9,Sec (≤1 mm),157.5,0.5716666666666654,3.117916666666666,0.16594947960327147,1.3865228067040036,,0,0,0,0
2010-12-17,18.0,26.4,7.6,5.8,3.8,NW,41.0,SSW,ESE,6,6,75,71,1005.7,1003.5,8,6,20.5,23.0,Yes,No,1,0,1,2010,12,Dec,2010-12-01,Q4,351,Été,22.2,8.399999999999999,6.0,73.0,1004.6,Faible (1-10),315.0,0.5716666666666654,-0.5820833333333333,0.16594947960327147,-0.25884970746565455,,0,0,0,0
2010-12-18,19.6,25.5,0.0,7.8,4.1,W,57.0,NW,NW,24,26,57,44,1003.1,999.6,5,4,20.7,25.4,No,No,0,0,1,2010,12,Dec,2010-12-01,Q4,352,Été,22.55,5.899999999999999,25.0,50.5,1001.35,Sec (≤1 mm),270.0,-0.32833333333333314,1.0179166666666681,-0.09531209178380329,0.45266273109419836,,0,0,0,0
2010-12-19,18.5,27.3,0.0,5.0,5.0,WSW,65.0,N,N,15,33,69,44,1003.5,995.6,5,4,19.8,26.4,No,Yes,0,1,1,2010,12,Dec,2010-12-01,Q4,353,Été,22.9,8.8,24.0,56.5,999.55,Sec (≤1 mm),247.5,1.4716666666666676,-0.08208333333333329,0.42721105099034723,-0.036502070415700735,,0,0,0,0
2010-12-20,13.3,21.7,4.8,9.2,11.6,W,72.0,W,W,41,41,42,32,997.6,1000.7,1,2,16.7,21.3,Yes,No,1,0,1,2010,12,Dec,2010-12-01,Q4,354,Été,17.5,8.399999999999999,41.0,37.0,999.1500000000001,Faible (1-10),270.0,-4.128333333333334,-5.282083333333333,-1.1984165043070096,-2.3489174957352206,,0,0,0,0
2010-12-21,15.4,27.8,0.0,8.4,13.5,W,52.0,WNW,WNW,26,20,36,26,1008.7,1007.9,1,1,21.3,27.1,No,No,0,0,1,2010,12,Dec,2010-12-01,Q4,355,Été,21.6,12.4,23.0,31.0,1008.3,Sec (≤1 mm),270.0,1.9716666666666676,-3.182083333333333,0.5723563684276112,-1.4150574201254145,,0,0,0,0
2010-12-22,17.7,25.7,0.0,9.2,12.7,SE,41.0,SE,SSE,19,26,71,61,1018.5,1017.6,5,5,22.0,25.2,No,No,0,0,1,2010,12,Dec,2010-12-01,Q4,356,Été,21.7,8.0,22.5,66.0,1018.05,Sec (≤1 mm),135.0,-0.12833333333333385,-0.882083333333334,-0.03725396480889791,-0.3922582896956272,,0,0,0,0
2010-12-23,19.1,27.0,0.0,8.4,7.5,SSE,59.0,W,E,9,19,72,57,1018.1,1016.5,6,5,21.4,26.2,No,No,0,0,1,2010,12,Dec,2010-12-01,Q4,357,Été,23.05,7.899999999999999,14.0,64.5,1017.3,Sec (≤1 mm),157.5,1.1716666666666669,0.5179166666666681,0.34012386052798865,0.23031509404424452,,0,0,0,0
2010-12-24,18.7,24.1,0.0,8.0,8.0,SE,44.0,ESE,ESE,19,19,65,47,1026.1,1023.7,5,4,19.8,23.6,No,No,0,0,1,2010,12,Dec,2010-12-01,Q4,358,Été,21.4,5.400000000000002,19.0,56.0,1024.9,Sec (≤1 mm),135.0,-1.7283333333333317,0.117916666666666,-0.501718980608142,0.05243698440428049,,0,0,0,0
2010-12-25,16.0,26.3,0.0,7.0,12.5,ENE,43.0,W,NE,0,19,69,61,1017.2,1011.4,5,4,21.5,25.5,No,No,0,0,1,2010,12,Dec,2010-12-01,Q4,359,Été,21.15,10.3,9.5,65.0,1014.3,Sec (≤1 mm),67.5,0.47166666666666757,-2.5820833333333333,0.1369204161158193,-1.14824025566547,,0,0,0,0
2010-12-26,20.8,31.3,0.8,8.0,3.5,SSE,76.0,W,WNW,20,15,88,56,1006.3,1001.4,5,4,21.1,28.7,No,Yes,0,1,1,2010,12,Dec,2010-12-01,Q4,360,Été,26.05,10.5,17.5,72.0,1003.8499999999999,Sec (≤1 mm),157.5,5.471666666666668,2.2179166666666674,1.588373590488459,0.9862970600140872,,0,0,0,0
2010-12-27,18.4,19.9,17.0,11.8,0.3,SSE,57.0,SSW,SSE,15,28,88,78,1005.5,1005.8,5,4,18.5,18.9,Yes,Yes,1,1,1,2010,12,Dec,2010-12-01,Q4,361,Été,19.15,1.5,21.5,83.0,1005.65,Modérée (10-30),157.5,-5.928333333333335,-0.1820833333333347,-1.7209396470811602,-0.08097159782569213,,0,0,0,0
2010-12-28,15.4,21.2,1.8,5.4,2.5,SSE,39.0,SSE,ESE,11,19,59,50,1018.9,1019.1,5,4,19.0,20.7,Yes,No,1,0,1,2010,12,Dec,2010-12-01,Q4,362,Été,18.3,5.799999999999999,15.0,54.5,1019.0,Faible (1-10),157.5,-4.628333333333334,-3.182083333333333,-1.3435618217442737,-1.4150574201254145,,0,0,0,0
2010-12-29,17.3,24.7,0.0,5.2,12.7,NE,48.0,WSW,NE,4,28,66,56,1018.5,1014.8,5,4,21.1,24.1,No,No,0,0,1,2010,12,Dec,2010-12-01,Q4,363,Été,21.0,7.399999999999999,16.0,61.0,1016.65,Sec (≤1 mm),45.0,-1.1283333333333339,-1.2820833333333326,-0.32754459968342586,-0.5701363993355897,,0,0,0,0
2010-12-30,20.0,26.5,0.0,8.6,13.1,E,30.0,E,E,7,20,64,63,1016.6,1015.3,5,4,24.7,24.8,No,No,0,0,1,2010,12,Dec,2010-12-01,Q4,364,Été,23.25,6.5,13.5,63.5,1015.95,Sec (≤1 mm),90.0,0.6716666666666669,1.4179166666666667,0.19497854309072465,0.6305408407341608,,0,0,0,0
2010-12-31,21.4,27.2,0.0,8.8,11.7,NE,46.0,ESE,ENE,7,28,78,65,1016.0,1013.9,5,4,24.0,26.4,No,No,0,0,1,2010,12,Dec,2010-12-01,Q4,365,Été,24.299999999999997,5.800000000000001,17.5,71.5,1014.95,Sec (≤1 mm),45.0,1.3716666666666661,2.8179166666666653,0.398181987502894,1.253114224474031,,0,0,0,0
2011-01-01,20.5,29.0,0.0,10.0,10.8,NE,39.0,E,ENE,13,20,69,58,1013.2,1010.1,5,4,25.5,27.1,No,No,0,0,1,2011,1,Jan,2011-01-01,Q1,1,Été,24.75,8.5,16.5,63.5,1011.6500000000001,Sec (≤1 mm),45.0,1.5231046931407946,0.19638989169675014,0.39737646501242885,0.09245201546289747,,0,0,0,0
2011-01-02,20.7,28.0,0.0,10.6,8.6,S,52.0,SE,SSE,9,26,72,62,1011.9,1010.8,5,4,24.7,26.6,No,Yes,0,1,1,2011,1,Jan,2011-01-01,Q1,2,Été,24.35,7.300000000000001,17.5,67.0,1011.3499999999999,Sec (≤1 mm),180.0,0.5231046931407946,0.39638989169674943,0.1364774822950959,0.18660351650415705,,0,0,0,0
2011-01-03,18.9,21.3,5.6,7.2,0.1,SSW,50.0,S,SSE,17,20,81,84,1014.5,1013.9,5,4,19.9,19.2,Yes,Yes,1,1,1,2011,1,Jan,2011-01-01,Q1,3,Été,20.1,2.400000000000002,18.5,82.5,1014.2,Faible (1-10),202.5,-6.176895306859205,-1.4036101083032513,-1.6115457019110346,-0.6607599928671826,,0,0,0,0
2011-01-04,17.3,22.6,3.0,5.0,1.9,SSE,35.0,SSW,SE,20,19,74,60,1014.1,1011.6,5,4,20.1,21.8,Yes,No,1,0,1,2011,1,Jan,2011-01-01,Q1,4,Été,19.950000000000003,5.300000000000001,19.5,67.0,1012.85,Faible (1-10),157.5,-4.876895306859204,-3.003610108303249,-1.2723770243785015,-1.413972001197261,,0,0,0,0
2011-01-05,17.2,23.4,0.0,5.4,7.2,S,26.0,WNW,E,6,20,64,57,1008.0,1005.8,5,4,21.1,23.0,No,No,0,0,1,2011,1,Jan,2011-01-01,Q1,5,Été,20.299999999999997,6.199999999999999,13.0,60.5,1006.9,Sec (≤1 mm),180.0,-4.076895306859207,-3.1036101083032506,-1.063657838204636,-1.4610477517178915,,0,0,0,0
2011-01-06,19.5,26.8,0.0,5.2,12.3,S,41.0,S,S,20,17,72,57,1010.8,1011.1,5,4,22.6,24.9,No,Yes,0,1,1,2011,1,Jan,2011-01-01,Q1,6,Été,23.15,7.300000000000001,18.5,64.5,1010.95,Sec (≤1 mm),180.0,-0.6768953068592047,-0.8036101083032499,-0.17660129696570342,-0.3783054897434021,,0,0,0,0
2011-01-07,19.9,26.5,7.6,6.4,4.8,ESE,33.0,SSE,E,9,17,88,67,1013.6,1013.0,5,4,22.1,26.5,Yes,Yes,1,1,1,2011,1,Jan,2011-01-01,Q1,7,Été,23.2,6.600000000000001,13.0,77.5,1013.3,Faible (1-10),112.5,-0.9768953068592054,-0.4036101083032513,-0.2548709917809035,-0.19000248766088296,,0,0,0,0
2011-01-08,21.3,26.7,6.6,5.2,10.3,ENE,31.0,ENE,E,11,20,68,62,1013.8,1012.1,5,4,24.3,26.4,Yes,Yes,1,1,1,2011,1,Jan,2011-01-01,Q1,8,Été,24.0,5.399999999999999,15.5,65.0,1012.95,Faible (1-10),67.5,-0.7768953068592062,0.9963898916967509,-0.2026911952374371,0.4690580196279375,,0,0,0,0
2011-01-09,22.0,27.0,9.4,4.6,7.5,E,44.0,ENE,E,22,20,82,67,1014.4,1014.3,5,4,24.0,26.6,Yes,Yes,1,1,1,2011,1,Jan,2011-01-01,Q1,9,Été,24.5,5.0,21.0,74.5,1014.3499999999999,Faible (1-10),90.0,-0.47689530685920545,1.6963898916967501,-0.12442150042223703,0.7985882732723468,,0,0,0,0
2011-01-10,21.5,26.2,5.4,7.0,6.6,E,48.0,ENE,E,20,26,80,65,1016.4,1014.7,5,4,24.1,26.0,Yes,No,1,0,1,2011,1,Jan,2011-01-01,Q1,10,Été,23.85,4.699999999999999,23.0,72.5,1015.55,Faible (1-10),90.0,-1.2768953068592062,1.1963898916967501,-0.3331406865961036,0.563209520669197,,0,0,0,0
2011-01-11,21.8,25.2,0.4,6.6,0.8,ENE,44.0,E,NE,20,20,71,79,1014.5,1012.1,5,4,24.3,24.3,No,Yes,0,1,1,2011,1,Jan,2011-01-01,Q1,11,Été,23.5,3.3999999999999986,20.0,75.0,1013.3,Sec (≤1 mm),67.5,-2.276895306859206,1.4963898916967509,-0.5940396693134365,0.7044367722310872,,0,0,0,0
2011-01-12,22.3,27.9,1.6,4.4,5.6,NE,54.0,ENE,NE,13,28,79,71,1012.3,1011.6,5,4,25.2,26.4,Yes,No,1,0,1,2011,1,Jan,2011-01-01,Q1,12,Été,25.1,5.599999999999998,20.5,75.0,1011.95,Faible (1-10),45.0,0.42310469314079313,1.9963898916967509,0.11038758402336224,0.939815524834237,,0,0,0,0
2011-01-13,23.3,26.6,0.2,10.6,1.9,ENE,44.0,NE,ENE,15,28,75,65,1014.8,1013.5,5,4,25.0,24.9,No,No,0,0,1,2011,1,Jan,2011-01-01,Q1,13,Été,24.950000000000003,3.3000000000000007,21.5,70.0,1014.15,Sec (≤1 mm),67.5,-0.876895306859204,2.996389891696751,-0.22878109350916984,1.4105730300405366,,0,0,0,0
2011-01-14,21.8,27.9,0.2,4.6,9.8,NNE,54.0,NNE,NE,19,28,56,53,1012.4,1009.3,5,4,26.5,27.6,No,No,0,0,1,2011,1,Jan,2011-01-01,Q1,14,Été,24.85,6.099999999999998,23.5,54.5,1010.8499999999999,Sec (≤1 mm),22.5,0.42310469314079313,1.4963898916967509,0.11038758402336224,0.7044367722310872,,0,0,0,0
2011-01-15,22.0,30.4,0.6,11.4,1.6,NNE,37.0,N,ENE,9,7,87,61,1009.4,1007.0,5,4,22.6,29.6,No,No,0,0,1,2011,1,Jan,2011-01-01,Q1,15,Été,26.2,8.399999999999999,8.0,74.0,1008.2,Sec (≤1 mm),22.5,2.923104693140793,1.6963898916967501,0.7626350408166946,0.7985882732723468,,0,0,0,0
2011-01-16,22.1,28.1,0.2,4.2,7.9,SSW,30.0,S,ESE,11,15,86,65,1010.2,1007.4,5,4,23.1,28.0,No,No,0,0,1,2011,1,Jan,2011-01-01,Q1,16,Été,25.1,6.0,13.0,75.5,1008.8,Sec (≤1 mm),202.5,0.623104693140796,1.7963898916967516,0.16256738056682957,0.8456640237929774,,0,0,0,0
2011-01-17,21.4,29.8,0.0,8.8,9.6,S,52.0,E,SSE,13,24,65,68,1002.8,1001.5,5,4,25.8,26.3,No,No,0,0,1,2011,1,Jan,2011-01-01,Q1,17,Été,25.6,8.400000000000002,18.5,66.5,1002.15,Sec (≤1 mm),180.0,2.3231046931407953,1.0963898916967487,0.6060956511862954,0.5161337701485664,,0,0,0,0
2011-01-18,20.0,26.1,0.0,8.0,7.3,E,31.0,S,ESE,13,20,68,57,1007.5,1007.3,5,4,22.4,24.8,No,Yes,0,1,1,2011,1,Jan,2011-01-01,Q1,18,Été,23.05,6.100000000000001,16.5,62.5,1007.4,Sec (≤1 mm),90.0,-1.376895306859204,-0.30361010830324986,-0.3592305848678363,-0.14292673714025234,,0,0,0,0
2011-01-19,19.3,25.4,7.2,5.6,3.6,E,44.0,S,ENE,17,20,83,73,1009.8,1009.3,5,4,21.6,24.5,Yes,No,1,0,1,2011,1,Jan,2011-01-01,Q1,19,Été,22.35,6.099999999999998,18.5,78.0,1009.55,Faible (1-10),90.0,-2.076895306859207,-1.0036101083032491,-0.54185987276997,-0.4724569907846617,,0,0,0,0
2011-01-20,21.5,27.3,0.2,5.8,12.3,E,39.0,E,ENE,20,24,62,55,1013.5,1013.4,5,4,24.8,26.3,No,Yes,0,1,1,2011,1,Jan,2011-01-01,Q1,20,Été,24.4,5.800000000000001,22.0,58.5,1013.45,Sec (≤1 mm),90.0,-0.17689530685920474,1.1963898916967501,-0.046151805607036966,0.563209520669197,,0,0,0,0
2011-01-21,20.7,26.9,5.6,8.2,12.4,NE,41.0,ESE,ENE,4,28,66,60,1015.2,1013.1,5,4,25.1,26.3,Yes,No,1,0,1,2011,1,Jan,2011-01-01,Q1,21,Été,23.799999999999997,6.199999999999999,16.0,63.0,1014.1500000000001,Faible (1-10),45.0,-0.5768953068592069,0.39638989169674943,-0.1505113986939707,0.18660351650415705,,0,0,0,0
2011-01-22,20.5,28.4,0.0,10.2,11.7,ENE,31.0,NE,E,13,26,64,55,1016.3,1015.2,5,4,25.0,26.7,No,No,0,0,1,2011,1,Jan,2011-01-01,Q1,22,Été,24.45,7.899999999999999,19.5,59.5,1015.75,Sec (≤1 mm),67.5,0.9231046931407931,0.19638989169675014,0.24083707538202873,0.09245201546289747,,0,0,0,0
2011-01-23,21.4,28.3,0.0,11.0,10.2,NNE,50.0,NNE,NE,20,28,57,57,1012.2,1009.1,5,4,25.2,26.1,No,No,0,0,1,2011,1,Jan,2011-01-01,Q1,23,Été,24.85,6.900000000000002,24.0,57.0,1010.6500000000001,Sec (≤1 mm),22.5,0.8231046931407953,1.0963898916967487,0.21474717711029598,0.5161337701485664,,0,0,0,0
2011-01-24,21.0,35.4,0.0,10.8,7.5,SSW,69.0,NNE,NW,11,26,56,36,1004.1,1001.4,5,4,26.6,32.4,No,No,0,0,1,2011,1,Jan,2011-01-01,Q1,24,Été,28.2,14.399999999999999,18.5,46.0,1002.75,Sec (≤1 mm),202.5,7.923104693140793,0.6963898916967501,2.0671299544033594,0.3278307680660473,,0,0,0,0
2011-01-25,21.7,28.5,0.0,10.6,10.2,S,50.0,WSW,ENE,4,20,70,64,1008.0,1006.9,5,4,24.3,27.2,No,No,0,0,1,2011,1,Jan,2011-01-01,Q1,25,Été,25.1,6.800000000000001,12.0,67.0,1007.45,Sec (≤1 mm),180.0,1.0231046931407946,1.3963898916967494,0.2669269736537624,0.6573610217104566,,0,0,0,0
2011-01-26,22.9,31.4,0.0,7.0,9.3,SSE,46.0,ESE,E,11,15,85,73,1011.5,1010.2,5,4,25.8,27.7,No,No,0,0,1,2011,1,Jan,2011-01-01,Q1,26,Été,27.15,8.5,13.0,79.0,1010.85,Sec (≤1 mm),157.5,3.923104693140793,2.5963898916967487,1.0235340235340276,1.2222700279580159,,0,0,0,0
2011-01-27,22.5,28.4,0.0,7.2,6.3,S,43.0,S,E,9,17,79,71,1013.5,1011.1,5,4,25.1,27.3,No,No,0,0,1,2011,1,Jan,2011-01-01,Q1,27,Été,25.45,5.899999999999999,13.0,75.0,1012.3,Sec (≤1 mm),180.0,0.9231046931407931,2.19638989169675,0.24083707538202873,1.0339670258754967,,0,0,0,0
2011-01-28,22.5,24.3,0.0,7.2,4.3,SE,41.0,SSE,SSE,20,24,70,59,1019.0,1019.1,5,4,23.1,24.1,No,No,0,0,1,2011,1,Jan,2011-01-01,Q1,28,Été,23.4,1.8000000000000007,22.0,64.5,1019.05,Sec (≤1 mm),135.0,-3.1768953068592047,2.19638989169675,-0.8288487537590358,1.0339670258754967,,0,0,0,0
2011-01-29,19.8,25.0,0.0,7.8,8.2,E,39.0,ENE,ENE,11,24,76,48,1021.6,1021.3,5,4,20.7,24.6,No,No,0,0,1,2011,1,Jan,2011-01-01,Q1,29,Été,22.4,5.199999999999999,17.5,62.0,1021.45,Sec (≤1 mm),90.0,-2.4768953068592054,-0.5036101083032491,-0.6462194658569029,-0.2370782381815119,,0,0,0,0
2011-01-30,17.8,28.2,0.0,8.4,12.8,NNE,43.0,NNW,ENE,15,24,64,56,1020.2,1016.3,5,4,23.1,27.5,No,No,0,0,1,2011,1,Jan,2011-01-01,Q1,30,Été,23.0,10.399999999999999,19.5,60.0,1018.25,Sec (≤1 mm),22.5,0.7231046931407938,-2.503610108303249,0.18865727883856231,-1.178593248594111,,0,0,0,0
2011-01-31,22.2,31.6,0.0,9.2,12.8,ENE,33.0,ENE,ENE,2,17,72,49,1015.0,1011.8,5,4,26.1,30.0,No,No,0,0,1,2011,1,Jan,2011-01-01,Q1,31,Été,26.9,9.400000000000002,9.5,60.5,1013.4,Sec (≤1 mm),67.5,4.123104693140796,1.8963898916967494,1.075713820077495,0.8927397743136064,,0,0,0,0
2011-02-01,22.7,33.5,0.0,12.0,12.3,NNE,37.0,W,NE,7,17,65,49,1011.3,1006.9,5,4,26.1,31.8,No,No,0,0,1,2011,2,Feb,2011-02-01,Q1,32,Été,28.1,10.8,12.0,57.0,1009.0999999999999,Sec (≤1 mm),22.5,6.619215686274508,2.5137254901960766,2.0775442336395,1.1982419043951242,,0,0,0,0
2011-02-02,26.1,31.2,0.0,12.8,11.0,NE,35.0,SSE,E,13,20,59,70,1015.3,1012.7,5,4,28.7,28.4,No,No,0,0,1,2011,2,Feb,2011-02-01,Q1,33,Été,28.65,5.099999999999998,16.5,64.5,1014.0,Sec (≤1 mm),45.0,4.319215686274507,5.913725490196079,1.3556533082117095,2.8189528733663787,,0,0,0,0
2011-02-03,25.1,37.5,0.0,10.2,5.7,SSW,70.0,SSE,SSW,11,24,58,54,1011.0,1009.9,5,4,30.6,33.6,No,No,0,0,1,2011,2,Feb,2011-02-01,Q1,34,Été,31.3,12.399999999999999,17.5,56.0,1010.45,Sec (≤1 mm),202.5,10.619215686274508,4.913725490196079,3.3330067126443526,2.342273176610128,Chaleur extrême,0,0,1,0
2011-02-04,24.0,33.7,0.0,5.2,6.8,ENE,43.0,N,ENE,7,28,72,73,1014.7,1011.1,5,4,27.3,27.8,No,No,0,0,1,2011,2,Feb,2011-02-01,Q1,35,Été,28.85,9.700000000000003,17.5,72.5,1012.9000000000001,Sec (≤1 mm),67.5,6.819215686274511,3.8137254901960773,2.1403173575897436,1.817925510178251,,0,0,1,0
2011-02-05,24.2,41.5,0.0,8.4,12.4,NNW,56.0,NW,NNW,24,33,46,22,1010.0,1006.6,5,4,33.7,40.9,No,No,0,0,1,2011,2,Feb,2011-02-01,Q1,36,Été,32.85,17.3,28.5,34.0,1008.3,Sec (≤1 mm),337.5,14.619215686274508,4.013725490196077,4.588469191649205,1.9132614495295008,Chaleur extrême,0,0,1,0
2011-02-06,27.6,35.6,0.0,16.6,2.6,SSE,67.0,W,S,2,41,56,77,1012.7,1016.1,5,4,28.7,22.8,No,No,0,0,1,2011,2,Feb,2011-02-01,Q1,37,Été,31.6,8.0,21.5,66.5,1014.4000000000001,Sec (≤1 mm),157.5,8.71921568627451,7.413725490196079,2.736662035117048,3.5339724185007553,Nuit chaude extrême,0,0,1,0
2011-02-07,18.0,23.0,0.2,6.8,0.0,S,35.0,WSW,SE,13,19,64,58,1023.9,1020.6,5,4,18.7,22.6,No,No,0,0,1,2011,2,Feb,2011-02-01,Q1,38,Été,20.5,5.0,16.0,61.0,1022.25,Sec (≤1 mm),180.0,-3.880784313725492,-2.1862745098039227,-1.2180447737482378,-1.0421526703592552,,0,0,0,0
2011-02-08,18.7,25.3,0.2,4.8,3.9,ESE,30.0,WNW,ESE,11,17,67,52,1019.5,1018.6,5,4,21.2,24.2,No,No,0,0,1,2011,2,Feb,2011-02-01,Q1,39,Été,22.0,6.600000000000001,14.0,59.5,1019.05,Sec (≤1 mm),112.5,-1.5807843137254913,-1.4862745098039234,-0.49615384832044745,-0.7084768826298798,,0,0,0,0
2011-02-09,18.1,24.5,0.4,5.2,6.0,E,33.0,SSW,ENE,13,11,69,83,1024.5,1023.6,5,4,21.8,21.6,No,No,0,0,1,2011,2,Feb,2011-02-01,Q1,40,Été,21.3,6.399999999999999,12.0,76.0,1024.05,Sec (≤1 mm),90.0,-2.380784313725492,-2.0862745098039213,-0.7472463441214182,-0.9944847006836295,,0,0,0,0
2011-02-10,20.4,25.7,0.0,7.2,4.7,NNE,41.0,W,E,7,24,85,70,1023.4,1020.3,5,4,21.3,24.3,No,No,0,0,1,2011,2,Feb,2011-02-01,Q1,41,Été,23.049999999999997,5.300000000000001,15.5,77.5,1021.8499999999999,Sec (≤1 mm),22.5,-1.1807843137254928,0.2137254901960759,-0.37060760041996266,0.10187860185574657,,0,0,0,0
2011-02-11,21.0,29.2,0.2,5.0,8.0,SSW,39.0,NNE,ENE,7,13,63,60,1016.0,1011.4,5,4,25.3,28.3,No,Yes,0,1,1,2011,2,Feb,2011-02-01,Q1,42,Été,25.1,8.2,10.0,61.5,1013.7,Sec (≤1 mm),202.5,2.3192156862745072,0.8137254901960773,0.7279220687092833,0.38788641990949785,,0,0,0,0
2011-02-12,22.7,23.1,1.4,8.6,0.0,S,52.0,S,S,30,26,87,76,1014.7,1016.4,5,4,22.7,22.2,Yes,Yes,1,1,1,2011,2,Feb,2011-02-01,Q1,43,Été,22.9,0.40000000000000213,28.0,81.5,1015.55,Faible (1-10),180.0,-3.7807843137254906,2.5137254901960766,-1.1866582117731161,1.1982419043951242,,0,0,0,0
2011-02-13,19.5,22.8,9.6,2.4,0.0,SSE,54.0,SSW,S,11,26,83,88,1017.5,1018.4,5,4,21.5,21.3,Yes,No,1,0,1,2011,2,Feb,2011-02-01,Q1,44,Été,21.15,3.3000000000000007,18.5,85.5,1017.95,Faible (1-10),157.5,-4.080784313725491,-0.6862745098039227,-1.2808178976984803,-0.3271331252248787,,0,0,0,0
2011-02-14,20.6,24.2,0.4,4.0,0.1,SSE,41.0,SE,SE,20,19,59,59,1023.6,1023.4,5,4,21.9,23.6,No,No,0,0,1,2011,2,Feb,2011-02-01,Q1,45,Été,22.4,3.599999999999998,19.5,59.0,1023.5,Sec (≤1 mm),157.5,-2.6807843137254928,0.41372549019607874,-0.8414060300467824,0.19721454120699813,,0,0,0,0
2011-02-15,18.3,25.0,0.0,6.6,3.0,ESE,31.0,WNW,ESE,9,20,84,54,1023.7,1022.0,5,4,20.7,24.0,No,Yes,0,1,1,2011,2,Feb,2011-02-01,Q1,46,Été,21.65,6.699999999999999,14.5,69.0,1022.85,Sec (≤1 mm),112.5,-1.880784313725492,-1.886274509803922,-0.5903135342458116,-0.8991487613323796,,0,0,0,0
2011-02-16,19.8,26.7,2.2,3.6,3.9,NE,28.0,WNW,E,15,19,81,64,1019.7,1016.3,5,4,20.9,25.7,Yes,No,1,0,1,2011,2,Feb,2011-02-01,Q1,47,Été,23.25,6.899999999999999,17.0,72.5,1018.0,Faible (1-10),45.0,-0.18078431372549275,-0.386274509803922,-0.056741980668749525,-0.18412921619800304,,0,0,0,0
2011-02-17,20.9,28.7,0.0,6.4,8.3,NNE,31.0,NNW,E,11,15,80,67,1013.7,1011.2,5,4,24.4,26.8,No,No,0,0,1,2011,2,Feb,2011-02-01,Q1,48,Été,24.799999999999997,7.800000000000001,13.0,73.5,1012.45,Sec (≤1 mm),22.5,1.8192156862745072,0.7137254901960759,0.5709892588336767,0.3402184502338721,,0,0,0,0
2011-02-18,22.6,27.6,0.0,5.0,3.8,S,43.0,S,SE,20,13,83,70,1014.7,1014.0,5,4,23.5,27.0,No,No,0,0,1,2011,2,Feb,2011-02-01,Q1,49,Été,25.1,5.0,16.5,76.5,1014.35,Sec (≤1 mm),180.0,0.7192156862745094,2.4137254901960787,0.22573707710734295,1.1505739347195003,,0,0,0,0
2011-02-19,22.4,30.1,0.0,4.4,7.8,NNE,44.0,NNE,NE,15,28,79,67,1011.2,1006.3,5,4,25.1,28.4,No,No,0,0,1,2011,2,Feb,2011-02-01,Q1,50,Été,26.25,7.700000000000003,21.5,73.0,1008.75,Sec (≤1 mm),22.5,3.2192156862745094,2.213725490196076,1.0104011264853758,1.0552379953682487,,0,0,0,0
2011-02-20,25.0,33.2,0.0,7.2,9.5,ESE,28.0,E,SE,6,13,61,49,1006.4,1005.7,5,4,30.1,32.0,No,No,0,0,1,2011,2,Feb,2011-02-01,Q1,51,Été,29.1,8.200000000000003,9.5,55.0,1006.05,Sec (≤1 mm),112.5,6.319215686274511,4.813725490196077,1.983384547714137,2.294605206934502,,0,0,0,0
2011-02-21,20.0,24.9,0.0,8.2,4.3,S,65.0,SSE,SE,17,20,82,62,1012.7,1012.4,5,4,20.9,24.4,No,No,0,0,1,2011,2,Feb,2011-02-01,Q1,52,Été,22.45,4.899999999999999,18.5,72.0,1012.55,Sec (≤1 mm),180.0,-1.9807843137254935,-0.18627450980392268,-0.6217000962209334,-0.08879327684675317,,0,0,0,0
2011-02-22,19.1,21.7,0.4,9.0,3.2,SSE,50.0,SSE,SSE,22,26,57,78,1021.6,1022.6,5,4,20.4,19.2,No,Yes,0,1,1,2011,2,Feb,2011-02-01,Q1,53,Été,20.4,2.599999999999998,24.0,67.5,1022.1,Sec (≤1 mm),157.5,-5.180784313725493,-1.0862745098039213,-1.626070079424815,-0.5178050039273785,,0,0,0,0
2011-02-23,17.3,26.6,1.8,4.2,7.3,SSE,33.0,W,SSE,13,20,77,45,1023.1,1021.3,5,4,19.0,26.1,Yes,No,1,0,1,2011,2,Feb,2011-02-01,Q1,54,Été,21.950000000000003,9.3,16.5,61.0,1022.2,Faible (1-10),157.5,-0.2807843137254906,-2.886274509803922,-0.08812854264387017,-1.3758284580886306,,0,0,0,0
2011-02-24,16.6,26.1,0.4,5.0,12.0,ENE,35.0,W,E,17,22,71,49,1019.9,1016.0,5,4,20.3,24.9,No,No,0,0,1,2011,2,Feb,2011-02-01,Q1,55,Été,21.35,9.5,19.5,60.0,1017.95,Sec (≤1 mm),67.5,-0.7807843137254906,-3.5862745098039213,-0.24506135251947672,-1.709504245818006,,0,0,0,0
2011-02-25,18.0,28.0,0.0,7.4,7.6,E,30.0,WNW,NNE,7,20,75,41,1014.5,1012.2,5,4,21.1,27.1,No,No,0,0,1,2011,2,Feb,2011-02-01,Q1,56,Été,23.0,10.0,13.5,58.0,1013.35,Sec (≤1 mm),90.0,1.119215686274508,-2.1862745098039227,0.3512833250078278,-1.0421526703592552,,0,0,0,0
2011-02-26,20.9,27.2,0.0,7.6,11.1,ENE,41.0,WNW,E,4,26,80,65,1012.5,1009.5,5,4,23.7,26.8,No,No,0,0,1,2011,2,Feb,2011-02-01,Q1,57,Été,24.049999999999997,6.300000000000001,15.0,72.5,1011.0,Sec (≤1 mm),67.5,0.31921568627450725,0.7137254901960759,0.10019082920685704,0.3402184502338721,,0,0,0,0
2011-02-27,20.3,30.3,0.0,8.0,1.4,SSW,37.0,W,WNW,17,6,74,63,1008.3,1007.5,5,4,22.3,26.9,No,No,0,0,1,2011,2,Feb,2011-02-01,Q1,58,Été,25.3,10.0,11.5,68.5,1007.9,Sec (≤1 mm),202.5,3.4192156862745087,0.11372549019607803,1.073174250435618,0.054210632180122474,,0,0,0,0
2011-02-28,22.2,28.8,0.8,5.0,2.4,N,46.0,NE,ENE,13,26,83,65,1009.9,1007.8,5,4,22.7,26.1,No,No,0,0,1,2011,2,Feb,2011-02-01,Q1,59,Été,25.5,6.600000000000001,19.5,74.0,1008.8499999999999,Sec (≤1 mm),0.0,1.9192156862745087,2.0137254901960766,0.6023758208087985,0.9599020560169987,,0,0,0,0
2011-03-01,22.7,33.6,0.6,4.4,1.9,SSE,54.0,W,WNW,9,17,53,39,1002.4,1003.1,5,4,28.8,32.5,No,No,0,0,1,2011,3,Mar,2011-03-01,Q1,60,Automne,28.15,10.900000000000002,13.0,46.0,1002.75,Sec (≤1 mm),157.5,7.718709677419358,3.842580645161288,3.1505285812092505,1.7910720134191804,Chaleur extrême,0,0,0,0
2011-03-02,19.4,21.8,0.0,9.2,0.0,SSE,43.0,ESE,E,19,11,58,59,1017.1,1015.0,5,4,20.5,21.2,No,No,0,0,1,2011,3,Mar,2011-03-01,Q1,61,Automne,20.6,2.400000000000002,15.0,58.5,1016.05,Sec (≤1 mm),157.5,-4.081290322580642,0.5425806451612871,-1.6658512040061597,0.25290321747574257,,0,0,0,0
2011-03-03,17.4,31.7,0.0,2.2,10.5,ESE,33.0,W,SE,20,28,77,35,1009.1,1007.1,5,4,20.9,29.5,No,No,0,0,1,2011,3,Mar,2011-03-01,Q1,62,Automne,24.549999999999997,14.3,24.0,56.0,1008.1,Sec (≤1 mm),112.5,5.818709677419356,-1.4574193548387129,2.375009802233887,-0.6793202952172499,,0,0,0,0
2011-03-04,19.1,25.8,0.0,8.0,9.4,SSE,46.0,W,E,9,24,72,63,1011.7,1009.8,5,4,22.5,25.4,No,No,0,0,1,2011,3,Mar,2011-03-01,Q1,63,Automne,22.450000000000003,6.699999999999999,16.5,67.5,1010.75,Sec (≤1 mm),157.5,-0.08129032258064228,0.24258064516128997,-0.033180090373817396,0.11306969057179504,,0,0,0,0
2011-03-05,18.1,23.2,0.2,8.2,0.6,ESE,43.0,SSE,ESE,22,28,70,50,1022.5,1023.5,5,4,18.7,22.2,No,No,0,0,1,2011,3,Mar,2011-03-01,Q1,64,Automne,20.65,5.099999999999998,25.0,60.0,1023.0,Sec (≤1 mm),112.5,-2.6812903225806437,-0.75741935483871,-1.0944163142348404,-0.35304206577470115,,0,0,0,0
2011-03-06,18.0,23.6,0.2,8.2,2.9,ESE,35.0,SSE,E,17,19,48,44,1026.9,1026.3,5,4,21.0,22.2,No,No,0,0,1,2011,3,Mar,2011-03-01,Q1,65,Automne,20.8,5.600000000000001,18.0,46.0,1026.6,Sec (≤1 mm),112.5,-2.2812903225806416,-0.8574193548387115,-0.9311492028716053,-0.3996532414093515,,0,0,0,0
2011-03-07,17.0,24.4,0.0,4.8,10.1,ENE,33.0,ESE,E,9,20,67,48,1024.8,1022.2,5,4,20.3,23.8,No,No,0,0,1,2011,3,Mar,2011-03-01,Q1,66,Automne,20.7,7.399999999999999,14.5,57.5,1023.5,Sec (≤1 mm),67.5,-1.4812903225806444,-1.8574193548387115,-0.604614980145138,-0.8657649977558477,,0,0,0,0
2011-03-08,17.6,25.8,0.2,6.8,10.4,NNE,48.0,W,NE,7,30,71,60,1019.7,1015.8,5,4,21.2,25.2,No,No,0,0,1,2011,3,Mar,2011-03-01,Q1,67,Automne,21.700000000000003,8.2,18.5,65.5,1017.75,Sec (≤1 mm),22.5,-0.08129032258064228,-1.25741935483871,-0.033180090373817396,-0.5860979439479493,,0,0,0,0
2011-03-09,20.7,30.8,0.0,8.0,2.3,NW,24.0,W,NW,6,17,77,38,1015.2,1013.1,5,4,21.8,30.6,No,No,0,0,1,2011,3,Mar,2011-03-01,Q1,68,Automne,25.75,10.100000000000001,11.5,57.5,1014.1500000000001,Sec (≤1 mm),315.0,4.918709677419358,1.8425806451612878,2.0076588016666106,0.858848500726188,,0,0,0,0
2011-03-10,21.8,27.4,0.0,6.2,0.0,SE,24.0,W,ENE,6,9,70,68,1013.3,1012.0,5,4,23.8,25.2,No,No,0,0,1,2011,3,Mar,2011-03-01,Q1,69,Automne,24.6,5.599999999999998,7.5,69.0,1012.65,Sec (≤1 mm),135.0,1.5187096774193556,2.9425806451612893,0.6198883550791187,1.3715714327073345,,0,0,0,0
2011-03-11,22.0,26.7,0.0,3.6,1.8,ESE,22.0,S,ESE,7,19,86,76,1016.0,1015.3,5,4,23.2,25.3,No,No,0,0,1,2011,3,Mar,2011-03-01,Q1,70,Automne,24.35,4.699999999999999,13.0,81.0,1015.65,Sec (≤1 mm),112.5,0.8187096774193563,3.1425806451612885,0.334170910193459,1.4647937839766334,,0,0,0,0
2011-03-12,20.6,28.1,1.0,3.2,9.8,W,41.0,N,E,4,20,82,69,1020.8,1019.2,5,4,23.3,26.1,No,No,0,0,1,2011,3,Mar,2011-03-01,Q1,71,Automne,24.35,7.5,12.0,75.5,1020.0,Sec (≤1 mm),270.0,2.2187096774193584,1.74258064516129,0.9056057999647797,0.8122373250915393,,0,0,0,0
2011-03-13,21.8,27.7,0.2,6.4,10.7,W,41.0,N,NE,9,22,76,60,1021.5,1018.2,5,4,24.5,27.2,No,No,0,0,1,2011,3,Mar,2011-03-01,Q1,72,Automne,24.75,5.899999999999999,15.5,68.0,1019.85,Sec (≤1 mm),270.0,1.8187096774193563,2.9425806451612893,0.7423386886015446,1.3715714327073345,,0,0,0,0
2011-03-14,21.3,27.5,0.0,8.0,3.2,S,59.0,WNW,S,11,31,76,79,1019.4,1020.6,5,4,24.3,22.3,No,No,0,0,1,2011,3,Mar,2011-03-01,Q1,73,Automne,24.4,6.199999999999999,21.0,77.5,1020.0,Sec (≤1 mm),180.0,1.618709677419357,2.4425806451612893,0.6607051329199278,1.1385155545340864,,0,0,0,0
2011-03-15,17.5,24.5,0.8,4.0,3.4,W,28.0,WNW,SE,13,15,82,62,1021.4,1018.2,5,4,21.0,24.5,No,No,0,0,1,2011,3,Mar,2011-03-01,Q1,74,Automne,21.0,7.0,14.0,72.0,1019.8,Sec (≤1 mm),270.0,-1.381290322580643,-1.3574193548387115,-0.5637982023043289,-0.6327091195825996,,0,0,0,0
2011-03-16,19.3,28.3,0.0,3.2,7.7,ESE,33.0,W,SE,11,20,77,65,1017.2,1016.8,5,4,22.3,25.3,No,Yes,0,1,1,2011,3,Mar,2011-03-01,Q1,75,Automne,23.8,9.0,15.5,71.0,1017.0,Sec (≤1 mm),112.5,2.4187096774193577,0.44258064516128925,0.9872393556463965,0.20629204184109395,,0,0,0,0
2011-03-17,20.6,26.8,5.6,5.8,5.9,S,31.0,S,SE,17,17,85,66,1019.4,1017.0,5,4,21.1,25.8,Yes,No,1,0,1,2011,3,Mar,2011-03-01,Q1,76,Automne,23.700000000000003,6.199999999999999,17.0,75.5,1018.2,Faible (1-10),180.0,0.9187096774193577,1.74258064516129,0.3749876880342682,0.8122373250915393,,0,0,0,0
2011-03-18,20.0,25.2,0.0,5.4,0.9,ESE,39.0,SSW,SSE,19,20,81,67,1015.2,1014.0,5,4,21.1,24.8,No,Yes,0,1,1,2011,3,Mar,2011-03-01,Q1,77,Automne,22.6,5.199999999999999,19.5,74.0,1014.6,Sec (≤1 mm),112.5,-0.6812903225806437,1.1425806451612885,-0.27808075741866933,0.532570271283641,,0,0,0,0
2011-03-19,19.4,24.0,10.4,5.2,0.9,ESE,46.0,ESE,ESE,24,24,86,84,1014.1,1011.8,5,4,21.2,22.9,Yes,Yes,1,1,1,2011,3,Mar,2011-03-01,Q1,78,Automne,21.7,4.600000000000001,24.0,85.0,1012.95,Modérée (10-30),112.5,-1.881290322580643,0.5425806451612871,-0.7678820915083717,0.25290321747574257,,0,0,0,0
2011-03-20,18.8,23.5,99.4,4.8,3.3,E,59.0,ESE,ESE,22,39,92,81,1012.4,1010.1,5,4,19.4,22.2,Yes,Yes,1,1,1,2011,3,Mar,2011-03-01,Q1,79,Automne,21.15,4.699999999999999,30.5,86.5,1011.25,Forte (>30),90.0,-2.381290322580643,-0.057419354838710746,-0.9719659807124145,-0.02676383633215415,,1,0,0,0
2011-03-21,19.4,24.8,20.8,5.2,2.6,ENE,57.0,E,E,26,19,95,82,1006.6,1003.3,5,4,21.4,24.0,Yes,Yes,1,1,1,2011,3,Mar,2011-03-01,Q1,80,Automne,22.1,5.400000000000002,22.5,88.5,1004.95,Modérée (10-30),67.5,-1.0812903225806423,0.5425806451612871,-0.44134786878190296,0.25290321747574257,,0,0,0,0
2011-03-22,21.1,27.4,27.8,1.6,10.2,ENE,24.0,WNW,ENE,9,20,95,73,1001.3,999.4,5,4,21.6,26.2,Yes,No,1,0,1,2011,3,Mar,2011-03-01,Q1,81,Automne,24.25,6.299999999999997,14.5,84.0,1000.3499999999999,Modérée (10-30),67.5,1.5187096774193556,2.24258064516129,0.6198883550791187,1.0452932032647875,,0,0,0,0
2011-03-23,19.9,30.8,0.8,5.8,11.0,W,39.0,W,W,19,13,75,41,1002.6,1000.4,5,4,22.5,29.6,No,No,0,0,1,2011,3,Mar,2011-03-01,Q1,82,Automne,25.35,10.900000000000002,16.0,58.0,1001.5,Sec (≤1 mm),270.0,4.918709677419358,1.0425806451612871,2.0076588016666106,0.4859590956489907,,0,0,0,0
2011-03-24,18.2,27.1,0.2,8.6,10.8,WNW,57.0,NW,WNW,28,35,50,36,1005.0,1003.2,5,4,21.5,26.3,No,No,0,0,1,2011,3,Mar,2011-03-01,Q1,83,Automne,22.65,8.900000000000002,31.5,43.0,1004.1,Sec (≤1 mm),292.5,1.2187096774193584,-0.6574193548387122,0.49743802155669414,-0.30643089014005254,,0,0,0,0
2011-03-25,17.7,26.7,0.0,8.8,8.0,W,46.0,W,S,28,13,50,42,1007.8,1008.7,5,4,20.5,24.8,No,No,0,0,1,2011,3,Mar,2011-03-01,Q1,84,Automne,22.2,9.0,20.5,46.0,1008.25,Sec (≤1 mm),270.0,0.8187096774193563,-1.1574193548387122,0.334170910193459,-0.5394867683133007,,0,0,0,0
2011-03-26,17.7,20.6,0.0,5.2,0.4,S,56.0,SSW,S,28,20,71,77,1019.2,1020.1,5,4,18.4,18.6,No,Yes,0,1,1,2011,3,Mar,2011-03-01,Q1,85,Automne,19.15,2.900000000000002,24.0,74.0,1019.6500000000001,Sec (≤1 mm),180.0,-5.281290322580642,-1.1574193548387122,-2.155652538095862,-0.5394867683133007,,0,0,0,0
2011-03-27,16.1,20.5,5.0,5.4,2.5,SSE,41.0,WNW,SSW,17,19,89,87,1024.6,1024.5,5,4,16.6,18.4,Yes,Yes,1,1,1,2011,3,Mar,2011-03-01,Q1,86,Automne,18.3,4.399999999999999,18.0,88.0,1024.55,Faible (1-10),157.5,-5.381290322580643,-2.75741935483871,-2.196469315936671,-1.2852655784676936,,0,0,0,0
2011-03-28,15.9,24.2,5.8,1.6,3.2,E,33.0,W,E,15,15,91,59,1026.7,1025.5,5,4,17.1,23.5,Yes,Yes,1,1,1,2011,3,Mar,2011-03-01,Q1,87,Automne,20.05,8.299999999999999,15.0,75.0,1026.1,Faible (1-10),90.0,-1.6812903225806437,-2.957419354838711,-0.6862485358267548,-1.3784879297369934,,0,0,0,0
2011-03-29,17.1,24.8,10.8,1.8,8.3,NE,43.0,WNW,NE,4,24,94,59,1025.8,1022.3,5,4,19.4,24.3,Yes,No,1,0,1,2011,3,Mar,2011-03-01,Q1,88,Automne,20.950000000000003,7.699999999999999,14.0,76.5,1024.05,Modérée (10-30),45.0,-1.0812903225806423,-1.75741935483871,-0.44134786878190296,-0.8191538221211974,,0,0,0,0
2011-03-30,17.8,27.7,0.0,6.6,9.2,WSW,41.0,WNW,E,13,17,78,61,1019.9,1016.1,5,4,20.5,26.0,No,Yes,0,1,1,2011,3,Mar,2011-03-01,Q1,89,Automne,22.75,9.899999999999999,15.0,69.5,1018.0,Sec (≤1 mm),247.5,1.8187096774193563,-1.0574193548387107,0.7423386886015446,-0.4928755926786504,,0,0,0,0
2011-03-31,20.1,21.3,1.8,5.2,0.5,SSE,43.0,SSE,SE,22,20,78,68,1022.7,1022.9,5,4,20.3,20.9,Yes,Yes,1,1,1,2011,3,Mar,2011-03-01,Q1,90,Automne,20.700000000000003,1.1999999999999993,21.0,73.0,1022.8,Faible (1-10),157.5,-4.581290322580642,1.24258064516129,-1.8699350932102023,0.5791814469182913,,0,0,0,0
2011-05-01,14.8,22.9,3.6,0.8,8.8,SSW,28.0,WNW,S,19,13,84,57,1018.9,1015.9,5,4,16.6,21.6,Yes,No,1,0,1,2011,5,May,2011-05-01,Q2,121,Automne,18.85,8.099999999999998,16.0,70.5,1017.4,Faible (1-10),202.5,1.746451612903222,2.6893548387096775,0.680497914521758,1.2861762838824498,,0,0,0,30
2011-05-02,12.9,18.4,0.0,3.8,0.5,W,31.0,W,WNW,20,13,87,75,1016.6,1014.7,5,4,14.3,18.1,No,No,0,0,1,2011,5,May,2011-05-01,Q2,122,Automne,15.649999999999999,5.499999999999998,16.5,81.0,1015.6500000000001,Sec (≤1 mm),270.0,-2.753548387096778,0.7893548387096772,-1.0729091611299866,0.3775067010507801,,0,0,0,0
2011-05-03,14.0,18.5,0.6,2.4,0.0,S,41.0,W,SSW,15,20,90,66,1015.0,1013.7,5,4,15.0,18.5,No,No,0,0,1,2011,5,May,2011-05-01,Q2,123,Automne,16.25,4.5,17.5,78.0,1014.35,Sec (≤1 mm),180.0,-2.6535483870967767,1.8893548387096768,-1.0339445594488361,0.9035785647954307,,0,0,0,0
2011-05-04,13.0,21.8,0.4,0.2,9.1,W,41.0,W,S,24,20,72,54,1016.4,1015.6,5,4,15.2,20.7,No,No,0,0,1,2011,5,May,2011-05-01,Q2,124,Automne,17.4,8.8,22.0,63.0,1016.0,Sec (≤1 mm),270.0,0.6464516129032241,0.8893548387096768,0.25188729602911014,0.42533141593665724,,0,0,0,0
2011-05-05,11.7,19.5,0.2,4.6,7.4,SSW,50.0,SW,SSW,24,26,63,51,1021.1,1021.3,5,4,16.2,18.8,No,No,0,0,1,2011,5,May,2011-05-01,Q2,125,Automne,15.6,7.800000000000001,25.0,57.0,1021.2,Sec (≤1 mm),202.5,-1.6535483870967767,-0.4106451612903239,-0.6442985426373373,-0.19638987757974857,,0,0,0,0
2011-05-06,10.1,19.6,0.0,4.4,8.7,SSE,33.0,W,S,19,17,69,48,1023.9,1020.4,5,4,13.1,18.4,No,No,0,0,1,2011,5,May,2011-05-01,Q2,126,Automne,14.850000000000001,9.500000000000002,18.0,58.5,1022.15,Sec (≤1 mm),157.5,-1.5535483870967752,-2.0106451612903236,-0.6053339409561869,-0.9615853157537859,,0,0,0,0
2011-05-07,9.8,20.8,0.0,4.6,10.0,W,35.0,W,ESE,22,9,75,52,1019.5,1015.2,5,4,12.0,19.6,No,No,0,0,1,2011,5,May,2011-05-01,Q2,127,Automne,15.3,11.0,15.5,63.5,1017.35,Sec (≤1 mm),270.0,-0.35354838709677594,-2.3106451612903225,-0.13775872078238866,-1.1050594604114174,,0,0,0,0
2011-05-08,9.6,22.0,0.0,1.6,10.1,SW,31.0,W,WSW,20,11,76,34,1014.0,1010.4,5,4,12.2,21.6,No,No,0,0,1,2011,5,May,2011-05-01,Q2,128,Automne,15.8,12.4,15.5,55.0,1012.2,Sec (≤1 mm),225.0,0.8464516129032233,-2.5106451612903236,0.3298164993914096,-1.2007088901831726,,0,0,0,0
2011-05-09,10.5,17.7,0.0,3.8,6.9,W,41.0,SSW,SSW,22,31,63,63,1014.5,1013.7,5,4,14.5,16.9,No,Yes,0,1,1,2011,5,May,2011-05-01,Q2,129,Automne,14.1,7.199999999999999,26.5,63.0,1014.1,Sec (≤1 mm),270.0,-3.4535483870967774,-1.6106451612903232,-1.3456613728980356,-0.7702864562102764,,0,0,0,0
2011-05-10,10.1,18.0,4.4,3.4,9.1,SSW,44.0,W,S,26,22,62,45,1015.6,1013.1,5,4,11.8,17.6,Yes,No,1,0,1,2011,5,May,2011-05-01,Q2,130,Automne,14.05,7.9,24.0,53.5,1014.35,Faible (1-10),202.5,-3.1535483870967767,-2.0106451612903236,-1.2287675678545855,-0.9615853157537859,,0,0,0,0
2011-05-11,8.2,16.4,0.2,3.8,3.9,W,56.0,WNW,W,9,28,64,37,1009.2,1006.4,5,4,11.3,14.8,No,No,0,0,1,2011,5,May,2011-05-01,Q2,131,Automne,12.299999999999999,8.2,18.5,50.5,1007.8,Sec (≤1 mm),270.0,-4.753548387096778,-3.910645161290324,-1.8522011947529842,-1.8702548985854557,,0,0,0,0
2011-05-12,7.9,16.7,0.0,2.2,10.2,WSW,43.0,W,WSW,26,24,51,27,1010.7,1009.3,5,4,10.5,16.2,No,No,0,0,1,2011,5,May,2011-05-01,Q2,132,Automne,12.3,8.799999999999999,25.0,39.0,1010.0,Sec (≤1 mm),247.5,-4.453548387096777,-4.210645161290323,-1.7353073897095344,-2.013729043243087,,0,0,0,0
2011-05-13,9.9,21.0,0.0,4.0,9.3,SW,41.0,W,W,13,20,69,40,1012.0,1008.1,5,4,12.8,19.8,No,No,0,0,1,2011,5,May,2011-05-01,Q2,133,Automne,15.45,11.1,16.5,54.5,1010.05,Sec (≤1 mm),225.0,-0.15354838709677665,-2.210645161290323,-0.05982951742008916,-1.0572347455255402,,0,0,0,0
2011-05-14,10.8,17.9,0.0,3.4,10.0,WSW,52.0,W,WSW,28,20,50,33,1016.0,1017.6,5,4,11.7,16.2,No,No,0,0,1,2011,5,May,2011-05-01,Q2,134,Automne,14.35,7.099999999999998,24.0,41.5,1016.8,Sec (≤1 mm),247.5,-3.253548387096778,-1.3106451612903225,-1.267732169535736,-0.626812311552644,,0,0,0,0
2011-05-15,7.3,19.2,0.0,4.8,9.8,WSW,41.0,W,W,24,11,58,36,1028.8,1026.9,5,4,9.9,19.0,No,No,0,0,1,2011,5,May,2011-05-01,Q2,135,Automne,13.25,11.899999999999999,17.5,47.0,1027.85,Sec (≤1 mm),247.5,-1.9535483870967774,-4.810645161290323,-0.7611923476807873,-2.3006773325583514,,0,0,0,0
2011-05-16,7.3,19.6,0.0,5.0,10.2,W,30.0,W,ENE,17,13,69,48,1030.1,1026.2,5,4,9.6,17.5,No,No,0,0,1,2011,5,May,2011-05-01,Q2,136,Automne,13.450000000000001,12.3,15.0,58.5,1028.15,Sec (≤1 mm),270.0,-1.5535483870967752,-4.810645161290323,-0.6053339409561869,-2.3006773325583514,,0,0,0,0
2011-05-17,7.9,20.2,0.0,2.2,9.9,W,30.0,W,S,22,17,72,59,1030.5,1028.1,5,4,10.0,18.9,No,No,0,0,1,2011,5,May,2011-05-01,Q2,137,Automne,14.05,12.299999999999999,19.5,65.5,1029.3,Sec (≤1 mm),270.0,-0.9535483870967774,-4.210645161290323,-0.37154633086928845,-2.013729043243087,,0,0,0,0
2011-05-18,8.5,20.8,0.0,2.8,9.3,W,28.0,W,E,19,9,74,58,1032.6,1029.6,5,4,11.6,19.4,No,Yes,0,1,1,2011,5,May,2011-05-01,Q2,138,Automne,14.65,12.3,14.0,66.0,1031.1,Sec (≤1 mm),270.0,-0.35354838709677594,-3.610645161290323,-0.13775872078238866,-1.7267807539278233,,0,0,0,0
2011-05-19,11.5,20.5,2.6,1.8,6.8,N,26.0,W,ENE,15,17,83,70,1031.5,1028.2,5,4,13.8,19.3,Yes,No,1,0,1,2011,5,May,2011-05-01,Q2,139,Automne,16.0,9.0,16.0,76.5,1029.85,Faible (1-10),0.0,-0.6535483870967767,-0.6106451612903232,-0.2546525258258386,-0.2920393073515029,,0,0,0,0
2011-05-20,11.3,21.2,0.0,3.8,9.4,WNW,20.0,W,E,15,11,91,69,1028.3,1024.4,5,4,12.8,19.8,No,No,0,0,1,2011,5,May,2011-05-01,Q2,140,Automne,16.25,9.899999999999999,13.0,80.0,1026.35,Sec (≤1 mm),292.5,0.04645161290322264,-0.8106451612903225,0.01809968594221032,-0.3876887371232573,,0,0,0,0
2011-05-21,12.1,23.3,0.0,1.0,9.9,W,22.0,WNW,E,17,11,80,56,1025.4,1021.5,5,4,13.7,20.9,No,No,0,0,1,2011,5,May,2011-05-01,Q2,141,Automne,17.7,11.200000000000001,14.0,68.0,1023.45,Sec (≤1 mm),270.0,2.146451612903224,-0.010645161290323557,0.8363563212463584,-0.005091018036239023,,0,0,0,0
2011-05-22,12.4,21.6,0.0,3.4,7.3,NNE,26.0,W,NE,13,11,79,59,1021.0,1015.3,5,4,13.9,20.6,No,No,0,0,1,2011,5,May,2011-05-01,Q2,142,Automne,17.0,9.200000000000001,12.0,69.0,1018.15,Sec (≤1 mm),22.5,0.44645161290322477,0.28935483870967715,0.17395809266681067,0.13838312662139335,,0,0,0,0
2011-05-23,13.9,22.9,1.0,3.4,7.6,NW,52.0,NW,NW,15,26,81,37,1005.4,1001.4,5,4,16.0,22.4,No,No,0,0,1,2011,5,May,2011-05-01,Q2,143,Automne,18.4,8.999999999999998,20.5,59.0,1003.4,Sec (≤1 mm),315.0,1.746451612903222,1.7893548387096772,0.680497914521758,0.8557538499095535,,0,0,0,0
2011-05-24,12.1,18.8,0.0,6.6,3.9,WNW,39.0,WNW,SSE,7,19,57,75,1005.1,1005.0,5,4,14.6,15.5,No,Yes,0,1,1,2011,5,May,2011-05-01,Q2,144,Automne,15.45,6.700000000000001,13.0,66.0,1005.05,Sec (≤1 mm),292.5,-2.353548387096776,-0.010645161290323557,-0.9170507544053862,-0.005091018036239023,,0,0,0,0
2011-05-25,11.1,14.2,12.0,1.4,1.8,SW,69.0,SSW,SSW,33,31,72,69,1011.1,1011.1,5,4,12.3,13.9,Yes,Yes,1,1,1,2011,5,May,2011-05-01,Q2,145,Automne,12.649999999999999,3.0999999999999996,32.0,70.5,1011.1,Modérée (10-30),225.0,-6.953548387096777,-1.0106451612903236,-2.709422431738281,-0.48333816689501247,,0,0,0,0
2011-05-26,10.7,19.6,9.4,1.6,4.1,SW,39.0,W,S,20,17,63,51,1016.6,1015.1,5,4,12.9,19.3,Yes,No,1,0,1,2011,5,May,2011-05-01,Q2,146,Automne,15.15,8.900000000000002,18.5,57.0,1015.85,Faible (1-10),225.0,-1.5535483870967752,-1.410645161290324,-0.6053339409561869,-0.6746370264385221,,0,0,0,0
2011-05-27,8.8,18.3,0.0,2.4,7.2,W,31.0,W,S,22,13,69,62,1019.1,1017.8,5,4,10.5,16.2,No,No,0,0,1,2011,5,May,2011-05-01,Q2,147,Automne,13.55,9.5,17.5,65.5,1018.45,Sec (≤1 mm),270.0,-2.853548387096776,-3.3106451612903225,-1.1118737628111357,-1.5833066092701908,,0,0,0,0
2011-05-28,8.5,17.4,0.0,3.2,3.1,SSE,37.0,W,S,22,19,75,67,1023.8,1022.5,5,4,10.4,16.8,No,No,0,0,1,2011,5,May,2011-05-01,Q2,148,Automne,12.95,8.899999999999999,20.5,71.0,1023.15,Sec (≤1 mm),157.5,-3.753548387096778,-3.610645161290323,-1.4625551779414854,-1.7267807539278233,,0,0,0,0
2011-05-29,10.2,17.0,0.0,0.6,0.0,S,31.0,W,SSW,20,17,82,77,1025.1,1021.9,5,4,11.2,16.7,No,Yes,0,1,1,2011,5,May,2011-05-01,Q2,149,Automne,13.6,6.800000000000001,18.5,79.5,1023.5,Sec (≤1 mm),180.0,-4.153548387096777,-1.910645161290324,-1.6184135846660843,-0.9137606008679088,,0,0,0,0
2011-05-30,11.2,17.9,36.0,4.4,0.0,ESE,94.0,SSE,SSE,30,17,89,91,1020.5,1018.4,5,4,15.4,14.0,Yes,Yes,1,1,1,2011,5,May,2011-05-01,Q2,150,Automne,14.549999999999999,6.699999999999999,23.5,90.0,1019.45,Forte (>30),112.5,-3.253548387096778,-0.9106451612903239,-1.267732169535736,-0.4355134520091353,,0,1,0,0
2011-05-31,13.9,19.9,65.2,4.8,0.7,E,70.0,ESE,ESE,39,31,81,62,1019.5,1019.3,5,4,17.9,19.6,Yes,Yes,1,1,1,2011,5,May,2011-05-01,Q2,151,Automne,16.9,5.999999999999998,35.0,71.5,1019.4,Forte (>30),90.0,-1.253548387096778,1.7893548387096772,-0.4884401359127384,0.8557538499095535,,1,0,0,0
2011-06-01,16.1,21.0,4.6,4.6,0.7,ESE,54.0,SE,ESE,22,37,65,63,1025.3,1025.0,5,4,18.7,18.7,Yes,Yes,1,1,1,2011,6,Jun,2011-06-01,Q2,152,Hiver,18.55,4.899999999999999,29.5,64.0,1025.15,Faible (1-10),112.5,2.623793103448275,5.561724137931035,1.2918768088795085,2.461015963380426,,0,0,0,0
2011-06-02,13.7,19.8,2.6,3.2,7.6,SE,37.0,S,SE,11,19,73,75,1025.3,1022.7,5,4,17.4,18.2,Yes,No,1,0,1,2011,6,Jun,2011-06-01,Q2,153,Hiver,16.75,6.100000000000001,15.0,74.0,1024.0,Faible (1-10),135.0,1.4237931034482756,3.1617241379310332,0.7010329010203038,1.3990362309030386,,0,0,0,0
2011-06-03,10.6,20.4,0.0,1.2,8.8,W,28.0,WNW,WNW,20,6,85,58,1019.7,1014.7,5,4,12.2,18.5,No,No,0,0,1,2011,6,Jun,2011-06-01,Q2,154,Hiver,15.5,9.799999999999999,13.0,71.5,1017.2,Sec (≤1 mm),270.0,2.0237931034482735,0.061724137931033596,0.9964548549499053,0.02731240978641514,,0,0,0,0
2011-06-04,11.1,18.7,0.0,2.8,2.5,SSW,26.0,WNW,W,13,6,73,62,1015.4,1013.7,5,4,13.3,18.3,No,Yes,0,1,1,2011,6,Jun,2011-06-01,Q2,155,Hiver,14.899999999999999,7.6,9.5,67.5,1014.55,Sec (≤1 mm),202.5,0.32379310344827417,0.5617241379310336,0.15942598548269846,0.2485581873858706,,0,0,0,0
2011-06-05,10.5,17.7,1.4,3.0,9.2,W,39.0,W,W,20,9,68,47,1018.0,1012.9,5,4,11.6,16.5,Yes,No,1,0,1,2011,6,Jun,2011-06-01,Q2,156,Hiver,14.1,7.199999999999999,14.5,57.5,1015.45,Faible (1-10),270.0,-0.6762068965517258,-0.03827586206896605,-0.3329439377333057,-0.01693674573347579,,0,0,0,0
2011-06-06,9.3,17.7,0.0,2.0,7.4,WSW,48.0,NW,SSE,7,20,57,62,1016.1,1016.2,5,4,12.2,15.0,No,No,0,0,1,2011,6,Jun,2011-06-01,Q2,157,Hiver,13.5,8.399999999999999,13.5,59.5,1016.1500000000001,Sec (≤1 mm),247.5,-0.6762068965517258,-1.2382758620689653,-0.3329439377333057,-0.5479266119721685,,0,0,0,0
2011-06-07,7.0,15.0,0.0,4.0,7.3,W,39.0,W,W,13,24,71,38,1017.7,1013.2,5,4,8.6,14.0,No,No,0,0,1,2011,6,Jun,2011-06-01,Q2,158,Hiver,11.0,8.0,18.5,54.5,1015.45,Sec (≤1 mm),270.0,-3.376206896551725,-3.538275862068966,-1.6623427304165168,-1.565657188929664,,0,0,0,0
2011-06-08,8.2,14.1,0.0,1.8,9.9,W,67.0,WNW,W,22,30,46,28,1015.0,1012.7,5,4,9.8,13.1,No,No,0,0,1,2011,6,Jun,2011-06-01,Q2,159,Hiver,11.149999999999999,5.9,26.0,37.0,1013.85,Sec (≤1 mm),270.0,-4.2762068965517255,-2.3382758620689668,-2.105475661310921,-1.034667322690971,,0,0,0,0
2011-06-09,7.5,16.4,0.0,3.6,9.9,W,54.0,WNW,W,22,28,54,40,1013.4,1011.0,5,4,9.7,15.2,No,No,0,0,1,2011,6,Jun,2011-06-01,Q2,160,Hiver,11.95,8.899999999999999,25.0,47.0,1012.2,Sec (≤1 mm),270.0,-1.9762068965517265,-3.038275862068966,-0.9730248379141115,-1.3444114113302084,,0,0,0,0
2011-06-10,8.9,15.7,0.0,4.8,4.6,SW,56.0,W,SW,19,31,58,60,1016.0,1017.0,5,4,11.6,14.2,No,Yes,0,1,1,2011,6,Jun,2011-06-01,Q2,161,Hiver,12.3,6.799999999999999,25.0,59.0,1016.5,Sec (≤1 mm),225.0,-2.676206896551726,-1.6382758620689657,-1.3176837841653142,-0.7249232340517331,,0,0,0,0
2011-06-11,9.9,15.7,7.8,0.2,6.1,SE,54.0,SSW,SSW,20,26,86,80,1024.4,1024.6,5,4,12.6,13.8,Yes,Yes,1,1,1,2011,6,Jun,2011-06-01,Q2,162,Hiver,12.8,5.799999999999999,23.0,83.0,1024.5,Faible (1-10),135.0,-2.676206896551726,-0.6382758620689657,-1.3176837841653142,-0.28243167885282217,,0,0,0,0
2011-06-12,11.6,15.7,18.2,4.8,0.3,S,57.0,SSE,SSE,28,35,89,67,1025.5,1022.9,5,4,13.6,15.3,Yes,Yes,1,1,1,2011,6,Jun,2011-06-01,Q2,163,Hiver,13.649999999999999,4.1,31.5,78.0,1024.2,Modérée (10-30),180.0,-2.676206896551726,1.0617241379310336,-1.3176837841653142,0.469803964985326,,0,0,0,0
2011-06-13,12.8,16.7,23.4,2.4,0.0,SSE,50.0,SSW,SE,17,20,92,62,1023.9,1021.1,5,4,13.7,16.3,Yes,Yes,1,1,1,2011,6,Jun,2011-06-01,Q2,164,Hiver,14.75,3.8999999999999986,18.5,77.0,1022.5,Modérée (10-30),157.5,-1.6762068965517258,2.2617241379310347,-0.8253138609493099,1.0007938312240197,,0,0,0,0
2011-06-14,13.7,17.8,10.4,3.4,0.3,SSE,67.0,SE,SSE,22,35,81,78,1021.2,1019.9,5,4,15.7,15.4,Yes,Yes,1,1,1,2011,6,Jun,2011-06-01,Q2,165,Hiver,15.75,4.100000000000001,28.5,79.5,1020.55,Modérée (10-30),157.5,-0.5762068965517244,3.1617241379310332,-0.2837069454117046,1.3990362309030386,,0,0,0,0
2011-06-15,14.1,18.4,13.8,6.0,0.2,ESE,69.0,SSE,SE,37,28,85,63,1023.3,1021.4,5,4,15.3,17.4,Yes,Yes,1,1,1,2011,6,Jun,2011-06-01,Q2,166,Hiver,16.25,4.299999999999999,32.5,74.0,1022.3499999999999,Modérée (10-30),112.5,0.023793103448273456,3.5617241379310336,0.011715008517896846,1.5760328529826033,,0,0,0,0
2011-06-16,14.0,17.1,4.2,3.6,1.3,ESE,54.0,SSE,SSW,31,22,71,68,1021.2,1016.8,5,4,15.9,16.3,Yes,Yes,1,1,1,2011,6,Jun,2011-06-01,Q2,167,Hiver,15.55,3.1000000000000014,26.5,69.5,1019.0,Faible (1-10),112.5,-1.2762068965517237,3.461724137931034,-0.6283658916629072,1.5317836974627124,,0,0,0,0
2011-06-17,8.2,18.3,4.2,1.4,9.5,W,70.0,WNW,WSW,9,39,82,40,1008.2,1005.5,5,4,10.0,15.5,Yes,No,1,0,1,2011,6,Jun,2011-06-01,Q2,168,Hiver,13.25,10.100000000000001,24.0,61.0,1006.85,Faible (1-10),270.0,-0.07620689655172441,-2.3382758620689668,-0.03752198380370252,-1.034667322690971,,0,0,0,0
2011-06-18,9.9,17.7,0.0,3.6,9.8,W,54.0,W,W,17,39,51,39,1011.6,1009.8,5,4,11.3,17.0,No,No,0,0,1,2011,6,Jun,2011-06-01,Q2,169,Hiver,13.8,7.799999999999999,28.0,45.0,1010.7,Sec (≤1 mm),270.0,-0.6762068965517258,-0.6382758620689657,-0.3329439377333057,-0.28243167885282217,,0,0,0,0
2011-06-19,8.3,18.4,0.0,2.8,9.7,W,30.0,W,WNW,19,9,69,39,1016.4,1014.0,5,4,10.5,17.7,No,No,0,0,1,2011,6,Jun,2011-06-01,Q2,170,Hiver,13.35,10.099999999999998,14.0,54.0,1015.2,Sec (≤1 mm),270.0,0.023793103448273456,-2.2382758620689653,0.011715008517896846,-0.9904181671710794,,0,0,0,0
2011-06-20,9.3,19.6,0.0,3.4,9.7,NW,35.0,WSW,WNW,11,22,64,38,1015.5,1011.9,5,4,11.9,18.6,No,No,0,0,1,2011,6,Jun,2011-06-01,Q2,171,Hiver,14.450000000000001,10.3,16.5,51.0,1013.7,Sec (≤1 mm),315.0,1.2237931034482763,-1.2382758620689653,0.6025589163771032,-0.5479266119721685,,0,0,0,0
2011-06-21,11.8,20.7,0.0,5.0,6.8,W,78.0,N,WSW,20,39,54,37,1005.3,1000.6,5,4,14.2,18.5,No,No,0,0,1,2011,6,Jun,2011-06-01,Q2,172,Hiver,16.25,8.899999999999999,29.5,45.5,1002.95,Sec (≤1 mm),270.0,2.323793103448274,1.2617241379310347,1.1441658319147068,0.5583022760251087,,0,1,0,0
2011-06-22,9.6,16.3,0.0,4.6,9.2,WSW,54.0,WNW,WSW,19,30,47,30,1010.6,1010.4,5,4,11.2,15.7,No,No,0,0,1,2011,6,Jun,2011-06-01,Q2,173,Hiver,12.95,6.700000000000001,24.5,38.5,1010.5,Sec (≤1 mm),247.5,-2.0762068965517244,-0.9382758620689664,-1.022261830235711,-0.41517914541249573,,0,0,0,0
2011-06-23,9.8,20.5,0.0,3.8,9.4,SW,50.0,W,WSW,9,9,59,36,1016.8,1017.3,5,4,12.6,19.5,No,No,0,0,1,2011,6,Jun,2011-06-01,Q2,174,Hiver,15.15,10.7,9.0,47.5,1017.05,Sec (≤1 mm),225.0,2.123793103448275,-0.7382758620689653,1.0456918472715064,-0.3266808343727131,,0,0,0,0
2011-06-24,8.1,18.6,0.0,3.4,9.8,W,26.0,W,NE,20,9,69,40,1026.7,1024.7,5,4,9.8,17.6,No,No,0,0,1,2011,6,Jun,2011-06-01,Q2,175,Hiver,13.350000000000001,10.500000000000002,14.5,54.5,1025.7,Sec (≤1 mm),270.0,0.2237931034482763,-2.4382758620689664,0.11018899316109909,-1.078916478210862,,0,0,0,0
2011-06-25,7.7,19.6,0.0,2.4,9.5,W,26.0,W,E,19,7,79,53,1031.3,1028.0,5,4,9.8,18.2,No,No,0,0,1,2011,6,Jun,2011-06-01,Q2,176,Hiver,13.65,11.900000000000002,13.0,66.0,1029.65,Sec (≤1 mm),270.0,1.2237931034482763,-2.838275862068966,0.6025589163771032,-1.2559131002904262,,0,0,0,0
2011-06-26,7.8,20.7,0.0,1.8,9.7,W,22.0,W,W,13,6,83,39,1026.8,1023.3,5,4,9.0,20.5,No,No,0,0,1,2011,6,Jun,2011-06-01,Q2,177,Hiver,14.25,12.899999999999999,9.5,61.0,1025.05,Sec (≤1 mm),270.0,2.323793103448274,-2.7382758620689662,1.1441658319147068,-1.2116639447705353,,0,0,0,0
2011-06-27,7.5,20.0,0.0,2.6,9.6,W,33.0,WNW,SSE,28,17,66,51,1028.1,1027.2,5,4,10.4,19.1,No,No,0,0,1,2011,6,Jun,2011-06-01,Q2,178,Hiver,13.75,12.5,22.5,58.5,1027.65,Sec (≤1 mm),270.0,1.6237931034482749,-3.038275862068966,0.7995068856635043,-1.3444114113302084,,0,0,0,0
2011-06-28,9.0,16.6,0.0,2.6,0.7,SSE,43.0,W,S,20,13,86,62,1034.2,1032.6,5,4,10.7,16.3,No,Yes,0,1,1,2011,6,Jun,2011-06-01,Q2,179,Hiver,12.8,7.600000000000001,16.5,74.0,1033.4,Sec (≤1 mm),157.5,-1.7762068965517237,-1.538275862068966,-0.8745508532709093,-0.6806740785318421,,0,0,0,0
2011-06-29,10.7,18.0,2.8,2.0,2.6,ESE,43.0,SSE,S,17,6,74,87,1036.8,1035.7,5,4,15.0,14.6,Yes,No,1,0,1,2011,6,Jun,2011-06-01,Q2,180,Hiver,14.35,7.300000000000001,11.5,80.5,1036.25,Faible (1-10),112.5,-0.3762068965517251,0.16172413793103324,-0.18523296076850412,0.07156156530630607,,0,0,0,0
2011-06-30,12.1,18.1,0.4,1.6,0.7,SSE,30.0,S,SSE,7,15,76,59,1037.9,1034.8,5,4,14.4,16.2,No,No,0,0,1,2011,6,Jun,2011-06-01,Q2,181,Hiver,15.100000000000001,6.000000000000002,11.0,67.5,1036.35,Sec (≤1 mm),157.5,-0.2762068965517237,1.5617241379310336,-0.135995968446903,0.6910497425847815,,0,0,0,0
2011-07-01,10.8,16.6,0.4,2.6,1.9,SSE,33.0,WNW,SSW,19,20,91,67,1031.6,1028.1,5,4,12.3,16.2,No,Yes,0,1,1,2011,7,Jul,2011-07-01,Q3,182,Hiver,13.700000000000001,5.800000000000001,19.5,79.0,1029.85,Sec (≤1 mm),157.5,-1.406521739130433,1.8068840579710148,-0.5937573094371075,0.880664415615266,,0,0,0,0
2011-07-02,11.3,19.3,2.6,1.4,9.6,W,24.0,W,E,11,2,91,57,1026.6,1022.6,5,4,12.3,18.9,Yes,No,1,0,1,2011,7,Jul,2011-07-01,Q3,183,Hiver,15.3,8.0,6.5,74.0,1024.6,Faible (1-10),270.0,1.2934782608695663,2.306884057971015,0.5460364746755482,1.1243614065013834,,0,0,0,0
2011-07-03,8.6,20.7,0.0,3.0,8.1,N,39.0,WNW,N,17,20,90,43,1022.1,1017.5,5,4,10.1,19.8,No,No,0,0,1,2011,7,Jul,2011-07-01,Q3,184,Hiver,14.649999999999999,12.1,18.5,66.5,1019.8,Sec (≤1 mm),0.0,2.693478260869565,-0.39311594202898625,1.137040659030258,-0.19160234428365056,,0,0,0,0
2011-07-04,10.1,20.4,0.2,4.4,6.9,NW,50.0,NNW,NW,28,26,50,55,1014.1,1010.0,5,4,17.0,18.6,No,No,0,0,1,2011,7,Jul,2011-07-01,Q3,185,Hiver,15.25,10.299999999999999,27.0,52.5,1012.05,Sec (≤1 mm),315.0,2.393478260869564,1.1068840579710137,1.0103969052399626,0.5394886283747014,,0,0,0,0
2011-07-05,12.2,17.1,0.0,4.8,9.8,W,65.0,WNW,W,28,39,36,27,1008.8,1004.8,5,4,14.0,16.5,No,No,0,0,1,2011,7,Jul,2011-07-01,Q3,186,Hiver,14.65,4.900000000000002,33.5,31.5,1006.8,Sec (≤1 mm),270.0,-0.906521739130433,3.2068840579710134,-0.3826843864532823,1.5630159900963938,,0,0,0,0
2011-07-06,10.9,17.6,0.0,5.6,9.4,WNW,52.0,NW,NW,20,20,44,30,1010.2,1007.4,5,4,13.0,17.0,No,No,0,0,1,2011,7,Jul,2011-07-01,Q3,187,Hiver,14.25,6.700000000000001,20.0,37.0,1008.8,Sec (≤1 mm),292.5,-0.406521739130433,1.9068840579710145,-0.1716114634694571,0.9294038137924893,,0,0,0,0
2011-07-07,11.1,17.6,0.0,5.4,10.0,W,70.0,W,WSW,44,30,45,28,1007.5,1013.8,5,4,13.9,16.0,No,No,0,0,1,2011,7,Jul,2011-07-01,Q3,188,Hiver,14.350000000000001,6.500000000000002,37.0,36.5,1010.65,Sec (≤1 mm),270.0,-0.406521739130433,2.1068840579710137,-0.1716114634694571,1.026882610146936,,0,0,0,0
2011-07-08,5.5,17.0,0.0,4.0,9.9,WSW,50.0,WNW,W,19,17,59,29,1022.4,1018.2,5,4,8.1,16.6,No,No,0,0,1,2011,7,Jul,2011-07-01,Q3,189,Hiver,11.25,11.5,18.0,44.0,1020.3,Sec (≤1 mm),247.5,-1.0065217391304344,-3.493115942028986,-0.4248989710500479,-1.7025236877775776,,0,0,0,0
2011-07-09,6.4,17.0,0.0,4.0,10.0,WSW,52.0,WNW,WSW,24,22,49,32,1018.8,1015.5,5,4,9.1,16.4,No,No,0,0,1,2011,7,Jul,2011-07-01,Q3,190,Hiver,11.7,10.6,23.0,40.5,1017.15,Sec (≤1 mm),247.5,-1.0065217391304344,-2.5931159420289855,-0.4248989710500479,-1.2638691041825663,,0,0,0,0
2011-07-10,6.1,16.4,0.0,3.8,10.0,W,80.0,W,NW,26,31,44,29,1014.5,1010.2,5,4,10.4,15.9,No,No,0,0,1,2011,7,Jul,2011-07-01,Q3,191,Hiver,11.25,10.299999999999999,28.5,36.5,1012.35,Sec (≤1 mm),270.0,-1.6065217391304358,-2.8931159420289863,-0.6781864786306387,-1.410087298714237,,0,1,0,0
2011-07-11,9.2,17.9,0.0,4.0,10.0,SW,46.0,WSW,W,22,13,41,23,1017.6,1018.1,5,4,11.7,17.3,No,No,0,0,1,2011,7,Jul,2011-07-01,Q3,192,Hiver,13.549999999999999,8.7,17.5,32.0,1017.85,Sec (≤1 mm),225.0,-0.10652173913043583,0.2068840579710134,-0.0449677096791632,0.10083404477969002,,0,0,0,0
2011-07-12,6.9,18.9,0.0,3.2,9.4,WSW,48.0,W,WNW,19,11,56,31,1022.2,1017.9,5,4,9.5,18.5,No,No,0,0,1,2011,7,Jul,2011-07-01,Q3,193,Hiver,12.899999999999999,11.999999999999998,15.0,43.5,1020.05,Sec (≤1 mm),247.5,0.8934782608695642,-2.0931159420289855,0.3771781362884871,-1.020172113296449,,0,0,0,0
2011-07-13,9.5,12.3,0.0,3.8,0.0,WSW,48.0,W,W,20,22,54,48,1018.2,1016.5,5,4,10.3,11.9,No,No,0,0,1,2011,7,Jul,2011-07-01,Q3,194,Hiver,10.9,2.8000000000000007,21.0,51.0,1017.35,Sec (≤1 mm),247.5,-5.706521739130434,0.5068840579710141,-2.408984447098004,0.24705223931136075,,0,0,0,0
2011-07-14,8.2,15.6,0.0,2.8,9.9,SW,44.0,W,S,19,22,56,35,1025.7,1027.4,5,4,11.0,14.6,No,No,0,0,1,2011,7,Jul,2011-07-01,Q3,195,Hiver,11.899999999999999,7.4,20.5,45.5,1026.5500000000002,Sec (≤1 mm),225.0,-2.4065217391304348,-0.7931159420289866,-1.0159031554047586,-0.38655993699254454,,0,0,0,0
2011-07-15,5.6,13.2,0.8,2.0,0.6,S,39.0,W,S,26,13,64,84,1034.7,1032.4,5,4,7.5,12.7,No,Yes,0,1,1,2011,7,Jul,2011-07-01,Q3,196,Hiver,9.399999999999999,7.6,19.5,74.0,1033.5500000000002,Sec (≤1 mm),180.0,-4.806521739130435,-3.3931159420289863,-2.0290531857271197,-1.6537842896003543,,0,0,0,0
2011-07-16,7.5,16.3,9.0,1.4,4.4,ENE,26.0,W,E,13,17,94,62,1031.7,1027.7,5,4,10.4,14.8,Yes,Yes,1,1,1,2011,7,Jul,2011-07-01,Q3,197,Hiver,11.9,8.8,15.0,78.0,1029.7,Faible (1-10),67.5,-1.7065217391304337,-1.493115942028986,-0.7204010632274028,-0.7277357242331084,,0,0,0,0
2011-07-17,10.4,16.1,2.2,1.4,0.7,W,17.0,W,ESE,11,2,95,86,1025.2,1021.5,5,4,11.9,14.5,Yes,Yes,1,1,1,2011,7,Jul,2011-07-01,Q3,198,Hiver,13.25,5.700000000000001,6.5,90.5,1023.35,Faible (1-10),270.0,-1.906521739130433,1.4068840579710145,-0.8048302324209327,0.685706822906372,,0,0,0,0
2011-07-18,9.6,20.3,1.4,1.0,7.0,SW,39.0,W,WNW,22,4,90,49,1018.5,1015.0,5,4,11.2,18.5,Yes,No,1,0,1,2011,7,Jul,2011-07-01,Q3,199,Hiver,14.95,10.700000000000001,13.0,69.5,1016.75,Faible (1-10),225.0,2.2934782608695663,0.6068840579710137,0.9681823206431985,0.295791637488584,,0,0,0,0
2011-07-19,7.4,14.7,0.6,3.2,5.1,W,56.0,W,W,22,26,63,72,1014.6,1011.6,5,4,8.7,10.3,No,Yes,0,1,1,2011,7,Jul,2011-07-01,Q3,200,Hiver,11.05,7.299999999999999,24.0,67.5,1013.1,Sec (≤1 mm),270.0,-3.306521739130435,-1.5931159420289855,-1.395834416775644,-0.7764751224103317,,0,0,0,0
2011-07-20,8.7,18.5,76.8,4.8,1.6,S,70.0,SSW,SSW,24,24,91,83,1012.7,1013.5,5,4,14.3,15.0,Yes,Yes,1,1,1,2011,7,Jul,2011-07-01,Q3,201,Hiver,13.6,9.8,24.0,87.0,1013.1,Forte (>30),180.0,0.4934782608695656,-0.2931159420289866,0.2083197979014276,-0.14286294610642727,,1,0,0,0
2011-07-21,11.1,13.3,39.2,6.4,0.0,WSW,56.0,SW,SW,22,30,94,92,1016.6,1014.3,5,4,12.0,11.4,Yes,Yes,1,1,1,2011,7,Jul,2011-07-01,Q3,202,Hiver,12.2,2.200000000000001,26.0,93.0,1015.45,Forte (>30),247.5,-4.706521739130434,2.1068840579710137,-1.9868386011303538,1.026882610146936,,0,0,0,0
2011-07-22,11.3,13.9,88.2,4.8,0.0,S,46.0,SE,WSW,19,19,88,95,1018.3,1018.0,5,4,13.1,11.5,Yes,Yes,1,1,1,2011,7,Jul,2011-07-01,Q3,203,Hiver,12.600000000000001,2.5999999999999996,19.0,91.5,1018.15,Forte (>30),180.0,-4.106521739130434,2.306884057971015,-1.7335510935497638,1.1243614065013834,,1,0,0,0
2011-07-23,8.7,15.6,57.4,5.6,2.7,SSW,41.0,W,SSW,22,22,89,67,1020.4,1019.1,5,4,9.1,14.5,Yes,Yes,1,1,1,2011,7,Jul,2011-07-01,Q3,204,Hiver,12.149999999999999,6.9,22.0,78.0,1019.75,Forte (>30),202.5,-2.4065217391304348,-0.2931159420289866,-1.0159031554047586,-0.14286294610642727,,1,0,0,0
2011-07-24,6.4,15.4,2.0,2.8,4.7,W,33.0,W,W,22,13,79,46,1019.9,1017.8,5,4,8.3,13.8,Yes,No,1,0,1,2011,7,Jul,2011-07-01,Q3,205,Hiver,10.9,9.0,17.5,62.5,1018.8499999999999,Faible (1-10),270.0,-2.606521739130434,-2.5931159420289855,-1.1003323245982883,-1.2638691041825663,,0,0,0,0
2011-07-25,8.3,19.1,0.6,1.6,6.0,NW,33.0,WNW,SSE,13,4,73,53,1017.9,1014.8,5,4,10.9,16.7,No,No,0,0,1,2011,7,Jul,2011-07-01,Q3,206,Hiver,13.700000000000001,10.8,8.5,63.0,1016.3499999999999,Sec (≤1 mm),315.0,1.093478260869567,-0.6931159420289852,0.4616073054820184,-0.33782053881532037,,0,0,0,0
2011-07-26,7.0,18.4,0.6,0.4,8.3,WSW,35.0,WNW,SW,19,15,74,32,1020.0,1018.6,5,4,10.1,18.0,No,No,0,0,1,2011,7,Jul,2011-07-01,Q3,207,Hiver,12.7,11.399999999999999,17.0,53.0,1019.3,Sec (≤1 mm),247.5,0.39347826086956417,-1.993115942028986,0.16610521330466196,-0.9714327151192257,,0,0,0,0
2011-07-27,8.1,17.3,0.2,3.0,8.7,S,39.0,WNW,S,19,20,70,59,1027.1,1026.8,5,4,10.4,16.3,No,No,0,0,1,2011,7,Jul,2011-07-01,Q3,208,Hiver,12.7,9.200000000000001,19.5,64.5,1026.9499999999998,Sec (≤1 mm),180.0,-0.7065217391304337,-0.8931159420289863,-0.2982552172597525,-0.4352993351697678,,0,0,0,0
2011-07-28,7.1,20.4,0.0,1.8,10.2,W,28.0,W,N,22,15,83,41,1029.3,1025.6,5,4,9.4,19.6,No,No,0,0,1,2011,7,Jul,2011-07-01,Q3,209,Hiver,13.75,13.299999999999999,18.5,62.0,1027.4499999999998,Sec (≤1 mm),270.0,2.393478260869564,-1.8931159420289863,1.0103969052399626,-0.9226933169420024,,0,0,0,0
2011-07-29,7.3,20.0,0.0,3.6,10.4,WNW,22.0,WNW,ENE,17,11,75,32,1027.0,1023.6,5,4,9.6,19.0,No,No,0,0,1,2011,7,Jul,2011-07-01,Q3,210,Hiver,13.65,12.7,14.0,53.5,1025.3,Sec (≤1 mm),292.5,1.9934782608695656,-1.693115942028986,0.8415385668529031,-0.8252145205875554,,0,0,0,0
2011-07-30,7.1,20.2,0.0,2.8,9.7,NNE,24.0,W,SE,17,6,78,43,1024.6,1020.5,5,4,8.7,18.8,No,No,0,0,1,2011,7,Jul,2011-07-01,Q3,211,Hiver,13.649999999999999,13.1,11.5,60.5,1022.55,Sec (≤1 mm),22.5,2.193478260869565,-1.8931159420289863,0.9259677360464329,-0.9226933169420024,,0,0,0,0
2011-07-31,7.4,21.4,0.0,3.4,8.7,W,28.0,WNW,S,15,2,65,31,1022.3,1019.4,5,4,10.5,21.1,No,No,0,0,1,2011,7,Jul,2011-07-01,Q3,212,Hiver,14.399999999999999,13.999999999999998,8.5,48.0,1020.8499999999999,Sec (≤1 mm),270.0,3.393478260869564,-1.5931159420289855,1.432542751207613,-0.7764751224103317,,0,0,0,0
2011-08-01,9.7,22.7,0.0,2.4,9.6,NNE,26.0,W,E,15,15,73,53,1022.7,1019.4,5,4,12.5,19.3,No,No,0,0,1,2011,8,Aug,2011-08-01,Q3,213,Hiver,16.2,13.0,15.0,63.0,1021.05,Sec (≤1 mm),22.5,3.3182156133829004,-0.04944237918215677,1.2007578533128869,-0.022399226064443237,,0,0,0,0
2011-08-02,9.9,22.1,0.0,3.8,9.8,W,24.0,WNW,NE,19,4,72,37,1023.1,1020.9,5,4,12.5,21.7,No,No,0,0,1,2011,8,Aug,2011-08-01,Q3,214,Hiver,16.0,12.200000000000001,11.5,54.5,1022.0,Sec (≤1 mm),270.0,2.7182156133829025,0.1505576208178443,0.9836367268007884,0.06820816959473248,,0,0,0,0
2011-08-03,12.5,25.7,0.0,2.8,5.2,W,26.0,W,ENE,13,15,72,41,1023.2,1021.6,5,4,13.9,23.0,No,No,0,0,1,2011,8,Aug,2011-08-01,Q3,215,Hiver,19.1,13.2,14.0,56.5,1022.4000000000001,Sec (≤1 mm),270.0,6.3182156133829,2.750557620817844,2.286363485873384,1.2461043131640104,,0,0,0,0
2011-08-04,12.0,23.5,0.0,4.8,10.2,W,41.0,WNW,NE,15,17,73,50,1026.5,1024.0,5,4,14.0,23.0,No,No,0,0,1,2011,8,Aug,2011-08-01,Q3,216,Hiver,17.75,11.5,16.0,61.5,1025.25,Sec (≤1 mm),270.0,4.118215613382901,2.250557620817844,1.490252688662353,1.0195858240160722,,0,0,0,0
2011-08-05,11.3,25.2,0.0,5.4,10.1,NNW,33.0,W,NNW,6,20,66,30,1025.4,1021.8,5,4,13.9,24.7,No,No,0,0,1,2011,8,Aug,2011-08-01,Q3,217,Hiver,18.25,13.899999999999999,13.0,48.0,1023.6,Sec (≤1 mm),337.5,5.8182156133829,1.5505576208178447,2.105429213779968,0.7024599392089593,,0,0,0,0
2011-08-06,12.7,24.0,0.0,5.8,7.7,WSW,37.0,W,NNE,0,11,57,44,1021.2,1016.7,5,4,15.5,21.7,No,No,0,0,1,2011,8,Aug,2011-08-01,Q3,218,Hiver,18.35,11.3,5.5,50.5,1018.95,Sec (≤1 mm),247.5,4.618215613382901,2.9505576208178432,1.6711869607557692,1.3367117088231852,,0,0,0,0
2011-08-07,13.7,19.5,0.6,5.0,4.3,NW,35.0,NNW,N,9,17,84,77,1017.1,1012.6,5,4,14.2,16.7,No,Yes,0,1,1,2011,8,Aug,2011-08-01,Q3,219,Hiver,16.6,5.800000000000001,13.0,80.5,1014.85,Sec (≤1 mm),315.0,0.1182156133829011,3.9505576208178432,0.04277851191502383,1.7897486871190615,,0,0,0,0
2011-08-08,9.4,18.3,4.4,2.0,9.1,W,33.0,W,W,17,13,66,43,1010.9,1007.8,5,4,11.1,15.9,Yes,No,1,0,1,2011,8,Aug,2011-08-01,Q3,220,Hiver,13.850000000000001,8.9,15.0,54.5,1009.3499999999999,Faible (1-10),270.0,-1.0817843866170982,-0.3494423791821557,-0.3914637411091747,-0.15831031955320563,,0,0,0,0
2011-08-09,7.8,17.1,0.0,3.8,2.8,WSW,33.0,W,W,19,15,69,37,1008.2,1005.6,5,4,9.7,16.1,No,No,0,0,1,2011,8,Aug,2011-08-01,Q3,221,Hiver,12.450000000000001,9.3,17.0,53.0,1006.9000000000001,Sec (≤1 mm),247.5,-2.2817843866170975,-1.9494423791821562,-0.8257059941333732,-0.8831694848266077,,0,0,0,0
2011-08-10,7.8,18.5,0.0,0.8,9.8,WSW,39.0,WNW,WNW,9,15,58,39,1007.2,1004.5,5,4,10.7,16.5,No,No,0,0,1,2011,8,Aug,2011-08-01,Q3,222,Hiver,13.15,10.7,12.0,48.5,1005.85,Sec (≤1 mm),247.5,-0.8817843866170989,-1.9494423791821562,-0.3190900322718085,-0.8831694848266077,,0,0,0,0
2011-08-11,7.3,18.5,0.0,4.8,6.7,W,33.0,W,S,15,13,58,47,1008.5,1008.2,5,4,11.5,16.9,No,Yes,0,1,1,2011,8,Aug,2011-08-01,Q3,223,Hiver,12.9,11.2,14.0,52.5,1008.35,Sec (≤1 mm),270.0,-0.8817843866170989,-2.4494423791821562,-0.3190900322718085,-1.1096879739745458,,0,0,0,0
2011-08-12,10.3,17.3,13.0,6.2,2.7,SSW,41.0,SW,SSW,22,15,74,83,1018.0,1018.7,5,4,14.8,14.2,Yes,Yes,1,1,1,2011,8,Aug,2011-08-01,Q3,224,Hiver,13.8,7.0,18.5,78.5,1018.35,Modérée (10-30),202.5,-2.081784386617098,0.5505576208178447,-0.753332285296007,0.2494229609130831,,0,0,0,0
2011-08-13,8.3,18.9,2.6,1.2,7.8,W,28.0,W,E,20,17,78,51,1024.5,1022.2,5,4,10.4,17.2,Yes,No,1,0,1,2011,8,Aug,2011-08-01,Q3,225,Hiver,13.6,10.599999999999998,18.5,64.5,1023.35,Faible (1-10),270.0,-0.4817843866171003,-1.4494423791821553,-0.17434261459707606,-0.6566509956786692,,0,0,0,0
2011-08-14,10.3,16.5,1.0,2.2,0.8,S,24.0,W,E,7,11,89,71,1025.8,1023.9,5,4,13.7,15.7,No,No,0,0,1,2011,8,Aug,2011-08-01,Q3,226,Hiver,13.4,6.199999999999999,9.0,80.0,1024.85,Sec (≤1 mm),180.0,-2.881784386617099,0.5505576208178447,-1.0428271206454731,0.2494229609130831,,0,0,0,0
2011-08-15,9.4,17.8,0.6,1.6,5.1,W,26.0,WNW,ESE,17,15,78,58,1026.4,1022.8,5,4,11.6,17.2,No,No,0,0,1,2011,8,Aug,2011-08-01,Q3,227,Hiver,13.600000000000001,8.4,16.0,68.0,1024.6,Sec (≤1 mm),270.0,-1.5817843866170982,-0.3494423791821557,-0.5723980132025909,-0.15831031955320563,,0,0,0,0
2011-08-16,10.6,17.9,0.0,2.4,8.2,ESE,24.0,W,ENE,13,11,85,62,1021.9,1018.7,5,4,12.8,17.5,No,No,0,0,1,2011,8,Aug,2011-08-01,Q3,228,Hiver,14.25,7.299999999999999,12.0,73.5,1020.3,Sec (≤1 mm),112.5,-1.4817843866171003,0.8505576208178436,-0.5362111587839083,0.3853340544018455,,0,0,0,0
2011-08-17,10.2,16.9,0.0,2.0,1.1,NNE,52.0,W,N,17,17,91,80,1018.4,1014.1,5,4,12.4,15.2,No,Yes,0,1,1,2011,8,Aug,2011-08-01,Q3,229,Hiver,13.549999999999999,6.699999999999999,17.0,85.5,1016.25,Sec (≤1 mm),22.5,-2.4817843866171003,0.45055762081784323,-0.8980797029707407,0.20411926308349485,,0,0,0,0
2011-08-18,10.9,18.9,5.6,2.2,9.7,NNW,50.0,NW,W,28,30,69,27,1008.4,1008.7,5,4,12.9,17.9,Yes,No,1,0,1,2011,8,Aug,2011-08-01,Q3,230,Hiver,14.899999999999999,7.999999999999998,29.0,48.0,1008.55,Faible (1-10),337.5,-0.4817843866171003,1.1505576208178443,-0.17434261459707606,0.5212451478906087,,0,0,0,0
2011-08-19,8.6,17.4,0.8,4.2,0.7,SE,78.0,W,SSE,28,39,85,74,1014.2,1015.8,5,4,9.1,16.2,No,Yes,0,1,1,2011,8,Aug,2011-08-01,Q3,231,Hiver,13.0,8.799999999999999,33.5,79.5,1015.0,Sec (≤1 mm),135.0,-1.9817843866171003,-1.1494423791821564,-0.7171454308773245,-0.5207399021899068,,0,1,0,0
2011-08-20,8.9,19.5,20.2,3.8,9.7,SSE,56.0,SSE,SE,24,26,57,47,1028.8,1028.6,5,4,16.3,18.7,Yes,Yes,1,1,1,2011,8,Aug,2011-08-01,Q3,232,Hiver,14.2,10.6,25.0,52.0,1028.6999999999998,Modérée (10-30),157.5,0.1182156133829011,-0.8494423791821557,0.04277851191502383,-0.3848288087011437,,0,0,0,0
2011-08-21,12.3,18.5,2.2,6.0,5.8,ESE,46.0,SE,SSE,26,28,56,56,1034.8,1034.6,5,4,16.2,17.6,Yes,No,1,0,1,2011,8,Aug,2011-08-01,Q3,233,Hiver,15.4,6.199999999999999,27.0,56.0,1034.6999999999998,Faible (1-10),112.5,-0.8817843866170989,2.5505576208178447,-0.3190900322718085,1.1554969175048355,,0,0,0,0
2011-08-22,12.7,18.2,0.0,4.2,6.9,ESE,44.0,SE,SE,20,19,56,49,1038.0,1036.7,5,4,15.7,17.5,No,No,0,0,1,2011,8,Aug,2011-08-01,Q3,234,Hiver,15.45,5.5,19.5,52.5,1037.35,Sec (≤1 mm),112.5,-1.1817843866170996,2.9505576208178432,-0.42765059552785845,1.3367117088231852,,0,0,0,0
2011-08-23,12.2,17.5,0.0,2.8,3.0,W,41.0,W,ENE,17,11,86,69,1036.1,1031.8,5,4,13.6,16.6,No,No,0,0,1,2011,8,Aug,2011-08-01,Q3,235,Hiver,14.85,5.300000000000001,14.0,77.5,1033.9499999999998,Sec (≤1 mm),270.0,-1.881784386617099,2.4505576208178432,-0.6809585764586408,1.1101932196752473,,0,0,0,0
2011-08-24,10.4,18.9,1.0,1.4,10.3,ENE,28.0,WNW,ENE,17,17,82,51,1030.4,1026.6,5,4,13.7,18.4,No,No,0,0,1,2011,8,Aug,2011-08-01,Q3,236,Hiver,14.649999999999999,8.499999999999998,17.0,66.5,1028.5,Sec (≤1 mm),67.5,-0.4817843866171003,0.6505576208178443,-0.17434261459707606,0.29472665874267057,,0,0,0,0
2011-08-25,10.4,19.9,0.2,4.0,10.6,E,30.0,W,NE,9,17,79,64,1025.4,1020.6,5,4,13.0,19.0,No,No,0,0,1,2011,8,Aug,2011-08-01,Q3,237,Hiver,15.149999999999999,9.499999999999998,13.0,71.5,1023.0,Sec (≤1 mm),90.0,0.5182156133828997,0.6505576208178443,0.18752592958975625,0.29472665874267057,,0,0,0,0
2011-08-26,10.8,20.4,0.0,4.0,10.4,SSE,30.0,SSE,E,19,15,75,60,1025.4,1022.9,5,4,17.2,19.1,No,No,0,0,1,2011,8,Aug,2011-08-01,Q3,238,Hiver,15.6,9.599999999999998,17.0,67.5,1024.15,Sec (≤1 mm),157.5,1.0182156133828997,1.0505576208178447,0.3684602016831724,0.47594145006102123,,0,0,0,0
2011-08-27,12.4,19.0,0.0,3.4,4.0,SSE,28.0,W,E,11,6,96,75,1021.8,1017.7,5,4,13.3,18.1,No,No,0,0,1,2011,8,Aug,2011-08-01,Q3,239,Hiver,15.7,6.6,8.5,85.5,1019.75,Sec (≤1 mm),157.5,-0.3817843866170989,2.6505576208178443,-0.13815576017839232,1.200800615334423,,0,0,0,0
2011-08-28,11.3,21.6,0.0,0.8,8.2,SSW,35.0,W,ENE,20,17,76,63,1021.3,1017.0,5,4,13.6,18.7,No,No,0,0,1,2011,8,Aug,2011-08-01,Q3,240,Hiver,16.450000000000003,10.3,18.5,69.5,1019.15,Sec (≤1 mm),202.5,2.2182156133829025,1.5505576208178447,0.8027024547073722,0.7024599392089593,,0,0,0,0
2011-08-29,11.2,24.0,0.0,3.6,10.4,WSW,31.0,NW,S,4,6,57,28,1017.2,1015.1,5,4,16.3,23.3,No,No,0,0,1,2011,8,Aug,2011-08-01,Q3,241,Hiver,17.6,12.8,5.0,42.5,1016.1500000000001,Sec (≤1 mm),247.5,4.618215613382901,1.4505576208178432,1.6711869607557692,0.657156241379371,,0,0,0,0
2011-08-30,13.6,18.7,0.0,3.6,8.4,SSE,31.0,S,ESE,15,17,68,62,1022.8,1021.1,5,4,16.8,16.6,No,No,0,0,1,2011,8,Aug,2011-08-01,Q3,242,Hiver,16.15,5.1,16.0,65.0,1021.95,Sec (≤1 mm),157.5,-0.6817843866170996,3.8505576208178436,-0.24671632343444228,1.744444989289474,,0,0,0,0
2011-08-31,11.4,19.7,0.0,2.4,9.7,ESE,24.0,WNW,E,15,17,78,60,1023.7,1021.3,5,4,15.2,18.4,No,No,0,0,1,2011,8,Aug,2011-08-01,Q3,243,Hiver,15.55,8.299999999999999,16.0,69.0,1022.5,Sec (≤1 mm),112.5,0.3182156133829004,1.6505576208178443,0.11515222075239004,0.7477636370385468,,0,0,0,0
2011-09-01,13.4,19.5,0.0,1.0,7.9,ESE,30.0,WNW,ESE,6,19,84,57,1024.2,1022.4,5,4,15.3,19.3,No,No,0,0,1,2011,9,Sep,2011-09-01,Q3,244,Printemps,16.45,6.1,12.5,70.5,1023.3,Sec (≤1 mm),112.5,-2.48769230769231,0.7880769230769236,-0.6614918421909199,0.30427722998714146,,0,0,0,0
2011-09-02,14.2,17.9,0.0,4.0,4.2,S,37.0,SSW,S,17,19,64,51,1029.5,1028.6,5,4,14.9,16.5,No,No,0,0,1,2011,9,Sep,2011-09-01,Q3,245,Printemps,16.049999999999997,3.6999999999999993,18.0,57.5,1029.05,Sec (≤1 mm),180.0,-4.087692307692311,1.5880769230769225,-1.0869411408171146,0.6131579710184997,,0,0,0,0
2011-09-03,10.1,19.1,0.0,1.0,9.7,ENE,37.0,W,NE,15,26,70,54,1030.9,1027.0,5,4,13.8,18.6,No,No,0,0,1,2011,9,Sep,2011-09-01,Q3,246,Printemps,14.600000000000001,9.000000000000002,20.5,62.0,1028.95,Sec (≤1 mm),67.5,-2.8876923076923084,-2.511923076923077,-0.7678541668474681,-0.9698558267672132,,0,0,0,0
2011-09-04,10.6,20.0,0.0,3.4,10.5,NNE,39.0,N,NE,13,20,56,57,1027.9,1024.0,5,4,17.2,19.4,No,No,0,0,1,2011,9,Sep,2011-09-01,Q3,247,Printemps,15.3,9.4,16.5,56.5,1025.95,Sec (≤1 mm),22.5,-1.9876923076923099,-2.011923076923077,-0.5285389363702342,-0.776805363622614,,0,0,0,0
2011-09-05,14.2,22.5,0.0,5.6,6.1,NNE,37.0,SE,NE,4,13,56,62,1026.2,1023.2,5,4,18.0,20.1,No,No,0,0,1,2011,9,Sep,2011-09-01,Q3,248,Printemps,18.35,8.3,8.5,59.0,1024.7,Sec (≤1 mm),22.5,0.5123076923076901,1.5880769230769225,0.13622559273319432,0.6131579710184997,,0,0,0,0
2011-09-06,14.7,26.8,0.0,3.2,10.3,W,56.0,N,NNE,20,15,44,28,1019.6,1014.3,5,4,20.5,26.6,No,Yes,0,1,1,2011,9,Sep,2011-09-01,Q3,249,Printemps,20.75,12.100000000000001,17.5,36.0,1016.95,Sec (≤1 mm),270.0,4.812307692307691,2.0880769230769225,1.2796205827910916,0.8062084341630987,,0,0,0,0
2011-09-07,11.6,20.1,2.4,8.4,10.4,W,43.0,W,ESE,28,19,36,39,1019.2,1017.5,5,4,14.9,17.1,Yes,No,1,0,1,2011,9,Sep,2011-09-01,Q3,250,Printemps,15.850000000000001,8.500000000000002,23.5,37.5,1018.35,Faible (1-10),270.0,-1.8876923076923084,-1.0119230769230771,-0.5019483552060967,-0.3907044373334157,,0,0,0,0
2011-09-08,12.6,18.3,0.0,5.8,0.9,E,24.0,S,E,2,17,67,60,1020.9,1017.6,5,4,15.6,17.1,No,Yes,0,1,1,2011,9,Sep,2011-09-01,Q3,251,Printemps,15.45,5.700000000000001,9.5,63.5,1019.25,Sec (≤1 mm),90.0,-3.687692307692309,-0.011923076923077147,-0.9805788161605655,-0.00460351104421745,,0,0,0,0
2011-09-09,12.2,14.8,4.4,1.6,1.1,WSW,46.0,W,S,15,13,82,67,1009.0,1006.1,5,4,12.2,14.1,Yes,Yes,1,1,1,2011,9,Sep,2011-09-01,Q3,252,Printemps,13.5,2.6000000000000014,14.0,74.5,1007.55,Faible (1-10),247.5,-7.187692307692309,-0.4119230769230775,-1.9112491569053656,-0.1590438815598969,,0,0,0,0
2011-09-10,7.4,16.9,1.6,2.3,7.8,W,57.0,WSW,WSW,31,31,39,31,1010.3,1008.2,5,4,11.5,15.3,Yes,No,1,0,1,2011,9,Sep,2011-09-01,Q3,253,Printemps,12.149999999999999,9.499999999999998,31.0,35.0,1009.25,Faible (1-10),270.0,-5.087692307692311,-5.211923076923076,-1.352846952458486,-2.0123283277480484,,0,0,0,0
2011-09-11,10.2,20.4,0.2,4.4,10.2,SW,50.0,WSW,SW,28,19,47,32,1013.0,1011.0,5,4,14.5,17.9,No,No,0,0,1,2011,9,Sep,2011-09-01,Q3,254,Printemps,15.299999999999999,10.2,23.5,39.5,1012.0,Sec (≤1 mm),225.0,-1.5876923076923113,-2.4119230769230775,-0.42217661171368603,-0.9312457341382935,,0,0,0,0
2011-09-12,9.0,19.8,0.0,6.0,10.8,SW,46.0,W,ESE,19,19,48,43,1023.0,1022.6,5,4,14.0,17.1,No,No,0,0,1,2011,9,Sep,2011-09-01,Q3,255,Printemps,14.4,10.8,19.0,45.5,1022.8,Sec (≤1 mm),225.0,-2.187692307692309,-3.611923076923077,-0.5817200986985084,-1.394566845685331,,0,0,0,0
2011-09-13,8.2,22.6,0.0,4.0,10.9,NW,35.0,WNW,E,11,19,57,50,1025.6,1019.9,5,4,13.5,19.1,No,No,0,0,1,2011,9,Sep,2011-09-01,Q3,256,Printemps,15.4,14.400000000000002,15.0,53.5,1022.75,Sec (≤1 mm),315.0,0.6123076923076916,-4.4119230769230775,0.16281617389733183,-1.70344758671669,,0,0,0,0
2011-09-14,11.1,26.7,0.0,5.2,10.9,S,59.0,SE,WNW,6,24,37,14,1022.3,1017.0,5,4,19.0,26.0,No,No,0,0,1,2011,9,Sep,2011-09-01,Q3,257,Printemps,18.9,15.6,15.0,25.5,1019.65,Sec (≤1 mm),180.0,4.712307692307689,-1.5119230769230771,1.2530300016269542,-0.5837549004780148,,0,0,0,0
2011-09-15,15.2,19.3,0.0,6.8,9.1,SSE,37.0,SSE,E,19,20,75,62,1022.5,1018.1,5,4,16.2,18.1,No,No,0,0,1,2011,9,Sep,2011-09-01,Q3,258,Printemps,17.25,4.100000000000001,19.5,68.5,1020.3,Sec (≤1 mm),157.5,-2.687692307692309,2.5880769230769225,-0.714673004519194,0.9992588973076979,,0,0,0,0
2011-09-16,11.4,21.4,0.0,4.8,7.6,W,41.0,WNW,ENE,13,17,49,49,1018.3,1012.5,5,4,17.8,20.1,No,No,0,0,1,2011,9,Sep,2011-09-01,Q3,259,Printemps,16.4,9.999999999999998,15.0,49.0,1015.4,Sec (≤1 mm),270.0,-0.5876923076923113,-1.2119230769230764,-0.15627080007231461,-0.4679246225912551,,0,0,0,0
2011-09-17,14.3,25.4,0.0,5.8,9.6,SSW,31.0,SSE,E,9,19,66,71,1017.3,1013.2,5,4,20.5,19.9,No,No,0,0,1,2011,9,Sep,2011-09-01,Q3,260,Printemps,19.85,11.099999999999998,14.0,68.5,1015.25,Sec (≤1 mm),202.5,3.4123076923076887,1.688076923076924,0.907352446493171,0.65176806364742,,0,0,0,0
2011-09-18,15.7,30.6,0.0,6.8,10.5,S,59.0,ESE,SSE,6,31,27,59,1013.3,1015.9,5,4,25.4,21.9,No,No,0,0,1,2011,9,Sep,2011-09-01,Q3,261,Printemps,23.15,14.900000000000002,18.5,43.0,1014.5999999999999,Sec (≤1 mm),180.0,8.612307692307692,3.0880769230769225,2.290062667028303,1.192309360452297,,0,0,0,0
2011-09-19,14.6,26.0,0.0,3.8,9.8,NNE,56.0,ENE,NE,11,26,59,67,1020.6,1013.7,5,4,19.9,20.9,No,No,0,0,1,2011,9,Sep,2011-09-01,Q3,262,Printemps,20.3,11.4,18.5,63.0,1017.1500000000001,Sec (≤1 mm),22.5,4.01230769230769,1.9880769230769229,1.0668959334779944,0.767598341534179,,0,0,0,0
2011-09-20,17.5,28.1,0.0,8.0,10.0,W,78.0,N,WNW,22,43,31,20,1004.7,1006.5,5,4,25.6,23.0,No,No,0,0,1,2011,9,Sep,2011-09-01,Q3,263,Printemps,22.8,10.600000000000001,32.5,25.5,1005.6,Sec (≤1 mm),270.0,6.1123076923076916,4.888076923076923,1.6252981379248748,1.8872910277728543,,0,1,0,0
2011-09-21,11.9,22.7,0.0,9.0,11.0,W,41.0,WSW,E,17,17,36,42,1020.1,1017.5,5,4,18.0,19.3,No,No,0,0,1,2011,9,Sep,2011-09-01,Q3,264,Printemps,17.3,10.799999999999999,17.0,39.0,1018.8,Sec (≤1 mm),270.0,0.7123076923076894,-0.7119230769230764,0.18940675506146842,-0.27487415944665594,,0,0,0,0
2011-09-22,11.2,22.8,0.0,5.2,10.9,NNE,44.0,WNW,ENE,11,20,53,57,1024.0,1019.0,5,4,17.6,20.4,No,No,0,0,1,2011,9,Sep,2011-09-01,Q3,265,Printemps,17.0,11.600000000000001,15.5,55.0,1021.5,Sec (≤1 mm),22.5,0.8123076923076908,-1.4119230769230775,0.21599733622560593,-0.5451448078490951,,0,0,0,0
2011-09-23,12.7,32.5,0.0,5.6,9.5,SSE,70.0,W,W,15,17,44,14,1015.9,1012.8,5,4,22.8,30.4,No,No,0,0,1,2011,9,Sep,2011-09-01,Q3,266,Printemps,22.6,19.8,16.0,29.0,1014.3499999999999,Sec (≤1 mm),157.5,10.51230769230769,0.0880769230769225,2.7952837091469087,0.03400658158470224,,0,0,0,0
2011-09-24,14.3,17.7,0.2,8.2,0.4,SSE,39.0,ESE,ESE,15,19,65,76,1021.4,1017.8,5,4,16.5,16.3,No,Yes,0,1,1,2011,9,Sep,2011-09-01,Q3,267,Printemps,16.0,3.3999999999999986,17.0,70.5,1019.5999999999999,Sec (≤1 mm),157.5,-4.287692307692311,1.688076923076924,-1.1401223031453886,0.65176806364742,,0,0,0,0
2011-09-25,13.1,17.3,23.8,6.8,0.0,ESE,61.0,SE,ESE,31,20,90,92,1018.6,1020.3,5,4,14.2,13.2,Yes,Yes,1,1,1,2011,9,Sep,2011-09-01,Q3,268,Printemps,15.2,4.200000000000001,25.5,91.0,1019.45,Modérée (10-30),112.5,-4.687692307692309,0.48807692307692285,-1.2464846278019368,0.18844695210038168,,0,0,0,0
2011-09-26,12.3,19.7,30.0,4.0,7.2,ESE,44.0,SE,ESE,24,17,52,45,1024.8,1022.1,5,4,17.0,19.3,Yes,No,1,0,1,2011,9,Sep,2011-09-01,Q3,269,Printemps,16.0,7.399999999999999,20.5,48.5,1023.45,Modérée (10-30),112.5,-2.2876923076923106,-0.3119230769230761,-0.6083106798626459,-0.12043378893097652,,0,0,0,0
2011-09-27,10.7,20.8,0.4,5.0,9.3,ENE,41.0,W,NE,9,22,63,53,1023.1,1018.9,5,4,17.3,18.5,No,No,0,0,1,2011,9,Sep,2011-09-01,Q3,270,Printemps,15.75,10.100000000000001,15.5,58.0,1021.0,Sec (≤1 mm),67.5,-1.1876923076923092,-1.9119230769230775,-0.31581428705713693,-0.7381952709936943,,0,0,0,0
2011-09-28,13.4,18.0,0.0,7.2,0.2,NNE,31.0,N,ENE,9,11,59,84,1015.7,1010.6,5,4,17.3,15.8,No,Yes,0,1,1,2011,9,Sep,2011-09-01,Q3,271,Printemps,15.7,4.6,10.0,71.5,1013.1500000000001,Sec (≤1 mm),22.5,-3.98769230769231,0.7880769230769236,-1.0603505596529772,0.30427722998714146,,0,0,0,0
2011-09-29,15.5,22.0,7.8,1.4,5.1,W,72.0,NNW,WNW,19,31,74,38,997.8,996.3,5,4,17.5,16.9,Yes,No,1,0,1,2011,9,Sep,2011-09-01,Q3,272,Printemps,18.75,6.5,25.0,56.0,997.05,Faible (1-10),270.0,0.012307692307690132,2.888076923076923,0.0032726869125086085,1.1150891751944576,,0,0,0,0
2011-09-30,12.2,20.8,0.8,7.0,8.0,W,63.0,WNW,W,28,33,43,27,1003.8,1002.8,5,4,15.8,20.2,No,No,0,0,1,2011,9,Sep,2011-09-01,Q3,273,Printemps,16.5,8.600000000000001,30.5,35.0,1003.3,Sec (≤1 mm),270.0,-1.1876923076923092,-0.4119230769230775,-0.31581428705713693,-0.1590438815598969,,0,0,0,0
2011-10-01,10.8,20.0,0.2,6.6,5.2,SSW,48.0,SSW,SE,2,17,49,46,1006.5,1005.0,5,4,15.8,18.3,No,Yes,0,1,1,2011,10,Oct,2011-10-01,Q4,274,Printemps,15.4,9.2,9.5,47.5,1005.75,Sec (≤1 mm),202.5,-3.552671755725193,-3.9736641221374036,-0.7962131603746573,-1.3878361138005935,,0,0,0,0
2011-10-02,11.4,17.1,9.8,6.4,0.2,SSE,67.0,SSW,SSE,30,31,88,63,1012.8,1016.7,5,4,13.1,15.2,Yes,Yes,1,1,1,2011,10,Oct,2011-10-01,Q4,275,Printemps,14.25,5.700000000000001,30.5,75.5,1014.75,Faible (1-10),157.5,-6.452671755725191,-3.373664122137404,-1.4461516640840084,-1.1782809922085724,,0,0,0,0
2011-10-03,10.3,18.4,4.6,4.2,7.2,S,50.0,WSW,S,17,28,76,50,1023.0,1021.3,5,4,13.3,17.5,Yes,No,1,0,1,2011,10,Oct,2011-10-01,Q4,276,Printemps,14.35,8.099999999999998,22.5,63.0,1022.15,Faible (1-10),180.0,-5.152671755725194,-4.473664122137404,-1.154799921041886,-1.5624653817939445,,0,0,0,0
2011-10-04,10.7,19.9,0.2,6.0,5.9,SSE,35.0,W,SSE,19,20,73,47,1024.6,1022.9,5,4,13.3,19.4,No,No,0,0,1,2011,10,Oct,2011-10-01,Q4,277,Printemps,15.299999999999999,9.2,19.5,60.0,1023.75,Sec (≤1 mm),157.5,-3.652671755725194,-4.073664122137405,-0.8186248329163595,-1.4227619673992642,,0,0,0,0
2011-10-05,10.0,20.1,0.2,4.0,2.9,WNW,24.0,W,E,20,15,76,47,1022.6,1018.2,5,4,13.5,17.8,No,No,0,0,1,2011,10,Oct,2011-10-01,Q4,278,Printemps,15.05,10.100000000000001,17.5,61.5,1020.4000000000001,Sec (≤1 mm),292.5,-3.4526717557251914,-4.773664122137404,-0.7738014878329552,-1.6672429425899553,,0,0,0,0
2011-10-06,13.3,19.0,0.0,3.0,0.9,NNE,22.0,W,NE,7,15,67,62,1016.5,1013.5,5,4,15.4,17.9,No,Yes,0,1,1,2011,10,Oct,2011-10-01,Q4,279,Printemps,16.15,5.699999999999999,11.0,64.5,1015.0,Sec (≤1 mm),22.5,-4.552671755725193,-1.4736641221374036,-1.020329885791675,-0.5146897738338382,,0,0,0,0
2011-10-07,14.4,21.0,2.2,2.2,6.3,E,24.0,WNW,E,9,19,88,64,1013.6,1010.2,5,4,15.7,20.0,Yes,Yes,1,1,1,2011,10,Oct,2011-10-01,Q4,280,Printemps,17.7,6.6,14.0,76.0,1011.9000000000001,Faible (1-10),90.0,-2.552671755725193,-0.37366412213740396,-0.5720964349576396,-0.13050538424846594,,0,0,0,0
2011-10-08,15.4,21.6,2.0,4.0,5.0,ESE,31.0,WNW,SSE,9,20,93,74,1011.3,1009.4,5,4,16.1,19.0,Yes,No,1,0,1,2011,10,Oct,2011-10-01,Q4,281,Printemps,18.5,6.200000000000001,14.5,83.5,1010.3499999999999,Faible (1-10),112.5,-1.9526717557251914,0.626335877862596,-0.4376263997074286,0.21875315173823617,,0,0,0,0
2011-10-09,13.2,23.6,1.0,4.0,6.0,WSW,54.0,W,SW,11,20,89,31,1008.1,1004.9,5,4,15.7,21.3,No,No,0,0,1,2011,10,Oct,2011-10-01,Q4,282,Printemps,18.4,10.400000000000002,15.5,60.0,1006.5,Sec (≤1 mm),247.5,0.04732824427480864,-1.573664122137405,0.010607051126606828,-0.5496156274325089,,0,0,0,0
2011-10-10,12.0,22.0,0.2,4.4,6.9,E,30.0,WNW,E,13,22,77,62,1010.0,1006.5,5,4,14.4,18.2,No,No,0,0,1,2011,10,Oct,2011-10-01,Q4,283,Printemps,17.0,10.0,17.5,69.5,1008.25,Sec (≤1 mm),90.0,-1.5526717557251928,-2.7736641221374043,-0.34797970954062185,-0.9687258706165511,,0,0,0,0
2011-10-11,12.2,21.1,0.0,5.4,10.3,WSW,56.0,WSW,ESE,28,19,39,36,1011.1,1009.5,5,4,15.6,19.6,No,No,0,0,1,2011,10,Oct,2011-10-01,Q4,284,Printemps,16.65,8.900000000000002,23.5,37.5,1010.3,Sec (≤1 mm),247.5,-2.4526717557251914,-2.573664122137405,-0.5496847624159374,-0.898874163419211,,0,0,0,0
2011-10-12,10.9,21.1,0.0,5.4,7.2,ESE,41.0,W,ESE,17,22,49,65,1017.4,1017.0,5,4,15.6,17.5,No,No,0,0,1,2011,10,Oct,2011-10-01,Q4,285,Printemps,16.0,10.200000000000001,19.5,57.0,1017.2,Sec (≤1 mm),112.5,-2.4526717557251914,-3.873664122137404,-0.5496847624159374,-1.3529102602019234,,0,0,0,0
2011-10-13,14.9,20.1,0.2,4.4,3.1,E,33.0,W,E,2,24,70,51,1023.2,1021.3,5,4,16.8,19.7,No,No,0,0,1,2011,10,Oct,2011-10-01,Q4,286,Printemps,17.5,5.200000000000001,13.0,60.5,1022.25,Sec (≤1 mm),90.0,-3.4526717557251914,0.12633587786259604,-0.7738014878329552,0.0441238837448851,,0,0,0,0
2011-10-14,16.6,19.4,0.0,4.6,0.0,ENE,35.0,ENE,ENE,20,22,65,70,1020.8,1017.4,5,4,17.4,17.8,No,Yes,0,1,1,2011,10,Oct,2011-10-01,Q4,287,Printemps,18.0,2.799999999999997,21.0,67.5,1019.0999999999999,Sec (≤1 mm),67.5,-4.152671755725194,1.826335877862597,-0.9306831956248682,0.6378633949222791,,0,0,0,0
2011-10-15,17.1,24.6,7.2,4.2,7.6,ENE,39.0,NE,ENE,2,15,84,68,1010.7,1007.5,5,4,19.2,21.7,Yes,No,1,0,1,2011,10,Oct,2011-10-01,Q4,288,Printemps,20.85,7.5,8.5,76.0,1009.1,Faible (1-10),67.5,1.0473282442748086,2.326335877862597,0.23472377654362456,0.8124926629156302,,0,0,0,0
2011-10-16,17.1,23.3,0.2,3.4,11.6,SSW,37.0,S,SE,15,24,62,51,1014.1,1014.8,5,4,20.4,21.9,No,Yes,0,1,1,2011,10,Oct,2011-10-01,Q4,289,Printemps,20.200000000000003,6.199999999999999,19.5,56.5,1014.45,Sec (≤1 mm),202.5,-0.25267175572519207,2.326335877862597,-0.05662796649849865,0.8124926629156302,,0,0,0,0
2011-10-17,13.2,20.5,3.2,7.0,8.9,S,43.0,SSE,SE,24,20,52,38,1031.2,1031.8,5,4,16.2,19.6,Yes,No,1,0,1,2011,10,Oct,2011-10-01,Q4,290,Printemps,16.85,7.300000000000001,22.0,45.0,1031.5,Faible (1-10),180.0,-3.052671755725193,-1.573664122137405,-0.6841547976661484,-0.5496156274325089,,0,0,0,0
2011-10-18,13.0,19.9,0.2,8.0,8.2,E,28.0,SW,E,4,17,57,42,1034.8,1031.6,5,4,17.7,19.2,No,No,0,0,1,2011,10,Oct,2011-10-01,Q4,291,Printemps,16.45,6.899999999999999,10.5,49.5,1033.1999999999998,Sec (≤1 mm),90.0,-3.652671755725194,-1.7736641221374043,-0.8186248329163595,-0.619467334629849,,0,0,0,0
2011-10-19,12.3,21.4,0.0,4.0,12.0,NE,35.0,W,ENE,13,24,67,55,1031.4,1027.8,5,4,16.9,20.9,No,No,0,0,1,2011,10,Oct,2011-10-01,Q4,292,Printemps,16.85,9.099999999999998,18.5,61.0,1029.6,Sec (≤1 mm),45.0,-2.152671755725194,-2.4736641221374036,-0.4824497447908328,-0.8639483098205403,,0,0,0,0
2011-10-20,13.5,23.5,0.0,8.0,12.4,NNE,48.0,W,ENE,6,22,100,50,1028.0,1023.5,5,4,18.0,23.0,No,No,0,0,1,2011,10,Oct,2011-10-01,Q4,293,Printemps,18.5,10.0,14.0,75.0,1025.75,Sec (≤1 mm),22.5,-0.05267175572519278,-1.2736641221374043,-0.011804621415095261,-0.444838066636498,,0,0,0,0
2011-10-21,15.9,30.1,0.2,7.6,12.2,SSW,33.0,WNW,ENE,11,9,59,39,1023.8,1021.4,5,4,20.5,26.3,No,No,0,0,1,2011,10,Oct,2011-10-01,Q4,294,Printemps,23.0,14.200000000000001,10.0,49.0,1022.5999999999999,Sec (≤1 mm),202.5,6.547328244274809,1.126335877862596,1.4673657663372222,0.3933824197315872,,0,0,0,0
2011-10-22,17.6,24.6,0.0,8.8,8.2,SSW,31.0,N,E,2,19,76,64,1024.7,1021.5,5,4,19.6,23.1,No,No,0,0,1,2011,10,Oct,2011-10-01,Q4,295,Printemps,21.1,7.0,10.5,70.0,1023.1,Sec (≤1 mm),202.5,1.0473282442748086,2.826335877862597,0.23472377654362456,0.9871219309089811,,0,0,0,0
2011-10-23,19.0,24.8,0.0,4.8,9.5,ENE,30.0,SSW,ENE,2,19,80,71,1022.2,1017.9,5,4,20.5,22.4,No,No,0,0,1,2011,10,Oct,2011-10-01,Q4,296,Printemps,21.9,5.800000000000001,10.5,75.5,1020.05,Sec (≤1 mm),67.5,1.247328244274808,4.226335877862596,0.27954712162702794,1.4760838812903636,,0,0,0,0
2011-10-24,18.0,34.3,0.0,4.8,12.1,NW,44.0,ESE,NNW,7,28,53,21,1013.7,1007.7,5,4,24.8,33.8,No,No,0,0,1,2011,10,Oct,2011-10-01,Q4,297,Printemps,26.15,16.299999999999997,17.5,37.0,1010.7,Sec (≤1 mm),315.0,10.747328244274804,3.2263358778625957,2.4086560130886956,1.1268253453036616,,0,0,0,0
2011-10-25,18.7,19.5,0.8,11.8,0.3,SSE,59.0,SSE,SSE,26,33,81,86,1010.6,1013.6,5,4,19.4,16.9,No,Yes,0,1,1,2011,10,Oct,2011-10-01,Q4,298,Printemps,19.1,0.8000000000000007,29.5,83.5,1012.1,Sec (≤1 mm),157.5,-4.052671755725193,3.926335877862595,-0.9082715230831662,1.3713063204943527,,0,0,0,0
2011-10-26,14.2,18.6,2.8,4.0,0.0,SSE,41.0,SSE,SE,11,20,78,52,1022.7,1022.3,5,4,14.9,17.2,Yes,Yes,1,1,1,2011,10,Oct,2011-10-01,Q4,299,Printemps,16.4,4.400000000000002,15.5,65.0,1022.5,Faible (1-10),157.5,-4.952671755725191,-0.573664122137405,-1.1099765759584819,-0.20035709144580677,,0,0,0,0
2011-10-27,13.9,19.6,2.2,3.2,4.3,ESE,39.0,ESE,E,19,19,59,50,1024.0,1021.9,5,4,18.4,19.3,Yes,No,1,0,1,2011,10,Oct,2011-10-01,Q4,300,Printemps,16.75,5.700000000000001,19.0,54.5,1022.95,Faible (1-10),112.5,-3.9526717557251914,-0.873664122137404,-0.8858598505414641,-0.305134652241817,,0,0,0,0
2011-10-28,16.8,21.7,0.0,4.6,8.3,ENE,43.0,NE,ENE,11,30,67,58,1019.8,1015.5,5,4,19.0,21.2,No,No,0,0,1,2011,10,Oct,2011-10-01,Q4,301,Printemps,19.25,4.899999999999999,20.5,62.5,1017.65,Sec (≤1 mm),67.5,-1.8526717557251935,2.0263358778625964,-0.4152147271657273,0.7077151021196193,,0,0,0,0
2011-10-29,17.6,28.2,0.0,6.2,5.1,NNE,35.0,SE,ESE,4,11,70,69,1011.1,1008.9,5,4,21.7,24.1,No,No,0,0,1,2011,10,Oct,2011-10-01,Q4,302,Printemps,22.9,10.599999999999998,7.5,69.5,1010.0,Sec (≤1 mm),22.5,4.6473282442748065,2.826335877862597,1.0415439880448878,0.9871219309089811,,0,0,0,0
2011-10-30,18.1,25.8,0.0,5.6,8.1,S,59.0,S,E,6,22,75,99,1012.1,1009.5,5,4,21.6,21.6,No,No,0,0,1,2011,10,Oct,2011-10-01,Q4,303,Printemps,21.950000000000003,7.699999999999999,14.0,87.0,1010.8,Sec (≤1 mm),180.0,2.247328244274808,3.326335877862597,0.5036638470440457,1.1617511989023324,,0,0,0,0
2011-10-31,14.4,22.7,0.0,6.2,12.0,SSE,48.0,SW,SE,19,26,100,45,1020.8,1019.7,5,4,18.6,20.2,No,No,0,0,1,2011,10,Oct,2011-10-01,Q4,304,Printemps,18.55,8.299999999999999,22.5,72.5,1020.25,Sec (≤1 mm),157.5,-0.8526717557251935,-0.37366412213740396,-0.1910980017487096,-0.13050538424846594,,0,0,0,0
2011-11-01,15.1,20.7,0.4,5.4,6.7,S,28.0,SSE,ESE,15,17,73,55,1020.1,1016.0,5,4,16.2,19.8,No,No,0,0,1,2011,11,Nov,2011-11-01,Q4,305,Printemps,17.9,5.6,16.0,64.0,1018.05,Sec (≤1 mm),180.0,-4.126459143968869,-2.2182879377431934,-1.0607559525486223,-0.9664217379474398,,0,0,0,0
2011-11-02,14.3,24.0,0.0,5.8,11.4,S,43.0,WNW,SE,15,26,64,46,1011.3,1009.4,5,4,19.3,22.7,No,Yes,0,1,1,2011,11,Nov,2011-11-01,Q4,306,Printemps,19.15,9.7,20.5,55.0,1010.3499999999999,Sec (≤1 mm),180.0,-0.8264591439688687,-3.0182879377431924,-0.21245126291497096,-1.3149506088858596,,0,0,0,0
2011-11-03,13.8,18.4,11.4,4.6,3.4,SE,39.0,E,ESE,19,11,88,50,1013.0,1013.8,5,4,14.5,18.0,Yes,Yes,1,1,1,2011,11,Nov,2011-11-01,Q4,307,Printemps,16.1,4.599999999999998,15.0,69.0,1013.4,Modérée (10-30),135.0,-6.42645914396887,-3.5182879377431924,-1.6519986150205612,-1.5327811532223723,,0,0,0,0
2011-11-04,13.9,21.5,3.8,2.6,9.3,ESE,30.0,WNW,ESE,7,17,60,55,1019.3,1018.1,5,4,18.0,20.4,Yes,No,1,0,1,2011,11,Nov,2011-11-01,Q4,308,Printemps,17.7,7.6,12.0,57.5,1018.7,Faible (1-10),112.5,-3.3264591439688687,-3.4182879377431927,-0.8551063308192521,-1.4892150443550698,,0,0,0,0
2011-11-05,15.3,24.1,0.2,6.4,12.6,ENE,43.0,NNW,NE,11,26,62,67,1019.6,1015.0,5,4,20.3,21.5,No,No,0,0,1,2011,11,Nov,2011-11-01,Q4,309,Printemps,19.700000000000003,8.8,18.5,64.5,1017.3,Sec (≤1 mm),67.5,-0.7264591439688672,-2.0182879377431924,-0.18674506019879936,-0.8792895202128344,,0,0,0,0
2011-11-06,17.7,28.9,0.0,7.2,8.3,NE,31.0,ESE,NNE,6,17,56,58,1013.1,1009.2,5,4,23.9,25.8,No,No,0,0,1,2011,11,Nov,2011-11-01,Q4,310,Printemps,23.299999999999997,11.2,11.5,57.0,1011.1500000000001,Sec (≤1 mm),45.0,4.07354085603113,0.3817120622568062,1.0471526701774199,0.1662970926024258,,0,0,0,0
2011-11-07,21.2,29.5,0.0,8.2,7.0,E,28.0,WNW,E,9,11,54,57,1013.2,1012.2,5,4,26.5,25.6,No,No,0,0,1,2011,11,Nov,2011-11-01,Q4,311,Printemps,25.35,8.3,10.0,55.5,1012.7,Sec (≤1 mm),90.0,4.673540856031131,3.881712062256806,1.2013898864744477,1.6911109029580143,,0,0,0,0
2011-11-08,19.4,28.9,0.6,5.2,7.4,W,63.0,W,NNE,9,24,78,63,1014.4,1008.8,5,4,23.3,27.0,No,Yes,0,1,1,2011,11,Nov,2011-11-01,Q4,312,Printemps,24.15,9.5,16.5,70.5,1011.5999999999999,Sec (≤1 mm),270.0,4.07354085603113,2.0817120622568055,1.0471526701774199,0.9069209433465685,,0,0,0,0
2011-11-09,19.7,29.0,19.8,10.8,8.8,NNE,43.0,W,E,9,13,77,63,1014.4,1011.2,5,4,24.2,27.6,Yes,No,1,0,1,2011,11,Nov,2011-11-01,Q4,313,Printemps,24.35,9.3,11.0,70.0,1012.8,Modérée (10-30),22.5,4.173540856031131,2.381712062256806,1.0728588728935915,1.0376192699484763,,0,0,0,0
2011-11-10,24.2,30.4,0.0,10.2,5.0,SSE,52.0,WNW,SW,11,20,61,43,1011.6,1011.5,5,4,24.4,28.2,No,No,0,0,1,2011,11,Nov,2011-11-01,Q4,314,Printemps,27.299999999999997,6.199999999999999,15.5,52.0,1011.55,Sec (≤1 mm),157.5,5.57354085603113,6.881712062256806,1.4327457109199886,2.99809416897709,,0,0,0,0
2011-11-11,18.3,23.3,0.4,6.2,11.6,ENE,39.0,E,E,15,24,46,51,1024.7,1022.5,5,4,21.5,22.5,No,No,0,0,1,2011,11,Nov,2011-11-01,Q4,315,Printemps,20.8,5.0,19.5,48.5,1023.6,Sec (≤1 mm),67.5,-1.526459143968868,0.9817120622568076,-0.3923946819281695,0.4276937458062416,,0,0,0,0
2011-11-12,19.3,24.7,0.0,9.0,8.1,NNE,35.0,NNE,E,20,17,64,56,1019.4,1015.1,5,4,21.2,23.4,No,No,0,0,1,2011,11,Nov,2011-11-01,Q4,316,Printemps,22.0,5.399999999999999,18.5,60.0,1017.25,Sec (≤1 mm),22.5,-0.12645914396886937,1.9817120622568076,-0.03250784390177241,0.8633548344792669,,0,0,0,0
2011-11-15,18.8,24.6,0.0,8.6,11.7,NE,46.0,E,E,11,24,52,50,1019.3,1016.6,5,4,23.0,23.3,No,No,0,0,1,2011,11,Nov,2011-11-01,Q4,319,Printemps,21.700000000000003,5.800000000000001,17.5,51.0,1017.95,Sec (≤1 mm),45.0,-0.22645914396886724,1.4817120622568076,-0.058214046617943105,0.6455242901427543,,0,0,0,2
2011-11-16,19.1,22.1,0.0,10.0,1.1,S,65.0,SSW,SSW,13,22,77,73,1017.0,1018.7,5,4,21.2,20.7,No,Yes,0,1,1,2011,11,Nov,2011-11-01,Q4,320,Printemps,20.6,3.0,17.5,75.0,1017.85,Sec (≤1 mm),180.0,-2.7264591439688672,1.7817120622568083,-0.7008691145222243,0.7762226167446622,,0,0,0,0
2011-11-17,15.9,21.4,12.8,2.4,0.0,ESE,22.0,E,ESE,9,11,93,94,1020.5,1018.7,5,4,17.2,17.9,Yes,Yes,1,1,1,2011,11,Nov,2011-11-01,Q4,321,Printemps,18.65,5.499999999999998,10.0,93.5,1019.6,Modérée (10-30),112.5,-3.42645914396887,-1.4182879377431927,-0.8808125335354238,-0.6178928670090192,,0,0,0,0
2011-11-18,17.1,23.7,1.8,0.4,9.6,ENE,30.0,E,E,4,22,77,68,1018.6,1016.1,5,4,21.3,22.9,Yes,No,1,0,1,2011,11,Nov,2011-11-01,Q4,322,Printemps,20.4,6.599999999999998,13.0,72.5,1017.35,Faible (1-10),67.5,-1.1264591439688694,-0.21828793774319166,-0.28956987106348486,-0.09509956060138845,,0,0,0,0
2011-11-19,18.1,27.5,0.0,6.2,12.9,NNE,48.0,E,NNE,15,17,76,64,1015.3,1010.4,5,4,22.9,26.6,No,No,0,0,1,2011,11,Nov,2011-11-01,Q4,323,Printemps,22.8,9.399999999999999,16.0,70.0,1012.8499999999999,Sec (≤1 mm),22.5,2.6735408560311313,0.7817120622568083,0.6872658321510228,0.34056152807163687,,0,0,0,0
2011-11-20,19.6,28.0,0.0,8.8,7.0,W,74.0,ENE,E,9,9,78,57,1010.2,1007.4,5,4,22.6,26.1,No,Yes,0,1,1,2011,11,Nov,2011-11-01,Q4,324,Printemps,23.8,8.399999999999999,9.0,67.5,1008.8,Sec (≤1 mm),270.0,3.1735408560311313,2.2817120622568083,0.8157968457318789,0.9940531610811748,,0,0,0,0
2011-11-21,17.5,22.3,2.4,4.8,0.4,NE,31.0,ENE,NE,9,17,62,63,1018.4,1015.2,5,4,20.4,21.2,Yes,Yes,1,1,1,2011,11,Nov,2011-11-01,Q4,325,Printemps,19.9,4.800000000000001,13.0,62.5,1016.8,Faible (1-10),45.0,-2.526459143968868,0.18171206225680692,-0.649456709089882,0.07916487486782105,,0,0,0,0
2011-11-22,17.8,21.9,4.8,4.4,0.2,SSE,41.0,W,SSE,7,22,85,75,1011.0,1008.8,5,4,19.6,21.8,Yes,Yes,1,1,1,2011,11,Nov,2011-11-01,Q4,326,Printemps,19.85,4.099999999999998,14.5,80.0,1009.9,Faible (1-10),157.5,-2.92645914396887,0.4817120622568076,-0.7522815199545675,0.20986320146972895,,0,0,0,0
2011-11-23,14.8,18.3,38.8,7.4,0.1,SE,48.0,SSE,SSE,19,24,93,86,1016.4,1019.7,5,4,15.6,17.2,Yes,Yes,1,1,1,2011,11,Nov,2011-11-01,Q4,327,Printemps,16.55,3.5,21.5,89.5,1018.05,Forte (>30),135.0,-6.526459143968868,-2.5182879377431924,-1.677704817736732,-1.0971200645493469,,0,0,0,0
2011-11-24,15.3,18.3,14.8,3.4,0.0,ESE,43.0,SE,ESE,19,24,75,76,1026.6,1025.7,5,4,17.4,17.3,Yes,Yes,1,1,1,2011,11,Nov,2011-11-01,Q4,328,Printemps,16.8,3.0,21.5,75.5,1026.15,Modérée (10-30),112.5,-6.526459143968868,-2.0182879377431924,-1.677704817736732,-0.8792895202128344,,0,0,0,0
2011-11-25,15.4,20.0,7.6,2.4,0.0,E,52.0,E,ESE,24,15,89,89,1021.8,1020.4,5,4,18.3,18.6,Yes,Yes,1,1,1,2011,11,Nov,2011-11-01,Q4,329,Printemps,17.7,4.6,19.5,89.0,1021.0999999999999,Faible (1-10),90.0,-4.826459143968869,-1.9182879377431927,-1.2406993715618209,-0.835723411345532,,0,0,0,0
2011-11-26,18.1,26.8,22.0,3.2,5.5,NE,59.0,NNE,ENE,28,30,95,73,1007.6,1003.9,5,4,19.9,24.3,Yes,Yes,1,1,1,2011,11,Nov,2011-11-01,Q4,330,Printemps,22.450000000000003,8.7,29.0,84.0,1005.75,Modérée (10-30),45.0,1.973540856031132,0.7817120622568083,0.5073224131378241,0.34056152807163687,,0,0,0,0
2011-11-27,18.6,29.8,6.8,7.4,12.5,WNW,54.0,WNW,WSW,26,26,42,34,1006.7,1007.9,5,4,23.4,27.2,Yes,No,1,0,1,2011,11,Nov,2011-11-01,Q4,331,Printemps,24.200000000000003,11.2,26.0,38.0,1007.3,Faible (1-10),292.5,4.973540856031132,1.2817120622568083,1.2785084946229617,0.5583920724081495,,0,0,0,0
2011-11-28,17.0,26.9,0.0,6.6,12.9,NE,46.0,N,NE,13,24,55,63,1017.4,1015.6,5,4,23.6,24.4,No,No,0,0,1,2011,11,Nov,2011-11-01,Q4,332,Printemps,21.95,9.899999999999999,18.5,59.0,1016.5,Sec (≤1 mm),45.0,2.07354085603113,-0.3182879377431931,0.5330286158539949,-0.1386656694686916,,0,0,0,0
2011-11-29,19.7,26.2,0.0,9.4,8.0,NE,65.0,NE,NE,9,22,66,76,1017.1,1014.2,5,4,24.6,24.6,No,No,0,0,1,2011,11,Nov,2011-11-01,Q4,333,Printemps,22.95,6.5,15.5,71.0,1015.6500000000001,Sec (≤1 mm),45.0,1.3735408560311306,2.381712062256806,0.3530851968407963,1.0376192699484763,,0,0,0,0
2011-11-30,20.7,31.6,0.0,7.2,2.2,SW,54.0,NNE,NW,17,22,77,41,1010.5,1009.1,5,4,23.7,30.6,No,Yes,0,1,1,2011,11,Nov,2011-11-01,Q4,334,Printemps,26.15,10.900000000000002,19.5,59.0,1009.8,Sec (≤1 mm),225.0,6.773540856031133,3.381712062256806,1.7412201435140442,1.4732803586215018,,0,0,0,0
2011-12-01,15.8,21.9,1.4,9.0,8.7,S,57.0,S,SSE,22,22,51,41,1020.7,1020.6,5,4,17.5,20.9,Yes,Yes,1,1,1,2011,12,Dec,2011-12-01,Q4,335,Été,18.85,6.099999999999998,22.0,46.0,1020.6500000000001,Faible (1-10),180.0,-3.9283333333333346,-2.7820833333333326,-1.1403583773321044,-1.2371793104854512,,0,0,0,0
2011-12-02,14.1,21.1,1.4,8.0,8.2,SSE,52.0,SSW,S,22,30,63,50,1022.2,1020.8,5,4,16.6,20.7,Yes,No,1,0,1,2011,12,Dec,2011-12-01,Q4,336,Été,17.6,7.000000000000002,26.0,56.5,1021.5,Faible (1-10),157.5,-4.728333333333332,-4.482083333333334,-1.372590885231726,-1.9931612764552946,,0,0,0,0
2011-12-03,13.9,22.2,0.0,6.8,11.3,NNE,39.0,W,E,13,24,57,45,1020.4,1016.9,5,4,17.6,21.2,No,No,0,0,1,2011,12,Dec,2011-12-01,Q4,337,Été,18.05,8.299999999999999,18.5,51.0,1018.65,Sec (≤1 mm),22.5,-3.628333333333334,-4.682083333333333,-1.0532711868697457,-2.082100331275276,,0,0,0,0
2011-12-04,15.6,21.1,0.0,7.2,3.9,SSE,63.0,SSW,SSE,20,28,70,72,1014.3,1015.0,5,4,19.9,16.3,No,Yes,0,1,1,2011,12,Dec,2011-12-01,Q4,338,Été,18.35,5.500000000000002,24.0,71.0,1014.65,Sec (≤1 mm),157.5,-4.728333333333332,-2.9820833333333336,-1.372590885231726,-1.3261183653054331,,0,0,0,0
2011-12-05,11.8,19.0,4.8,7.6,4.5,W,41.0,S,SSW,24,17,61,69,1021.1,1019.9,5,4,15.9,16.4,Yes,Yes,1,1,1,2011,12,Dec,2011-12-01,Q4,339,Été,15.4,7.199999999999999,20.5,65.0,1020.5,Faible (1-10),270.0,-6.828333333333333,-6.782083333333333,-1.982201218468235,-3.015960406885082,Froid extrême (Tmin),0,0,0,0
2011-12-06,12.6,19.1,5.4,2.8,0.5,ESE,30.0,SSW,SE,15,17,77,58,1020.1,1017.9,5,4,15.3,17.4,Yes,Yes,1,1,1,2011,12,Dec,2011-12-01,Q4,340,Été,15.850000000000001,6.500000000000002,16.0,67.5,1019.0,Faible (1-10),112.5,-6.728333333333332,-5.982083333333334,-1.953172154980782,-2.660204187605156,,0,0,0,0
2011-12-07,12.1,22.0,2.2,4.0,3.2,ESE,35.0,WNW,ESE,11,24,64,71,1016.3,1014.0,5,4,17.7,19.1,Yes,Yes,1,1,1,2011,12,Dec,2011-12-01,Q4,341,Été,17.05,9.9,17.5,67.5,1015.15,Faible (1-10),112.5,-3.828333333333333,-6.482083333333334,-1.1113293138446512,-2.8825518246551103,,0,0,0,0
2011-12-08,16.2,22.3,23.6,3.2,0.2,SSE,22.0,SE,E,4,11,86,63,1014.2,1013.1,5,4,18.0,21.8,Yes,No,1,0,1,2011,12,Dec,2011-12-01,Q4,342,Été,19.25,6.100000000000001,7.5,74.5,1013.6500000000001,Modérée (10-30),157.5,-3.5283333333333324,-2.382083333333334,-1.0242421233822925,-1.0593012008454887,,0,0,0,0
2011-12-09,16.7,23.9,0.6,3.4,10.9,ENE,28.0,W,E,9,17,81,57,1014.9,1013.3,5,4,20.0,22.9,No,No,0,0,1,2011,12,Dec,2011-12-01,Q4,343,Été,20.299999999999997,7.199999999999999,13.0,69.0,1014.0999999999999,Sec (≤1 mm),67.5,-1.9283333333333346,-1.882083333333334,-0.5597771075830484,-0.8369535637955349,,0,0,0,0
2011-12-10,17.7,23.5,0.2,5.8,3.1,E,24.0,NNE,E,2,13,74,65,1011.5,1008.0,5,4,20.7,22.4,No,No,0,0,1,2011,12,Dec,2011-12-01,Q4,344,Été,20.6,5.800000000000001,7.5,69.5,1009.75,Sec (≤1 mm),90.0,-2.328333333333333,-0.882083333333334,-0.6758933615328592,-0.3922582896956272,,0,0,0,0
2011-12-11,18.3,25.6,0.0,3.8,6.5,SSE,37.0,ENE,NNE,2,13,69,89,1003.8,1002.1,5,4,23.0,20.5,No,Yes,0,1,1,2011,12,Dec,2011-12-01,Q4,345,Été,21.950000000000003,7.300000000000001,7.5,79.0,1002.95,Sec (≤1 mm),157.5,-0.22833333333333172,-0.2820833333333326,-0.06628302829635008,-0.12544112523568196,,0,0,0,0
2011-12-12,17.5,19.3,12.6,4.8,0.0,S,46.0,SSE,SSE,20,19,92,77,1006.9,1006.3,5,4,17.7,18.8,Yes,Yes,1,1,1,2011,12,Dec,2011-12-01,Q4,346,Été,18.4,1.8000000000000007,19.5,84.5,1006.5999999999999,Modérée (10-30),180.0,-6.528333333333332,-1.0820833333333333,-1.8951140280058765,-0.4811973445156084,,0,0,0,0
2011-12-13,16.4,23.4,4.2,2.0,6.8,SSW,48.0,SSW,SSE,19,31,62,49,1007.9,1007.9,5,4,19.2,23.2,Yes,No,1,0,1,2011,12,Dec,2011-12-01,Q4,347,Été,19.9,7.0,25.0,55.5,1007.9,Faible (1-10),202.5,-2.4283333333333346,-2.1820833333333347,-0.7049224250203124,-0.9703621460255075,,0,0,0,0
2011-12-14,15.2,22.2,0.4,8.0,10.5,SE,46.0,SSW,S,20,22,60,49,1015.8,1016.2,5,4,19.0,19.7,No,No,0,0,1,2011,12,Dec,2011-12-01,Q4,348,Été,18.7,7.0,21.0,54.5,1016.0,Sec (≤1 mm),135.0,-3.628333333333334,-3.382083333333334,-1.0532711868697457,-1.5039964749453965,,0,0,0,0
2011-12-15,15.5,22.6,0.2,7.8,12.2,ESE,31.0,SSE,ESE,13,20,59,48,1019.7,1018.0,5,4,19.6,21.4,No,No,0,0,1,2011,12,Dec,2011-12-01,Q4,349,Été,19.05,7.100000000000001,16.5,53.5,1018.85,Sec (≤1 mm),112.5,-3.2283333333333317,-3.0820833333333333,-0.9371549329199339,-1.3705878927154238,,0,0,0,0
2011-12-16,14.7,21.6,0.0,7.2,6.8,SE,30.0,ESE,SE,15,17,64,48,1021.4,1020.8,5,4,18.9,20.8,No,No,0,0,1,2011,12,Dec,2011-12-01,Q4,350,Été,18.15,6.900000000000002,16.0,56.0,1021.0999999999999,Sec (≤1 mm),135.0,-4.228333333333332,-3.882083333333334,-1.227445567794462,-1.7263441119953502,,0,0,0,0
2011-12-17,17.0,21.7,0.0,5.4,10.7,ESE,26.0,ESE,E,15,20,50,47,1023.1,1021.4,5,4,20.8,21.3,No,No,0,0,1,2011,12,Dec,2011-12-01,Q4,351,Été,19.35,4.699999999999999,17.5,48.5,1022.25,Sec (≤1 mm),112.5,-4.128333333333334,-1.5820833333333333,-1.1984165043070096,-0.7035449815655622,,0,0,0,0
2011-12-18,15.8,23.2,0.0,7.6,3.1,NE,44.0,W,NE,11,24,67,51,1020.0,1016.2,5,4,18.7,22.2,No,No,0,0,1,2011,12,Dec,2011-12-01,Q4,352,Été,19.5,7.399999999999999,17.5,59.0,1018.1,Sec (≤1 mm),45.0,-2.628333333333334,-2.7820833333333326,-0.7629805519952177,-1.2371793104854512,,0,0,0,0
2011-12-19,18.6,22.8,0.0,7.0,1.7,NNE,46.0,NNW,NNE,9,24,77,75,1011.2,1008.0,5,4,20.2,21.7,No,Yes,0,1,1,2011,12,Dec,2011-12-01,Q4,353,Été,20.700000000000003,4.199999999999999,16.5,76.0,1009.6,Sec (≤1 mm),22.5,-3.0283333333333324,0.017916666666668135,-0.8790968059450286,0.007967456994290665,,0,0,0,0
2011-12-20,18.4,24.3,14.8,2.2,6.6,SW,37.0,SSW,SE,20,22,79,63,1013.2,1014.4,5,4,19.9,22.8,Yes,No,1,0,1,2011,12,Dec,2011-12-01,Q4,354,Été,21.35,5.900000000000002,21.0,71.0,1013.8,Modérée (10-30),225.0,-1.5283333333333324,-0.1820833333333347,-0.44366085363323665,-0.08097159782569213,,0,0,0,0
2011-12-21,18.7,25.0,0.0,6.8,5.5,ESE,33.0,SSW,ESE,9,24,71,57,1018.3,1016.6,5,4,20.6,23.5,No,No,0,0,1,2011,12,Dec,2011-12-01,Q4,355,Été,21.85,6.300000000000001,16.5,64.0,1017.45,Sec (≤1 mm),112.5,-0.8283333333333331,0.117916666666666,-0.24045740922106726,0.05243698440428049,,0,0,0,0
2011-12-22,19.2,22.9,0.0,4.6,2.1,ENE,20.0,SE,ENE,9,13,76,77,1018.5,1017.0,5,4,20.1,19.7,No,Yes,0,1,1,2011,12,Dec,2011-12-01,Q4,356,Été,21.049999999999997,3.6999999999999993,11.0,76.5,1017.75,Sec (≤1 mm),67.5,-2.9283333333333346,0.617916666666666,-0.8500677424575764,0.2747846214542343,,0,0,0,0
2011-12-23,18.7,25.0,5.2,3.0,5.4,E,31.0,ESE,E,9,20,79,69,1014.9,1012.9,5,4,22.7,24.2,Yes,No,1,0,1,2011,12,Dec,2011-12-01,Q4,357,Été,21.85,6.300000000000001,14.5,74.0,1013.9,Faible (1-10),90.0,-0.8283333333333331,0.117916666666666,-0.24045740922106726,0.05243698440428049,,0,0,0,0
2011-12-24,19.7,26.2,0.4,2.6,10.9,ENE,33.0,E,E,15,19,75,62,1013.9,1012.5,5,4,23.7,25.1,No,No,0,0,1,2011,12,Dec,2011-12-01,Q4,358,Été,22.95,6.5,17.0,68.5,1013.2,Sec (≤1 mm),67.5,0.37166666666666615,1.117916666666666,0.10789135262836608,0.4971322585041882,,0,0,0,0
2011-12-25,19.1,26.6,0.0,7.2,12.7,NE,52.0,NE,NE,15,31,65,62,1012.1,1009.8,5,4,24.0,25.0,No,No,0,0,1,2011,12,Dec,2011-12-01,Q4,359,Été,22.85,7.5,23.0,63.5,1010.95,Sec (≤1 mm),45.0,0.7716666666666683,0.5179166666666681,0.22400760657817786,0.23031509404424452,,0,0,0,0
2011-12-26,20.0,26.8,0.0,9.0,4.7,S,59.0,NNE,ENE,17,9,61,68,1006.4,1004.2,5,4,24.5,24.4,No,No,0,0,1,2011,12,Dec,2011-12-01,Q4,360,Été,23.4,6.800000000000001,13.0,64.5,1005.3,Sec (≤1 mm),180.0,0.9716666666666676,1.4179166666666667,0.2820657335530833,0.6305408407341608,,0,0,0,0
2011-12-27,19.1,23.7,0.4,6.8,4.7,SSE,50.0,S,S,24,24,69,64,1010.0,1010.7,5,4,20.1,21.3,No,No,0,0,1,2011,12,Dec,2011-12-01,Q4,361,Été,21.4,4.599999999999998,24.0,66.5,1010.35,Sec (≤1 mm),157.5,-2.128333333333334,0.5179166666666681,-0.6178352345579539,0.23031509404424452,,0,0,0,0
2011-12-28,18.3,24.4,0.0,7.2,12.5,SSE,50.0,SSW,S,20,17,60,52,1013.8,1011.8,5,4,20.8,23.9,No,No,0,0,1,2011,12,Dec,2011-12-01,Q4,362,Été,21.35,6.099999999999998,18.5,56.0,1012.8,Sec (≤1 mm),157.5,-1.4283333333333346,-0.2820833333333326,-0.41463179014578444,-0.12544112523568196,,0,0,0,0
2011-12-29,17.5,25.0,0.0,7.0,10.8,SSE,43.0,SSW,SSE,15,24,69,39,1014.4,1014.9,5,4,20.7,23.8,No,No,0,0,1,2011,12,Dec,2011-12-01,Q4,363,Été,21.25,7.5,19.5,54.0,1014.65,Sec (≤1 mm),157.5,-0.8283333333333331,-1.0820833333333333,-0.24045740922106726,-0.4811973445156084,,0,0,0,0
2011-12-30,17.1,25.1,0.6,8.8,11.7,ESE,37.0,W,ESE,13,20,74,48,1019.4,1019.5,5,4,19.3,23.9,No,No,0,0,1,2011,12,Dec,2011-12-01,Q4,364,Été,21.1,8.0,16.5,61.0,1019.45,Sec (≤1 mm),112.5,-0.7283333333333317,-1.4820833333333319,-0.21142834573361405,-0.6590754541555709,,0,0,0,0
2011-12-31,16.9,23.6,0.0,7.0,5.8,ENE,28.0,W,E,13,19,69,54,1020.8,1018.8,5,4,20.5,22.8,No,No,0,0,1,2011,12,Dec,2011-12-01,Q4,365,Été,20.25,6.700000000000003,16.0,61.5,1019.8,Sec (≤1 mm),67.5,-2.2283333333333317,-1.6820833333333347,-0.646864298045406,-0.7480145089755537,,0,0,0,0
2012-01-01,16.0,25.3,0.0,5.6,13.1,ENE,41.0,NNW,ENE,17,26,56,48,1017.9,1015.3,5,4,22.2,25.0,No,No,0,0,1,2012,1,Jan,2012-01-01,Q1,1,Été,20.65,9.3,21.5,52.0,1016.5999999999999,Sec (≤1 mm),67.5,-2.1768953068592047,-4.30361010830325,-0.5679497710417029,-2.0259567579654507,,0,0,0,0
2012-01-02,18.1,26.5,0.0,10.2,13.2,NE,43.0,NNE,ENE,15,24,54,52,1018.4,1016.5,5,4,24.1,25.4,No,No,0,0,1,2012,1,Jan,2012-01-01,Q1,2,Été,22.3,8.399999999999999,19.5,53.0,1017.45,Sec (≤1 mm),45.0,-0.9768953068592054,-2.2036101083032484,-0.2548709917809035,-1.0373659970322209,,0,0,0,0
2012-01-03,20.6,26.8,0.0,7.2,12.6,NE,44.0,NE,NE,15,24,58,57,1018.3,1015.4,5,4,24.1,25.5,No,No,0,0,1,2012,1,Jan,2012-01-01,Q1,3,Été,23.700000000000003,6.199999999999999,19.5,57.5,1016.8499999999999,Sec (≤1 mm),45.0,-0.6768953068592047,0.29638989169675156,-0.17660129696570342,0.1395277659835281,,0,0,0,0
2012-01-04,20.7,29.4,0.0,13.4,8.4,S,67.0,E,E,15,9,69,59,1012.6,1010.2,5,4,25.0,27.8,No,No,0,0,1,2012,1,Jan,2012-01-01,Q1,4,Été,25.049999999999997,8.7,12.0,64.0,1011.4000000000001,Sec (≤1 mm),180.0,1.9231046931407931,0.39638989169674943,0.5017360580993616,0.18660351650415705,,0,0,0,0
2012-01-05,20.0,24.8,0.0,9.0,3.9,SSE,44.0,S,E,11,17,61,61,1018.0,1014.2,5,4,22.3,23.4,No,No,0,0,1,2012,1,Jan,2012-01-01,Q1,5,Été,22.4,4.800000000000001,14.0,61.0,1016.1,Sec (≤1 mm),157.5,-2.6768953068592047,-0.30361010830324986,-0.6983992624003693,-0.14292673714025234,,0,0,0,0
2012-01-06,18.5,22.4,0.8,6.6,3.4,SSW,56.0,S,SSE,24,28,75,57,1015.1,1016.4,5,4,19.3,21.5,No,No,0,0,1,2012,1,Jan,2012-01-01,Q1,6,Été,20.45,3.8999999999999986,26.0,66.0,1015.75,Sec (≤1 mm),202.5,-5.076895306859207,-1.8036101083032499,-1.324556820921969,-0.8490629949497017,,0,0,0,0
2012-01-07,15.1,24.8,0.0,7.2,12.7,ENE,43.0,W,ENE,11,28,64,52,1015.6,1012.1,5,4,20.0,23.8,No,No,0,0,1,2012,1,Jan,2012-01-01,Q1,7,Été,19.95,9.700000000000001,19.5,58.0,1013.85,Sec (≤1 mm),67.5,-2.6768953068592047,-5.20361010830325,-0.6983992624003693,-2.4496385126511204,,0,0,0,0
2012-01-08,20.0,26.4,0.0,8.8,1.0,NE,43.0,W,NNE,7,20,73,66,1009.3,1003.5,5,4,22.1,25.6,No,Yes,0,1,1,2012,1,Jan,2012-01-01,Q1,8,Été,23.2,6.399999999999999,13.5,69.5,1006.4,Sec (≤1 mm),45.0,-1.0768953068592069,-0.30361010830324986,-0.2809608900526372,-0.14292673714025234,,0,0,0,0
2012-01-09,20.8,27.5,31.6,3.0,12.5,S,41.0,SSW,ESE,22,24,79,59,1006.8,1005.7,5,4,22.4,25.8,Yes,No,1,0,1,2012,1,Jan,2012-01-01,Q1,9,Été,24.15,6.699999999999999,23.0,69.0,1006.25,Forte (>30),180.0,0.023104693140794552,0.49638989169675085,0.006027990936429439,0.23367926702478767,,0,0,0,0
2012-01-10,19.4,29.8,0.2,9.0,7.4,W,35.0,W,E,17,30,38,28,1009.7,1006.8,5,4,22.6,29.4,No,No,0,0,1,2012,1,Jan,2012-01-01,Q1,10,Été,24.6,10.400000000000002,23.5,33.0,1008.25,Sec (≤1 mm),270.0,2.3231046931407953,-0.9036101083032513,0.6060956511862954,-0.42538124026403273,,0,0,0,0
2012-01-11,19.7,27.6,0.0,8.6,10.9,WSW,70.0,WNW,W,15,39,36,18,1004.1,1001.5,5,4,23.5,26.9,No,No,0,0,1,2012,1,Jan,2012-01-01,Q1,11,Été,23.65,7.900000000000002,27.0,27.0,1002.8,Sec (≤1 mm),247.5,0.12310469314079597,-0.6036101083032506,0.0321178892081631,-0.28415398870214253,,0,0,0,0
2012-01-12,13.9,23.2,0.0,13.2,13.4,SW,43.0,WSW,SE,22,24,43,39,1015.7,1015.6,5,4,17.6,21.2,No,No,0,0,1,2012,1,Jan,2012-01-01,Q1,12,Été,18.55,9.299999999999999,23.0,41.0,1015.6500000000001,Sec (≤1 mm),225.0,-4.276895306859206,-6.4036101083032495,-1.1158376347481025,-3.0145475188986794,Froid extrême (Tmin),0,0,0,0
2012-01-13,14.7,25.0,0.0,7.8,11.3,ENE,43.0,WNW,E,15,26,56,52,1017.3,1013.5,5,4,19.7,24.1,No,No,0,0,1,2012,1,Jan,2012-01-01,Q1,13,Été,19.85,10.3,20.5,54.0,1015.4,Sec (≤1 mm),67.5,-2.4768953068592054,-5.603610108303251,-0.6462194658569029,-2.6379415147336407,,0,0,0,0
2012-01-14,18.4,23.4,0.0,9.4,0.2,ESE,39.0,SE,E,11,13,68,60,1017.2,1015.8,5,4,20.5,22.4,No,Yes,0,1,1,2012,1,Jan,2012-01-01,Q1,14,Été,20.9,5.0,12.0,64.0,1016.5,Sec (≤1 mm),112.5,-4.076895306859207,-1.9036101083032513,-1.063657838204636,-0.8961387454703323,,0,0,0,0
2012-01-15,17.3,22.9,29.0,11.0,1.2,ENE,56.0,ESE,ESE,28,24,95,67,1019.4,1019.2,5,4,17.8,21.9,Yes,Yes,1,1,1,2012,1,Jan,2012-01-01,Q1,15,Été,20.1,5.599999999999998,26.0,81.0,1019.3,Modérée (10-30),67.5,-4.576895306859207,-3.003610108303249,-1.1941073295633025,-1.413972001197261,,0,0,0,0
2012-01-16,17.5,24.3,18.6,3.4,9.5,E,39.0,NNW,E,13,26,84,70,1022.9,1022.1,5,4,20.4,23.2,Yes,Yes,1,1,1,2012,1,Jan,2012-01-01,Q1,16,Été,20.9,6.800000000000001,19.5,77.0,1022.5,Modérée (10-30),90.0,-3.1768953068592047,-2.80361010830325,-0.8288487537590358,-1.3198205001560013,,0,0,0,0
2012-01-17,18.7,26.1,6.0,6.0,12.3,ENE,35.0,ENE,E,20,20,59,61,1023.3,1021.1,5,4,23.9,25.0,Yes,No,1,0,1,2012,1,Jan,2012-01-01,Q1,17,Été,22.4,7.400000000000002,20.0,60.0,1022.2,Faible (1-10),67.5,-1.376895306859204,-1.6036101083032506,-0.3592305848678363,-0.7549114939084421,,0,0,0,0
2012-01-18,20.0,26.9,0.0,7.2,9.4,ENE,33.0,SSW,E,2,22,75,63,1017.6,1014.3,5,4,23.1,26.1,No,No,0,0,1,2012,1,Jan,2012-01-01,Q1,18,Été,23.45,6.899999999999999,12.0,69.0,1015.95,Sec (≤1 mm),67.5,-0.5768953068592069,-0.30361010830324986,-0.1505113986939707,-0.14292673714025234,,0,0,0,0
2012-01-20,20.7,25.7,0.0,7.0,7.2,E,28.0,SSE,E,19,19,75,58,1017.3,1015.0,5,4,23.1,25.2,No,No,0,0,1,2012,1,Jan,2012-01-01,Q1,20,Été,23.2,5.0,19.0,66.5,1016.15,Sec (≤1 mm),90.0,-1.7768953068592062,0.39638989169674943,-0.46359017795477003,0.18660351650415705,,0,0,0,1
2012-01-21,21.8,24.8,0.0,4.8,3.0,SE,31.0,E,NNE,13,2,73,82,1015.4,1015.8,5,4,22.6,22.6,No,Yes,0,1,1,2012,1,Jan,2012-01-01,Q1,21,Été,23.3,3.0,7.5,77.5,1015.5999999999999,Sec (≤1 mm),135.0,-2.6768953068592047,1.4963898916967509,-0.6983992624003693,0.7044367722310872,,0,0,0,0
2012-01-22,19.7,26.6,12.0,4.6,8.7,ESE,44.0,ESE,SE,31,24,65,50,1021.4,1021.5,5,4,22.9,25.7,Yes,No,1,0,1,2012,1,Jan,2012-01-01,Q1,22,Été,23.15,6.900000000000002,27.5,57.5,1021.45,Modérée (10-30),112.5,-0.876895306859204,-0.6036101083032506,-0.22878109350916984,-0.28415398870214253,,0,0,0,0
2012-01-23,19.6,24.5,0.2,9.8,7.0,W,41.0,ESE,ESE,30,20,60,55,1022.7,1021.1,5,4,22.9,23.5,No,No,0,0,1,2012,1,Jan,2012-01-01,Q1,23,Été,22.05,4.899999999999999,25.0,57.5,1021.9000000000001,Sec (≤1 mm),270.0,-2.9768953068592054,-0.7036101083032484,-0.7766689572155694,-0.3312297392227715,,0,0,0,0
2012-01-24,20.5,23.7,0.0,7.6,0.2,ESE,35.0,W,SSE,6,7,76,84,1018.5,1016.5,5,4,21.7,21.7,No,Yes,0,1,1,2012,1,Jan,2012-01-01,Q1,24,Été,22.1,3.1999999999999993,6.5,80.0,1017.5,Sec (≤1 mm),112.5,-3.776895306859206,0.19638989169675014,-0.9853881433894359,0.09245201546289747,,0,0,0,0
2012-01-25,20.7,24.5,7.2,2.4,0.0,NNE,35.0,NNE,E,7,13,84,91,1014.3,1013.0,5,4,23.7,22.7,Yes,Yes,1,1,1,2012,1,Jan,2012-01-01,Q1,25,Été,22.6,3.8000000000000007,10.0,87.5,1013.65,Faible (1-10),22.5,-2.9768953068592054,0.39638989169674943,-0.7766689572155694,0.18660351650415705,,0,0,0,0
2012-01-26,20.8,26.9,29.6,7.8,3.3,E,26.0,SSE,E,13,15,90,68,1014.0,1013.4,5,4,22.5,26.4,Yes,Yes,1,1,1,2012,1,Jan,2012-01-01,Q1,26,Été,23.85,6.099999999999998,14.0,79.0,1013.7,Modérée (10-30),90.0,-0.5768953068592069,0.49638989169675085,-0.1505113986939707,0.23367926702478767,,0,0,0,0
2012-01-27,21.8,25.3,2.0,2.8,2.5,ESE,46.0,ESE,ESE,30,28,80,70,1017.5,1016.8,5,4,23.5,24.1,Yes,No,1,0,1,2012,1,Jan,2012-01-01,Q1,27,Été,23.55,3.5,29.0,75.0,1017.15,Faible (1-10),112.5,-2.1768953068592047,1.4963898916967509,-0.5679497710417029,0.7044367722310872,,0,0,0,0
2012-01-28,21.6,26.6,0.2,6.2,3.5,ENE,31.0,ESE,E,19,19,68,81,1015.9,1013.2,5,4,23.5,23.7,No,No,0,0,1,2012,1,Jan,2012-01-01,Q1,28,Été,24.1,5.0,19.0,74.5,1014.55,Sec (≤1 mm),67.5,-0.876895306859204,1.2963898916967516,-0.22878109350916984,0.6102852711898277,,0,0,0,0
2012-01-29,22.0,27.3,0.0,6.6,6.4,NE,50.0,NNE,NE,20,28,74,62,1011.5,1008.8,5,4,23.8,26.1,No,Yes,0,1,1,2012,1,Jan,2012-01-01,Q1,29,Été,24.65,5.300000000000001,24.0,68.0,1010.15,Sec (≤1 mm),45.0,-0.17689530685920474,1.6963898916967501,-0.046151805607036966,0.7985882732723468,,0,0,0,0
2012-01-30,21.7,33.2,1.4,8.8,9.4,NNE,56.0,NE,NNW,17,24,69,52,1002.2,998.7,5,4,26.5,31.2,Yes,No,1,0,1,2012,1,Jan,2012-01-01,Q1,30,Été,27.450000000000003,11.500000000000004,20.5,60.5,1000.45,Faible (1-10),22.5,5.723104693140797,1.3963898916967494,1.493152192425228,0.6573610217104566,,0,0,0,0
2012-01-31,25.3,28.8,0.0,11.2,2.4,SSE,44.0,SW,SE,19,28,50,68,1005.2,1008.0,5,4,27.2,24.4,No,Yes,0,1,1,2012,1,Jan,2012-01-01,Q1,31,Été,27.05,3.5,23.5,59.0,1006.6,Sec (≤1 mm),157.5,1.3231046931407953,4.996389891696751,0.34519666846896246,2.3520880404531357,,0,0,0,0
2012-02-01,18.4,21.9,8.8,5.6,0.0,SE,48.0,SE,ESE,26,28,87,66,1014.4,1013.7,5,4,18.8,21.2,Yes,Yes,1,1,1,2012,2,Feb,2012-02-01,Q1,32,Été,20.15,3.5,27.0,76.5,1014.05,Faible (1-10),135.0,-4.9807843137254935,-1.786274509803924,-1.5632969554745728,-0.8514807916567555,,0,0,0,0
2012-02-02,18.5,20.2,5.4,2.8,0.0,ESE,39.0,SE,SE,17,17,72,82,1012.0,1010.5,5,4,20.1,18.5,Yes,Yes,1,1,1,2012,2,Feb,2012-02-01,Q1,33,Été,19.35,1.6999999999999993,17.0,77.0,1011.25,Faible (1-10),112.5,-6.680784313725493,-1.6862745098039227,-2.096868509051635,-0.8038128219811298,,0,0,0,0
2012-02-03,16.7,21.0,49.8,1.4,0.0,SSW,35.0,W,WSW,15,9,95,83,1006.8,1004.6,5,4,17.1,20.7,Yes,Yes,1,1,1,2012,2,Feb,2012-02-01,Q1,34,Été,18.85,4.300000000000001,12.0,89.0,1005.7,Forte (>30),202.5,-5.880784313725492,-3.4862745098039234,-1.8457760132506642,-1.661836276142382,,0,0,0,0
2012-02-04,17.0,25.9,6.0,0.2,10.7,ESE,24.0,WNW,ESE,13,17,92,61,1005.1,1003.6,5,4,19.9,25.6,Yes,No,1,0,1,2012,2,Feb,2012-02-01,Q1,35,Été,21.45,8.899999999999999,15.0,76.5,1004.35,Faible (1-10),112.5,-0.9807843137254935,-3.1862745098039227,-0.30783447646972023,-1.5188323671155064,,0,0,0,0
2012-02-05,18.2,26.8,0.2,6.6,13.0,NE,41.0,W,E,11,28,84,70,1003.9,1000.5,5,4,22.2,25.3,No,No,0,0,1,2012,2,Feb,2012-02-01,Q1,36,Été,22.5,8.600000000000001,19.5,77.0,1002.2,Sec (≤1 mm),45.0,-0.08078431372549133,-1.9862745098039234,-0.025355418693627767,-0.9468167310080055,,0,0,0,0
2012-02-06,20.4,24.8,0.0,8.8,7.5,S,59.0,S,SSW,24,37,76,63,1002.4,1002.9,5,4,22.3,23.8,No,Yes,0,1,1,2012,2,Feb,2012-02-01,Q1,37,Été,22.6,4.400000000000002,30.5,69.5,1002.65,Sec (≤1 mm),180.0,-2.0807843137254913,0.2137254901960759,-0.653086658196054,0.10187860185574657,,0,0,0,0
2012-02-07,19.4,24.0,2.2,5.6,0.6,ESE,39.0,SSW,ESE,13,28,91,63,1007.5,1007.2,5,4,19.6,23.2,Yes,Yes,1,1,1,2012,2,Feb,2012-02-01,Q1,38,Été,21.7,4.600000000000001,20.5,77.0,1007.35,Faible (1-10),112.5,-2.880784313725492,-0.7862745098039241,-0.9041791539970248,-0.3748010949005045,,0,0,0,0
2012-02-08,19.2,24.5,1.4,4.0,0.4,ESE,30.0,SE,ESE,17,19,68,66,1011.2,1011.5,5,4,22.3,23.2,Yes,No,1,0,1,2012,2,Feb,2012-02-01,Q1,39,Été,21.85,5.300000000000001,18.0,67.0,1011.35,Faible (1-10),112.5,-2.380784313725492,-0.9862745098039234,-0.7472463441214182,-0.47013703425175435,,0,0,0,0
2012-02-09,18.9,25.8,0.2,2.8,8.0,ENE,43.0,E,E,17,26,71,60,1013.7,1012.2,5,4,22.2,24.6,No,Yes,0,1,1,2012,2,Feb,2012-02-01,Q1,40,Été,22.35,6.900000000000002,21.5,65.5,1012.95,Sec (≤1 mm),67.5,-1.0807843137254913,-1.286274509803924,-0.3392210384448409,-0.61314094327863,,0,0,0,0
2012-02-10,19.9,25.7,3.8,5.8,4.4,NE,46.0,N,NE,17,24,74,63,1012.3,1009.9,5,4,22.3,24.3,Yes,Yes,1,1,1,2012,2,Feb,2012-02-01,Q1,41,Été,22.799999999999997,5.800000000000001,20.5,68.5,1011.0999999999999,Faible (1-10),45.0,-1.1807843137254928,-0.2862745098039241,-0.37060760041996266,-0.13646124652237895,,0,0,0,0
2012-02-11,19.6,25.3,2.2,6.8,7.9,SSW,46.0,WNW,W,7,11,87,81,1011.4,1010.7,5,4,20.4,18.1,Yes,Yes,1,1,1,2012,2,Feb,2012-02-01,Q1,42,Été,22.450000000000003,5.699999999999999,9.0,84.0,1011.05,Faible (1-10),202.5,-1.5807843137254913,-0.5862745098039213,-0.49615384832044745,-0.27946515554925294,,0,0,0,0
2012-02-12,16.6,25.8,3.2,4.8,8.7,E,31.0,WNW,E,15,19,80,60,1015.3,1013.4,5,4,19.7,25.0,Yes,Yes,1,1,1,2012,2,Feb,2012-02-01,Q1,43,Été,21.200000000000003,9.2,17.0,70.0,1014.3499999999999,Faible (1-10),90.0,-1.0807843137254913,-3.5862745098039213,-0.3392210384448409,-1.709504245818006,,0,0,0,0
2012-02-13,18.6,25.4,1.8,4.8,9.1,ENE,31.0,W,ESE,9,20,87,66,1018.2,1016.7,5,4,19.9,23.8,Yes,No,1,0,1,2012,2,Feb,2012-02-01,Q1,44,Été,22.0,6.799999999999997,14.5,76.5,1017.45,Faible (1-10),67.5,-1.4807843137254935,-1.5862745098039213,-0.4647672863453268,-0.756144852305504,,0,0,0,0
2012-02-14,19.2,24.8,0.0,4.0,7.2,ESE,31.0,S,ESE,6,19,83,59,1021.2,1020.3,5,4,20.8,23.3,No,No,0,0,1,2012,2,Feb,2012-02-01,Q1,45,Été,22.0,5.600000000000001,12.5,71.0,1020.75,Sec (≤1 mm),112.5,-2.0807843137254913,-0.9862745098039234,-0.653086658196054,-0.47013703425175435,,0,0,0,0
2012-02-15,19.1,25.3,0.6,5.0,10.8,E,28.0,E,ENE,15,19,56,52,1021.8,1019.9,5,4,22.7,25.0,No,No,0,0,1,2012,2,Feb,2012-02-01,Q1,46,Été,22.200000000000003,6.199999999999999,17.0,54.0,1020.8499999999999,Sec (≤1 mm),90.0,-1.5807843137254913,-1.0862745098039213,-0.49615384832044745,-0.5178050039273785,,0,0,0,0
2012-02-16,18.5,26.7,0.0,7.4,11.3,NE,41.0,N,NE,13,26,68,47,1020.0,1017.9,5,4,22.8,26.0,No,No,0,0,1,2012,2,Feb,2012-02-01,Q1,47,Été,22.6,8.2,19.5,57.5,1018.95,Sec (≤1 mm),45.0,-0.18078431372549275,-1.6862745098039227,-0.056741980668749525,-0.8038128219811298,,0,0,0,0
2012-02-17,19.0,27.4,0.0,8.6,7.6,ENE,39.0,ENE,ENE,7,22,62,67,1017.4,1015.7,5,4,23.8,24.0,No,No,0,0,1,2012,2,Feb,2012-02-01,Q1,48,Été,23.2,8.399999999999999,14.5,64.5,1016.55,Sec (≤1 mm),67.5,0.5192156862745065,-1.1862745098039227,0.16296395315709944,-0.5654729736030042,,0,0,0,0
2012-02-18,19.4,27.5,0.6,6.4,8.5,ESE,31.0,SSW,SSE,13,22,73,60,1017.2,1016.6,5,4,23.0,26.8,No,No,0,0,1,2012,2,Feb,2012-02-01,Q1,49,Été,23.45,8.100000000000001,17.5,66.5,1016.9000000000001,Sec (≤1 mm),112.5,0.619215686274508,-0.7862745098039241,0.19435051513222118,-0.3748010949005045,,0,0,0,0
2012-02-19,19.9,27.1,0.0,6.6,9.6,NNE,39.0,WNW,E,6,24,75,66,1017.9,1014.1,5,4,23.0,25.6,No,Yes,0,1,1,2012,2,Feb,2012-02-01,Q1,50,Été,23.5,7.200000000000003,15.0,70.5,1016.0,Sec (≤1 mm),22.5,0.21921568627450938,-0.2862745098039241,0.0688042672317364,-0.13646124652237895,,0,0,0,0
2012-02-20,19.5,28.2,15.6,12.6,8.6,SSE,33.0,W,SE,9,19,81,60,1011.8,1010.6,5,4,22.8,27.2,Yes,Yes,1,1,1,2012,2,Feb,2012-02-01,Q1,51,Été,23.85,8.7,14.0,70.5,1011.2,Modérée (10-30),157.5,1.3192156862745072,-0.6862745098039227,0.41405644895807014,-0.3271331252248787,,0,0,0,0
2012-02-21,19.6,25.7,6.2,4.2,9.8,SSE,57.0,SSW,S,20,35,82,60,1010.3,1010.9,5,4,20.9,24.9,Yes,No,1,0,1,2012,2,Feb,2012-02-01,Q1,52,Été,22.65,6.099999999999998,27.5,71.0,1010.5999999999999,Faible (1-10),157.5,-1.1807843137254928,-0.5862745098039213,-0.37060760041996266,-0.27946515554925294,,0,0,0,0
2012-02-22,17.3,26.5,0.2,7.0,10.7,SE,33.0,WSW,SE,13,22,69,55,1016.1,1015.4,5,4,20.1,25.8,No,No,0,0,1,2012,2,Feb,2012-02-01,Q1,53,Été,21.9,9.2,17.5,62.0,1015.75,Sec (≤1 mm),135.0,-0.38078431372549204,-2.886274509803922,-0.11951510461899192,-1.3758284580886306,,0,0,0,0
2012-02-23,18.2,26.9,0.0,5.6,12.2,ENE,31.0,W,ENE,11,22,77,59,1019.8,1018.3,5,4,21.5,25.6,No,No,0,0,1,2012,2,Feb,2012-02-01,Q1,54,Été,22.549999999999997,8.7,16.5,68.0,1019.05,Sec (≤1 mm),67.5,0.019215686274506538,-1.9862745098039234,0.006031143281492874,-0.9468167310080055,,0,0,0,0
2012-02-24,20.6,27.5,0.0,7.6,12.0,ENE,33.0,WNW,E,11,22,78,61,1022.6,1022.4,5,4,22.7,26.9,No,No,0,0,1,2012,2,Feb,2012-02-01,Q1,55,Été,24.05,6.899999999999999,16.5,69.5,1022.5,Sec (≤1 mm),67.5,0.619215686274508,0.41372549019607874,0.19435051513222118,0.19721454120699813,,0,0,0,0
2012-02-25,18.9,26.6,0.0,8.0,11.3,ENE,43.0,ESE,ENE,2,28,71,60,1023.6,1021.4,5,4,23.3,25.5,No,No,0,0,1,2012,2,Feb,2012-02-01,Q1,56,Été,22.75,7.700000000000003,15.0,65.5,1022.5,Sec (≤1 mm),67.5,-0.2807843137254906,-1.286274509803924,-0.08812854264387017,-0.61314094327863,,0,0,0,0
2012-02-26,21.9,26.8,0.0,7.6,0.9,NNE,44.0,NE,NE,11,19,80,66,1020.8,1018.4,5,4,22.8,25.6,No,No,0,0,1,2012,2,Feb,2012-02-01,Q1,57,Été,24.35,4.900000000000002,15.0,73.0,1019.5999999999999,Sec (≤1 mm),22.5,-0.08078431372549133,1.713725490196076,-0.025355418693627767,0.8168981469901231,,0,0,0,0
2012-02-27,21.9,28.0,0.0,5.0,6.1,ENE,37.0,NE,ENE,6,22,73,55,1017.4,1014.8,5,4,23.6,27.5,No,No,0,0,1,2012,2,Feb,2012-02-01,Q1,58,Été,24.95,6.100000000000001,14.0,64.0,1016.0999999999999,Sec (≤1 mm),67.5,1.119215686274508,1.713725490196076,0.3512833250078278,0.8168981469901231,,0,0,0,0
2012-02-28,23.5,33.4,0.0,7.4,4.3,WNW,31.0,E,ESE,6,20,66,44,1013.3,1011.0,5,4,26.2,31.9,No,Yes,0,1,1,2012,2,Feb,2012-02-01,Q1,59,Été,28.45,9.899999999999999,13.0,55.0,1012.15,Sec (≤1 mm),292.5,6.5192156862745065,3.3137254901960773,2.0461576716643783,1.5795856618001254,,0,0,0,0
2012-02-29,20.2,22.0,2.8,4.8,0.0,SE,52.0,SSW,SSW,20,15,89,92,1013.9,1012.5,5,4,20.5,21.1,Yes,Yes,1,1,1,2012,2,Feb,2012-02-01,Q1,60,Été,21.1,1.8000000000000007,17.5,90.5,1013.2,Faible (1-10),135.0,-4.880784313725492,0.013725490196076606,-1.531910393499451,0.006542662504496693,,0,0,0,0
2012-03-01,20.1,29.5,27.6,1.6,2.1,SSW,67.0,NNW,ENE,17,17,90,58,1007.7,1001.4,5,4,21.3,29.2,Yes,Yes,1,1,1,2012,3,Mar,2012-03-01,Q1,61,Automne,24.8,9.399999999999999,17.0,74.0,1004.55,Modérée (10-30),202.5,3.618709677419357,1.24258064516129,1.4770406897360988,0.5791814469182913,,0,0,0,0
2012-03-02,18.6,20.9,16.0,4.6,0.0,SSW,65.0,SSE,SE,17,20,88,83,1013.4,1015.4,5,4,19.5,19.4,Yes,Yes,1,1,1,2012,3,Mar,2012-03-01,Q1,62,Automne,19.75,2.299999999999997,18.5,85.5,1014.4,Modérée (10-30),202.5,-4.981290322580644,-0.25741935483871003,-2.0332022045734375,-0.11998618760145306,,0,0,0,0
2012-03-03,18.0,22.6,16.8,2.8,0.0,ENE,48.0,E,NNE,26,17,66,81,1019.6,1018.5,5,4,20.9,19.9,Yes,Yes,1,1,1,2012,3,Mar,2012-03-01,Q1,63,Automne,20.3,4.600000000000001,21.5,73.5,1019.05,Modérée (10-30),67.5,-3.2812903225806416,-0.8574193548387115,-1.339316981279691,-0.3996532414093515,,0,0,0,0
2012-03-04,18.9,27.3,2.2,2.0,7.0,NE,41.0,N,NE,11,24,75,65,1014.3,1009.8,5,4,22.4,26.4,Yes,Yes,1,1,1,2012,3,Mar,2012-03-01,Q1,64,Automne,23.1,8.400000000000002,17.5,70.0,1012.05,Faible (1-10),45.0,1.4187096774193577,0.04258064516128712,0.5790715772383109,0.019847339302494476,,0,0,0,0
2012-03-05,20.0,27.4,14.8,5.8,11.0,SSE,39.0,SW,SE,17,26,59,58,1013.4,1014.0,5,4,22.7,25.9,Yes,No,1,0,1,2012,3,Mar,2012-03-01,Q1,65,Automne,23.7,7.399999999999999,21.5,58.5,1013.7,Modérée (10-30),157.5,1.5187096774193556,1.1425806451612885,0.6198883550791187,0.532570271283641,,0,0,0,0
2012-03-06,19.5,24.7,0.0,8.4,9.4,SSE,44.0,S,SSE,17,28,66,53,1018.8,1018.0,5,4,21.4,23.9,No,No,0,0,1,2012,3,Mar,2012-03-01,Q1,66,Automne,22.1,5.199999999999999,22.5,59.5,1018.4,Sec (≤1 mm),157.5,-1.1812903225806437,0.6425806451612885,-0.4821646466227121,0.29951439311039285,,0,0,0,0
2012-03-07,17.1,23.3,0.0,6.6,7.8,SSW,54.0,SSW,S,33,22,62,60,1018.1,1015.7,5,4,19.0,21.3,No,Yes,0,1,1,2012,3,Mar,2012-03-01,Q1,67,Automne,20.200000000000003,6.199999999999999,27.5,61.0,1016.9000000000001,Sec (≤1 mm),202.5,-2.5812903225806423,-1.75741935483871,-1.0535995363940314,-0.8191538221211974,,0,0,0,0
2012-03-08,15.0,21.2,109.4,4.8,2.3,NW,54.0,W,WSW,30,15,96,71,1005.4,1005.9,5,4,15.6,20.1,Yes,Yes,1,1,1,2012,3,Mar,2012-03-01,Q1,68,Automne,18.1,6.199999999999999,22.5,83.5,1005.65,Forte (>30),315.0,-4.681290322580644,-3.8574193548387115,-1.9107518710510116,-1.7979885104488402,,1,0,0,0
2012-03-09,14.9,28.4,18.0,1.2,10.7,WSW,48.0,W,W,13,24,75,39,1008.8,1007.9,5,4,18.5,27.0,Yes,No,1,0,1,2012,3,Mar,2012-03-01,Q1,69,Automne,21.65,13.499999999999998,18.5,57.0,1008.3499999999999,Modérée (10-30),247.5,2.5187096774193556,-3.957419354838711,1.0280561334872043,-1.8445996860834897,,0,0,0,0
2012-03-10,17.0,26.5,0.0,5.0,10.8,ESE,43.0,W,SE,11,26,82,61,1013.5,1014.4,5,4,20.1,24.7,No,No,0,0,1,2012,3,Mar,2012-03-01,Q1,70,Automne,21.75,9.5,18.5,71.5,1013.95,Sec (≤1 mm),112.5,0.618709677419357,-1.8574193548387115,0.2525373545118422,-0.8657649977558477,,0,0,0,0
2012-03-11,17.5,24.0,0.0,6.4,10.9,ENE,30.0,W,E,13,20,71,59,1019.0,1016.8,5,4,20.4,23.0,No,No,0,0,1,2012,3,Mar,2012-03-01,Q1,71,Automne,20.75,6.5,16.5,65.0,1017.9,Sec (≤1 mm),67.5,-1.881290322580643,-1.3574193548387115,-0.7678820915083717,-0.6327091195825996,,0,0,0,0
2012-03-12,19.9,24.0,0.0,6.8,2.3,ENE,43.0,ESE,ENE,4,26,76,64,1020.2,1020.0,5,4,22.6,23.2,No,No,0,0,1,2012,3,Mar,2012-03-01,Q1,72,Automne,21.95,4.100000000000001,15.0,70.0,1020.1,Sec (≤1 mm),67.5,-1.881290322580643,1.0425806451612871,-0.7678820915083717,0.4859590956489907,,0,0,0,0
2012-03-13,16.8,25.6,0.0,4.0,11.1,NE,37.0,W,E,13,19,78,57,1022.3,1020.0,5,4,20.1,24.1,No,No,0,0,1,2012,3,Mar,2012-03-01,Q1,73,Automne,21.200000000000003,8.8,16.0,67.5,1021.15,Sec (≤1 mm),45.0,-0.28129032258064157,-2.0574193548387107,-0.11481364605543422,-0.9589873490251466,,0,0,0,0
2012-03-14,18.1,25.2,0.0,6.8,7.5,E,39.0,W,E,7,24,85,79,1020.6,1018.0,5,4,20.2,23.0,No,No,0,0,1,2012,3,Mar,2012-03-01,Q1,74,Automne,21.65,7.099999999999998,15.5,82.0,1019.3,Sec (≤1 mm),90.0,-0.6812903225806437,-0.75741935483871,-0.27808075741866933,-0.35304206577470115,,0,0,0,0
2012-03-15,20.2,26.2,0.0,4.6,8.5,NNE,44.0,ENE,NE,13,22,80,60,1017.2,1014.5,5,4,22.5,25.4,No,No,0,0,1,2012,3,Mar,2012-03-01,Q1,75,Automne,23.2,6.0,17.5,70.0,1015.85,Sec (≤1 mm),22.5,0.3187096774193563,1.3425806451612878,0.13008702098941624,0.6257926225529399,,0,0,0,0
2012-03-16,20.1,28.0,0.0,7.8,10.3,NNE,43.0,ESE,ENE,6,15,81,69,1012.8,1009.4,5,4,22.6,25.5,No,Yes,0,1,1,2012,3,Mar,2012-03-01,Q1,76,Automne,24.05,7.899999999999999,10.5,75.0,1011.0999999999999,Sec (≤1 mm),22.5,2.118709677419357,1.24258064516129,0.8647890221239706,0.5791814469182913,,0,0,0,0
2012-03-17,18.6,20.2,41.8,7.4,0.2,SSW,50.0,SSW,S,24,22,94,88,1014.0,1015.1,5,4,18.6,19.4,Yes,Yes,1,1,1,2012,3,Mar,2012-03-01,Q1,77,Automne,19.4,1.5999999999999979,23.0,91.0,1014.55,Forte (>30),202.5,-5.681290322580644,-0.25741935483871003,-2.3189196494590973,-0.11998618760145306,,0,0,0,0
2012-03-18,17.1,23.0,2.4,3.8,7.2,S,57.0,SW,SSW,15,28,66,64,1022.3,1022.3,5,4,19.4,21.6,Yes,Yes,1,1,1,2012,3,Mar,2012-03-01,Q1,78,Automne,20.05,5.899999999999999,21.5,65.0,1022.3,Faible (1-10),180.0,-2.881290322580643,-1.75741935483871,-1.1760498699164572,-0.8191538221211974,,0,0,0,0
2012-03-19,17.6,24.4,12.0,6.0,5.2,ESE,43.0,SE,SE,19,22,72,57,1023.7,1022.7,5,4,21.1,23.2,Yes,Yes,1,1,1,2012,3,Mar,2012-03-01,Q1,79,Automne,21.0,6.799999999999997,20.5,64.5,1023.2,Modérée (10-30),112.5,-1.4812903225806444,-1.25741935483871,-0.604614980145138,-0.5860979439479493,,0,0,0,0
2012-03-20,18.9,24.7,1.2,3.6,5.6,E,31.0,SSW,E,6,19,84,53,1020.6,1016.7,5,4,19.6,24.0,Yes,No,1,0,1,2012,3,Mar,2012-03-01,Q1,80,Automne,21.799999999999997,5.800000000000001,12.5,68.5,1018.6500000000001,Faible (1-10),90.0,-1.1812903225806437,0.04258064516128712,-0.4821646466227121,0.019847339302494476,,0,0,0,0
2012-03-21,18.9,25.1,0.0,5.6,7.0,NE,37.0,NNW,NE,13,20,83,72,1010.8,1005.1,5,4,20.5,23.8,No,No,0,0,1,2012,3,Mar,2012-03-01,Q1,81,Automne,22.0,6.200000000000003,16.5,77.5,1007.95,Sec (≤1 mm),45.0,-0.7812903225806416,0.04258064516128712,-0.318897535259477,0.019847339302494476,,0,0,0,0
2012-03-22,18.3,20.0,0.0,4.8,0.0,S,63.0,SSW,SSW,17,13,79,75,1009.5,1007.9,5,4,18.6,19.1,No,No,0,0,1,2012,3,Mar,2012-03-01,Q1,82,Automne,19.15,1.6999999999999993,15.0,77.0,1008.7,Sec (≤1 mm),180.0,-5.881290322580643,-0.5574193548387107,-2.400553205140714,-0.25981971450540225,,0,0,0,0
2012-03-23,17.6,26.3,0.4,1.4,10.9,W,57.0,WNW,WNW,11,20,84,31,1003.6,1001.7,5,4,19.5,26.1,No,No,0,0,1,2012,3,Mar,2012-03-01,Q1,83,Automne,21.950000000000003,8.7,15.5,57.5,1002.6500000000001,Sec (≤1 mm),270.0,0.4187096774193577,-1.25741935483871,0.17090379883022538,-0.5860979439479493,,0,0,0,0
2012-03-24,13.9,25.2,0.0,6.6,11.1,W,44.0,W,S,22,15,47,26,1012.6,1011.8,5,4,16.1,24.2,No,No,0,0,1,2012,3,Mar,2012-03-01,Q1,84,Automne,19.55,11.299999999999999,18.5,36.5,1012.2,Sec (≤1 mm),270.0,-0.6812903225806437,-4.957419354838711,-0.27808075741866933,-2.310711442429986,,0,0,0,0
2012-03-25,14.5,23.2,0.0,7.8,5.7,SE,28.0,WNW,SE,13,15,76,55,1022.1,1021.0,5,4,16.5,20.8,No,No,0,0,1,2012,3,Mar,2012-03-01,Q1,85,Automne,18.85,8.7,14.0,65.5,1021.55,Sec (≤1 mm),135.0,-2.6812903225806437,-4.3574193548387115,-1.0944163142348404,-2.0310443886220884,,0,0,0,0
2012-03-26,16.2,23.0,0.4,3.4,9.7,NE,37.0,SSW,ENE,2,22,77,60,1023.6,1021.2,5,4,19.5,22.7,No,No,0,0,1,2012,3,Mar,2012-03-01,Q1,86,Automne,19.6,6.800000000000001,12.0,68.5,1022.4000000000001,Sec (≤1 mm),45.0,-2.881290322580643,-2.657419354838712,-1.1760498699164572,-1.238654402833045,,0,0,0,0
2012-03-27,17.7,24.6,0.4,5.6,7.6,N,33.0,WNW,E,9,15,69,65,1023.6,1021.9,5,4,20.6,23.1,No,No,0,0,1,2012,3,Mar,2012-03-01,Q1,87,Automne,21.15,6.900000000000002,12.0,67.0,1022.75,Sec (≤1 mm),0.0,-1.2812903225806416,-1.1574193548387122,-0.5229814244635198,-0.5394867683133007,,0,0,0,0
2012-03-28,19.4,22.5,0.0,5.6,0.4,E,31.0,E,ENE,9,6,77,84,1023.2,1020.3,5,4,20.4,20.4,No,Yes,0,1,1,2012,3,Mar,2012-03-01,Q1,88,Automne,20.95,3.1000000000000014,7.5,80.5,1021.75,Sec (≤1 mm),90.0,-3.381290322580643,0.5425806451612871,-1.3801337591205,0.25290321747574257,,0,0,0,0
2012-03-29,17.5,26.5,6.2,3.4,10.2,ENE,26.0,WNW,E,15,22,75,60,1019.4,1016.6,5,4,20.1,23.9,Yes,No,1,0,1,2012,3,Mar,2012-03-01,Q1,89,Automne,22.0,9.0,18.5,67.5,1018.0,Faible (1-10),67.5,0.618709677419357,-1.3574193548387115,0.2525373545118422,-0.6327091195825996,,0,0,0,0
2012-03-30,16.7,24.8,0.2,4.0,7.2,W,22.0,W,ESE,19,13,84,55,1019.1,1016.9,5,4,17.5,24.3,No,No,0,0,1,2012,3,Mar,2012-03-01,Q1,90,Automne,20.75,8.100000000000001,16.0,69.5,1018.0,Sec (≤1 mm),270.0,-1.0812903225806423,-2.157419354838712,-0.44134786878190296,-1.005598524659797,,0,0,0,0
2012-03-31,16.1,27.0,0.0,3.4,10.7,E,22.0,WNW,E,13,15,81,56,1018.9,1016.7,5,4,18.9,24.6,No,No,0,0,1,2012,3,Mar,2012-03-01,Q1,91,Automne,21.55,10.899999999999999,14.0,68.5,1017.8,Sec (≤1 mm),90.0,1.118709677419357,-2.75741935483871,0.456621243715885,-1.2852655784676936,,0,0,0,0
2012-04-01,16.2,25.4,0.0,5.6,8.1,WSW,39.0,WNW,E,9,17,67,59,1018.3,1015.0,5,4,21.0,23.7,No,No,0,0,1,2012,4,Apr,2012-04-01,Q2,92,Automne,20.799999999999997,9.2,13.0,63.0,1016.65,Sec (≤1 mm),247.5,1.9083018867924508,0.8407547169811327,0.6845324601293595,0.3668640010106097,,0,0,0,0
2012-04-02,17.6,26.7,0.6,3.8,10.6,W,20.0,W,ESE,9,15,75,64,1017.8,1014.7,5,4,21.7,24.0,No,No,0,0,1,2012,4,Apr,2012-04-01,Q2,93,Automne,22.15,9.099999999999998,12.0,69.5,1016.25,Sec (≤1 mm),270.0,3.2083018867924515,2.240754716981135,1.1508592003203122,0.9777551337526935,,0,0,0,0
2012-04-03,16.8,26.5,0.0,3.0,8.6,W,24.0,WNW,NE,13,17,88,56,1016.0,1013.6,5,4,18.6,25.6,No,No,0,0,1,2012,4,Apr,2012-04-01,Q2,94,Automne,21.65,9.7,15.0,72.0,1014.8,Sec (≤1 mm),270.0,3.0083018867924523,1.440754716981134,1.0791166249063198,0.6286744864715029,,0,0,0,0
2012-04-04,18.6,25.7,0.0,6.0,10.8,ENE,31.0,NE,NE,11,17,60,62,1017.8,1016.3,5,4,24.6,24.5,No,No,0,0,1,2012,4,Apr,2012-04-01,Q2,95,Automne,22.15,7.099999999999998,14.0,61.0,1017.05,Sec (≤1 mm),67.5,2.2083018867924515,3.240754716981135,0.7921463232503488,1.4141059428541813,,0,0,0,0
2012-04-05,19.0,25.6,0.0,3.2,10.4,ENE,28.0,SSE,E,2,20,64,54,1021.3,1019.2,5,4,23.8,24.4,No,No,0,0,1,2012,4,Apr,2012-04-01,Q2,96,Automne,22.3,6.600000000000001,11.0,59.0,1020.25,Sec (≤1 mm),67.5,2.1083018867924537,3.6407547169811334,0.7562750355433533,1.5886462664947758,,0,0,0,0
2012-04-06,17.6,25.1,0.0,6.6,10.3,ENE,33.0,W,ENE,6,20,67,45,1021.6,1017.2,5,4,22.3,24.1,No,No,0,0,1,2012,4,Apr,2012-04-01,Q2,97,Automne,21.35,7.5,13.0,56.0,1019.4000000000001,Sec (≤1 mm),67.5,1.6083018867924537,2.240754716981135,0.5769185970083716,0.9777551337526935,,0,0,0,0
2012-04-07,18.2,28.3,0.0,8.0,9.2,SSE,57.0,WSW,SSE,15,31,69,59,1015.2,1016.9,5,4,21.5,23.3,No,No,0,0,1,2012,4,Apr,2012-04-01,Q2,98,Automne,23.25,10.100000000000001,23.0,64.0,1016.05,Sec (≤1 mm),157.5,4.808301886792453,2.8407547169811327,1.724799803632254,1.2395656192135853,,0,0,0,0
2012-04-08,20.1,24.3,0.0,8.0,0.5,W,44.0,NE,NE,17,15,62,72,1019.2,1013.6,5,4,22.0,23.4,No,Yes,0,1,1,2012,4,Apr,2012-04-01,Q2,99,Automne,22.200000000000003,4.199999999999999,16.0,67.0,1016.4000000000001,Sec (≤1 mm),270.0,0.808301886792453,4.740754716981135,0.28994829535240063,2.068632156506413,,0,0,0,0
2012-04-09,14.1,24.8,6.4,3.8,10.7,SSE,61.0,WSW,W,28,19,41,28,1016.6,1013.6,5,4,17.6,24.6,Yes,No,1,0,1,2012,4,Apr,2012-04-01,Q2,100,Automne,19.45,10.700000000000001,23.5,34.5,1015.1,Faible (1-10),157.5,1.308301886792453,-1.259245283018867,0.4693047338873823,-0.5494726981025146,,0,0,0,0
2012-04-10,10.1,19.1,0.0,7.0,10.2,SW,65.0,SSW,SSW,31,33,45,40,1024.5,1025.9,5,4,15.5,18.0,No,No,0,0,1,2012,4,Apr,2012-04-01,Q2,101,Automne,14.600000000000001,9.000000000000002,32.0,42.5,1025.2,Sec (≤1 mm),225.0,-4.391698113207546,-5.259245283018867,-1.5753586654114087,-2.294875934508466,,0,0,0,0
2012-04-11,10.4,20.2,0.0,6.0,6.1,SSW,54.0,SSW,SSW,24,31,59,55,1030.6,1029.7,5,4,15.6,19.9,No,Yes,0,1,1,2012,4,Apr,2012-04-01,Q2,102,Automne,15.3,9.799999999999999,27.5,57.0,1030.15,Sec (≤1 mm),202.5,-3.2916981132075485,-4.959245283018866,-1.1807745006344497,-2.1639706917780193,,0,0,0,0
2012-04-12,13.0,22.8,7.2,2.8,10.1,W,41.0,W,SE,17,15,80,54,1032.8,1030.9,5,4,16.4,22.2,Yes,No,1,0,1,2012,4,Apr,2012-04-01,Q2,103,Automne,17.9,9.8,16.0,67.0,1031.85,Faible (1-10),270.0,-0.691698113207547,-2.3592452830188666,-0.24812102025254443,-1.0294585881141511,,0,0,0,0
2012-04-13,12.4,24.7,0.0,3.8,11.0,ENE,28.0,WNW,ENE,17,20,75,54,1031.9,1028.1,5,4,16.4,22.4,No,No,0,0,1,2012,4,Apr,2012-04-01,Q2,104,Automne,18.55,12.299999999999999,18.5,64.5,1030.0,Sec (≤1 mm),67.5,1.2083018867924515,-2.9592452830188662,0.4334334461803855,-1.2912690735750436,,0,0,0,0
2012-04-14,14.7,24.4,0.0,4.8,7.9,ENE,30.0,W,ENE,4,17,74,63,1028.2,1024.0,5,4,18.9,22.0,No,No,0,0,1,2012,4,Apr,2012-04-01,Q2,105,Automne,19.549999999999997,9.7,10.5,68.5,1026.1,Sec (≤1 mm),67.5,0.9083018867924508,-0.6592452830188673,0.3258195830593962,-0.28766221264162206,,0,0,0,0
2012-04-15,17.0,25.4,0.0,3.8,4.6,W,22.0,WNW,ENE,19,11,65,72,1025.2,1022.4,5,4,20.2,22.5,No,No,0,0,1,2012,4,Apr,2012-04-01,Q2,106,Automne,21.2,8.399999999999999,15.0,68.5,1023.8,Sec (≤1 mm),270.0,1.9083018867924508,1.6407547169811334,0.6845324601293595,0.7159446482918003,,0,0,0,0
2012-04-16,15.9,25.8,0.0,4.8,7.8,S,35.0,WNW,SSE,11,20,63,58,1023.9,1021.7,5,4,19.0,23.5,No,Yes,0,1,1,2012,4,Apr,2012-04-01,Q2,107,Automne,20.85,9.9,15.5,60.5,1022.8,Sec (≤1 mm),180.0,2.308301886792453,0.5407547169811338,0.8280176109573457,0.23595875828016377,,0,0,0,0
2012-04-17,17.3,21.4,23.6,5.0,0.0,ESE,56.0,SSE,SE,20,9,91,85,1022.9,1020.6,5,4,18.6,19.1,Yes,Yes,1,1,1,2012,4,Apr,2012-04-01,Q2,108,Automne,19.35,4.099999999999998,14.5,88.0,1021.75,Modérée (10-30),112.5,-2.091698113207549,1.940754716981134,-0.7503190481504939,0.8468498910222468,,0,0,0,0
2012-04-18,17.2,21.1,48.8,3.2,0.2,NE,54.0,WSW,ENE,9,35,95,81,1021.1,1018.3,5,4,17.6,20.5,Yes,Yes,1,1,1,2012,4,Apr,2012-04-01,Q2,109,Automne,19.15,3.900000000000002,22.0,88.0,1019.7,Forte (>30),45.0,-2.3916981132075463,1.8407547169811327,-0.8579329112714819,0.8032148101120975,,0,0,0,0
2012-04-19,17.5,23.8,56.0,4.8,3.3,ENE,31.0,ENE,E,2,13,92,82,1019.7,1016.2,5,4,19.5,21.5,Yes,No,1,0,1,2012,4,Apr,2012-04-01,Q2,110,Automne,20.65,6.300000000000001,7.5,87.0,1017.95,Forte (>30),67.5,0.30830188679245296,2.1407547169811334,0.11059185681741894,0.9341200528425442,,1,0,0,0
2012-04-20,17.4,25.1,0.8,1.0,8.5,W,41.0,W,ENE,9,9,91,72,1016.5,1014.4,5,4,19.1,24.0,No,No,0,0,1,2012,4,Apr,2012-04-01,Q2,111,Automne,21.25,7.700000000000003,9.0,81.5,1015.45,Sec (≤1 mm),270.0,1.6083018867924537,2.040754716981132,0.5769185970083716,0.8904849719323947,,0,0,0,0
2012-04-21,18.2,24.9,0.0,4.0,5.6,SSW,26.0,SSW,SSE,19,19,92,72,1015.5,1012.8,5,4,19.8,23.4,No,No,0,0,1,2012,4,Apr,2012-04-01,Q2,112,Automne,21.549999999999997,6.699999999999999,19.0,82.0,1014.15,Sec (≤1 mm),202.5,1.4083018867924508,2.8407547169811327,0.5051760215943779,1.2395656192135853,,0,0,0,0
2012-04-23,17.6,19.5,0.0,1.6,0.1,NW,33.0,NW,N,20,15,81,85,1014.0,1011.0,5,4,19.4,19.1,No,Yes,0,1,1,2012,4,Apr,2012-04-01,Q2,114,Automne,18.55,1.8999999999999986,17.5,83.0,1012.5,Sec (≤1 mm),315.0,-3.9916981132075477,2.240754716981135,-1.4318735145834238,0.9777551337526935,,0,0,0,1
2012-04-24,15.6,25.3,1.6,1.0,7.6,NW,74.0,W,W,13,41,79,47,1011.7,1009.2,5,4,18.4,19.8,Yes,Yes,1,1,1,2012,4,Apr,2012-04-01,Q2,115,Automne,20.45,9.700000000000001,27.0,63.0,1010.45,Faible (1-10),315.0,1.808301886792453,0.24075471698113304,0.648661172422364,0.10505351554971712,,0,0,0,0
2012-04-25,10.8,19.9,3.2,4.0,10.2,W,65.0,WNW,W,24,35,48,32,1011.6,1007.8,5,4,13.5,19.4,Yes,No,1,0,1,2012,4,Apr,2012-04-01,Q2,116,Automne,15.35,9.099999999999998,29.5,40.0,1009.7,Faible (1-10),270.0,-3.591698113207549,-4.559245283018866,-1.288388363755439,-1.989430368137424,,0,0,0,0
2012-04-26,13.5,21.5,0.0,5.8,6.6,W,37.0,W,SSE,22,22,56,49,1018.5,1017.2,5,4,16.8,19.8,No,No,0,0,1,2012,4,Apr,2012-04-01,Q2,117,Automne,17.5,8.0,22.0,52.5,1017.85,Sec (≤1 mm),270.0,-1.9916981132075477,-1.8592452830188666,-0.7144477604434971,-0.8112831835634071,,0,0,0,0
2012-04-27,12.9,22.8,0.0,3.4,10.3,W,22.0,W,ESE,19,17,68,57,1022.0,1020.5,5,4,15.4,21.5,No,No,0,0,1,2012,4,Apr,2012-04-01,Q2,118,Automne,17.85,9.9,18.0,62.5,1021.25,Sec (≤1 mm),270.0,-0.691698113207547,-2.4592452830188662,-0.24812102025254443,-1.0730936690242996,,0,0,0,0
2012-04-28,13.8,24.2,0.0,2.4,5.2,N,24.0,W,NE,15,11,80,51,1022.0,1017.4,5,4,16.0,23.0,No,No,0,0,1,2012,4,Apr,2012-04-01,Q2,119,Automne,19.0,10.399999999999999,13.0,65.5,1019.7,Sec (≤1 mm),0.0,0.7083018867924515,-1.559245283018866,0.2540770076454038,-0.6803779408329605,,0,0,0,0
2012-04-29,13.1,19.1,0.0,3.0,6.6,S,56.0,SSW,SSE,17,28,73,52,1020.8,1021.9,5,4,17.7,18.7,No,No,0,0,1,2012,4,Apr,2012-04-01,Q2,120,Automne,16.1,6.000000000000002,22.5,62.5,1021.3499999999999,Sec (≤1 mm),180.0,-4.391698113207546,-2.259245283018867,-1.5753586654114087,-0.9858235072040025,,0,0,0,0
2012-04-30,10.9,20.2,0.0,5.4,3.5,W,30.0,W,ENE,20,11,70,43,1027.3,1025.0,5,4,13.5,19.9,No,No,0,0,1,2012,4,Apr,2012-04-01,Q2,121,Automne,15.55,9.299999999999999,15.5,56.5,1026.15,Sec (≤1 mm),270.0,-3.2916981132075485,-4.459245283018866,-1.1807745006344497,-1.9457952872272752,,0,0,0,0
2012-05-01,12.7,22.1,0.0,2.4,9.5,ENE,31.0,WNW,NE,9,20,76,55,1027.2,1023.2,5,4,15.5,21.4,No,No,0,0,1,2012,5,May,2012-05-01,Q2,122,Automne,17.4,9.400000000000002,14.5,65.5,1025.2,Sec (≤1 mm),67.5,0.9464516129032248,0.5893548387096761,0.36878110107256007,0.2818572712790249,,0,0,0,0
2012-05-02,12.4,22.3,0.0,3.6,9.0,W,31.0,W,ENE,15,20,79,64,1023.0,1018.4,5,4,15.6,22.1,No,No,0,0,1,2012,5,May,2012-05-01,Q2,123,Automne,17.35,9.9,17.5,71.5,1020.7,Sec (≤1 mm),270.0,1.146451612903224,0.28935483870967715,0.44671030443485954,0.13838312662139335,,0,0,0,0
2012-05-03,15.2,23.3,0.0,3.0,10.3,WSW,26.0,W,ESE,15,17,63,53,1019.7,1017.3,5,4,17.7,21.3,No,No,0,0,1,2012,5,May,2012-05-01,Q2,124,Automne,19.25,8.100000000000001,16.0,58.0,1018.5,Sec (≤1 mm),247.5,2.146451612903224,3.089354838709676,0.8363563212463584,1.4774751434259585,,0,0,0,0
2012-05-04,11.5,22.4,0.0,5.0,10.3,W,31.0,W,ESE,20,19,45,38,1020.6,1016.8,5,4,13.7,20.9,No,No,0,0,1,2012,5,May,2012-05-01,Q2,125,Automne,16.95,10.899999999999999,19.5,41.5,1018.7,Sec (≤1 mm),270.0,1.246451612903222,-0.6106451612903232,0.4856749061160086,-0.2920393073515029,,0,0,0,0
2012-05-05,11.8,20.9,0.0,3.0,6.8,SSW,48.0,W,S,20,26,64,55,1016.8,1013.2,5,4,15.1,20.3,No,No,0,0,1,2012,5,May,2012-05-01,Q2,126,Automne,16.35,9.099999999999998,23.0,59.5,1015.0,Sec (≤1 mm),202.5,-0.25354838709677807,-0.3106451612903225,-0.09879411910123959,-0.14856516269387054,,0,0,0,0
2012-05-06,10.8,21.3,0.0,4.2,10.3,W,37.0,W,NE,24,13,65,37,1016.9,1014.2,5,4,12.9,21.0,No,No,0,0,1,2012,5,May,2012-05-01,Q2,127,Automne,16.05,10.5,18.5,51.0,1015.55,Sec (≤1 mm),270.0,0.14645161290322406,-1.3106451612903225,0.05706428762336076,-0.626812311552644,,0,0,0,0
2012-05-07,11.2,18.5,0.0,3.0,0.7,SSW,30.0,W,SW,13,7,64,44,1018.2,1015.7,5,4,12.4,17.9,No,No,0,0,1,2012,5,May,2012-05-01,Q2,128,Automne,14.85,7.300000000000001,10.0,54.0,1016.95,Sec (≤1 mm),202.5,-2.6535483870967767,-0.9106451612903239,-1.0339445594488361,-0.4355134520091353,,0,0,0,0
2012-05-08,10.8,23.3,0.0,1.2,10.2,W,30.0,W,WNW,22,7,68,37,1018.7,1016.5,5,4,13.8,22.8,No,No,0,0,1,2012,5,May,2012-05-01,Q2,129,Automne,17.05,12.5,14.5,52.5,1017.6,Sec (≤1 mm),270.0,2.146451612903224,-1.3106451612903225,0.8363563212463584,-0.626812311552644,,0,0,0,0
2012-05-09,12.0,27.1,0.0,3.0,10.2,W,22.0,W,E,15,9,68,30,1021.1,1018.9,5,4,15.3,26.7,No,No,0,0,1,2012,5,May,2012-05-01,Q2,130,Automne,19.55,15.100000000000001,12.0,49.0,1020.0,Sec (≤1 mm),270.0,5.946451612903225,-0.1106451612903232,2.317011185130054,-0.052915732922116196,,0,0,0,0
2012-05-10,14.1,29.1,0.0,3.8,10.2,W,28.0,W,ESE,22,19,67,50,1021.7,1019.4,5,4,16.7,26.3,No,No,0,0,1,2012,5,May,2012-05-01,Q2,131,Automne,21.6,15.000000000000002,20.5,58.5,1020.55,Sec (≤1 mm),270.0,7.946451612903225,1.9893548387096764,3.0963032187530515,0.9514032796813079,Chaleur extrême,0,0,0,0
2012-05-11,14.3,24.9,0.0,4.0,5.2,W,28.0,W,E,9,7,63,43,1018.5,1013.8,5,4,16.5,24.7,No,No,0,0,1,2012,5,May,2012-05-01,Q2,132,Automne,19.6,10.599999999999998,8.0,53.0,1016.15,Sec (≤1 mm),270.0,3.746451612903222,2.1893548387096775,1.4597899481447556,1.047052709453063,,0,0,0,0
2012-05-12,13.8,20.7,0.0,2.6,6.8,WSW,54.0,WSW,WSW,17,6,60,28,1017.6,1014.1,5,4,15.1,19.2,No,No,0,0,1,2012,5,May,2012-05-01,Q2,133,Automne,17.25,6.899999999999999,11.5,44.0,1015.85,Sec (≤1 mm),247.5,-0.45354838709677736,1.6893548387096775,-0.17672332246353908,0.8079291350236764,,0,0,0,0
2012-05-13,9.9,18.1,0.0,5.4,10.1,W,70.0,WSW,W,31,39,42,35,1013.4,1011.5,5,4,13.5,16.8,No,No,0,0,1,2012,5,May,2012-05-01,Q2,134,Automne,14.0,8.200000000000001,35.0,38.5,1012.45,Sec (≤1 mm),270.0,-3.0535483870967752,-2.210645161290323,-1.189802966173435,-1.0572347455255402,,0,0,0,0
2012-05-14,9.1,18.6,0.0,4.6,10.1,W,43.0,W,SSW,20,22,49,40,1021.4,1021.5,5,4,11.8,17.2,No,No,0,0,1,2012,5,May,2012-05-01,Q2,135,Automne,13.850000000000001,9.500000000000002,21.0,44.5,1021.45,Sec (≤1 mm),270.0,-2.5535483870967752,-3.0106451612903236,-0.9949799577676857,-1.4398324646125593,,0,0,0,0
2012-05-15,8.5,20.2,0.0,3.2,9.9,W,35.0,W,SSE,24,20,56,41,1024.3,1021.9,5,4,12.1,19.1,No,No,0,0,1,2012,5,May,2012-05-01,Q2,136,Automne,14.35,11.7,22.0,48.5,1023.0999999999999,Sec (≤1 mm),270.0,-0.9535483870967774,-3.610645161290323,-0.37154633086928845,-1.7267807539278233,,0,0,0,0
2012-05-16,9.8,21.1,0.0,3.8,9.5,W,31.0,W,SSE,22,13,68,50,1025.0,1022.5,5,4,12.0,19.9,No,No,0,0,1,2012,5,May,2012-05-01,Q2,137,Automne,15.450000000000001,11.3,17.5,59.0,1023.75,Sec (≤1 mm),270.0,-0.05354838709677523,-2.3106451612903225,-0.020864915738938727,-1.1050594604114174,,0,0,0,0
2012-05-17,10.0,21.6,0.0,2.0,9.5,W,26.0,W,E,19,17,77,46,1025.0,1022.0,5,4,12.5,20.1,No,No,0,0,1,2012,5,May,2012-05-01,Q2,138,Automne,15.8,11.600000000000001,18.0,61.5,1023.5,Sec (≤1 mm),270.0,0.44645161290322477,-2.110645161290323,0.17395809266681067,-1.0094100306396632,,0,0,0,0
2012-05-18,10.5,23.1,0.0,1.8,9.7,W,22.0,W,E,17,11,82,40,1025.1,1021.1,5,4,12.4,22.2,No,No,0,0,1,2012,5,May,2012-05-01,Q2,139,Automne,16.8,12.600000000000001,14.0,61.0,1023.0999999999999,Sec (≤1 mm),270.0,1.9464516129032248,-1.6106451612903232,0.7584271178840588,-0.7702864562102764,,0,0,0,0
2012-05-19,10.4,21.1,0.0,3.8,9.0,W,30.0,W,WNW,24,9,71,37,1023.1,1020.3,5,4,12.4,20.4,No,No,0,0,1,2012,5,May,2012-05-01,Q2,140,Automne,15.75,10.700000000000001,16.5,54.0,1021.7,Sec (≤1 mm),270.0,-0.05354838709677523,-1.7106451612903228,-0.020864915738938727,-0.8181111710961536,,0,0,0,0
2012-05-20,10.4,16.4,0.0,3.0,0.4,W,30.0,WNW,SSW,19,13,75,82,1026.1,1024.1,5,4,13.0,15.0,No,No,0,0,1,2012,5,May,2012-05-01,Q2,141,Automne,13.399999999999999,5.999999999999998,16.0,78.5,1025.1,Sec (≤1 mm),270.0,-4.753548387096778,-1.7106451612903228,-1.8522011947529842,-0.8181111710961536,,0,0,0,0
2012-05-21,12.2,20.9,0.4,0.4,8.5,W,26.0,W,NNE,20,13,78,52,1025.5,1021.6,5,4,13.6,20.6,No,No,0,0,1,2012,5,May,2012-05-01,Q2,142,Automne,16.549999999999997,8.7,16.5,65.0,1023.55,Sec (≤1 mm),270.0,-0.25354838709677807,0.08935483870967609,-0.09879411910123959,0.04273369684963815,,0,0,0,0
2012-05-22,9.8,20.9,0.0,3.0,10.0,WNW,33.0,W,WNW,20,13,70,64,1024.2,1020.7,5,4,11.8,20.5,No,No,0,0,1,2012,5,May,2012-05-01,Q2,143,Automne,15.35,11.099999999999998,16.5,67.0,1022.45,Sec (≤1 mm),292.5,-0.25354838709677807,-2.3106451612903225,-0.09879411910123959,-1.1050594604114174,,0,0,0,0
2012-05-23,10.3,23.0,0.0,4.0,10.1,NW,24.0,W,N,11,17,69,88,1024.4,1020.2,5,4,13.2,21.7,No,No,0,0,1,2012,5,May,2012-05-01,Q2,144,Automne,16.65,12.7,14.0,78.5,1022.3000000000001,Sec (≤1 mm),315.0,1.8464516129032233,-1.8106451612903225,0.7194625162029085,-0.8659358859820308,,0,0,0,0
2012-05-24,9.6,17.1,0.0,4.0,2.4,W,37.0,WNW,W,7,7,79,93,1020.5,1018.7,5,4,12.2,13.7,No,Yes,0,1,1,2012,5,May,2012-05-01,Q2,145,Automne,13.350000000000001,7.500000000000002,7.0,86.0,1019.6,Sec (≤1 mm),270.0,-4.053548387096775,-2.5106451612903236,-1.5794489829849339,-1.2007088901831726,,0,0,0,0
2012-05-25,12.2,18.6,13.8,1.0,4.3,WNW,59.0,NNW,NNW,24,24,77,37,1012.5,1008.8,5,4,15.7,18.4,Yes,No,1,0,1,2012,5,May,2012-05-01,Q2,146,Automne,15.4,6.400000000000002,24.0,57.0,1010.65,Modérée (10-30),292.5,-2.5535483870967752,0.08935483870967609,-0.9949799577676857,0.04273369684963815,,0,0,0,0
2012-05-26,10.4,17.5,0.0,6.0,7.8,W,61.0,WNW,W,26,31,43,41,1013.9,1012.8,5,4,12.5,15.9,No,No,0,0,1,2012,5,May,2012-05-01,Q2,147,Automne,13.95,7.1,28.5,42.0,1013.3499999999999,Sec (≤1 mm),270.0,-3.6535483870967767,-1.7106451612903228,-1.423590576260335,-0.8181111710961536,,0,0,0,0
2012-05-27,10.0,19.3,0.2,3.4,9.2,SW,41.0,W,S,22,19,65,50,1020.3,1019.5,5,4,12.3,17.9,No,No,0,0,1,2012,5,May,2012-05-01,Q2,148,Automne,14.65,9.3,20.5,57.5,1019.9,Sec (≤1 mm),225.0,-1.853548387096776,-2.110645161290323,-0.7222277459996368,-1.0094100306396632,,0,0,0,0
2012-05-28,9.1,18.9,0.0,2.6,9.3,SSW,41.0,W,S,20,26,66,52,1026.5,1025.3,5,4,12.1,17.7,No,Yes,0,1,1,2012,5,May,2012-05-01,Q2,149,Automne,14.0,9.799999999999999,23.0,59.0,1025.9,Sec (≤1 mm),202.5,-2.253548387096778,-3.0106451612903236,-0.8780861527242372,-1.4398324646125593,,0,0,0,0
2012-05-29,11.3,18.1,21.4,3.0,2.2,SSW,30.0,NW,S,9,17,94,69,1031.6,1030.6,5,4,12.1,16.6,Yes,Yes,1,1,1,2012,5,May,2012-05-01,Q2,150,Automne,14.700000000000001,6.800000000000001,13.0,81.5,1031.1,Modérée (10-30),202.5,-3.0535483870967752,-0.8106451612903225,-1.189802966173435,-0.3876887371232573,,0,0,0,0
2012-05-30,10.4,18.5,1.4,1.0,6.6,W,26.0,W,SSE,19,13,80,63,1035.0,1032.5,5,4,12.8,17.3,Yes,No,1,0,1,2012,5,May,2012-05-01,Q2,151,Automne,14.45,8.1,16.0,71.5,1033.75,Faible (1-10),270.0,-2.6535483870967767,-1.7106451612903228,-1.0339445594488361,-0.8181111710961536,,0,0,0,0
2012-05-31,11.9,20.1,0.0,3.2,2.0,ENE,28.0,W,SSE,20,15,79,63,1033.6,1030.7,5,4,12.9,17.4,No,No,0,0,1,2012,5,May,2012-05-01,Q2,152,Automne,16.0,8.200000000000001,17.5,71.0,1032.15,Sec (≤1 mm),67.5,-1.0535483870967752,-0.21064516129032285,-0.4105109325504375,-0.10074044780799338,,0,0,0,0
2012-06-01,11.6,18.8,0.2,1.0,1.2,NNE,24.0,WNW,ESE,15,6,89,67,1029.6,1025.7,5,4,12.8,18.2,No,No,0,0,1,2012,6,Jun,2012-06-01,Q2,153,Hiver,15.2,7.200000000000001,10.5,78.0,1027.65,Sec (≤1 mm),22.5,0.4237931034482756,1.0617241379310336,0.20866297780429957,0.469803964985326,,0,0,0,0
2012-06-02,12.8,16.8,0.2,0.6,0.0,SSW,24.0,WNW,ESE,13,6,91,94,1022.3,1018.7,5,4,14.9,15.8,No,Yes,0,1,1,2012,6,Jun,2012-06-01,Q2,154,Hiver,14.8,4.0,9.5,92.5,1020.5,Sec (≤1 mm),202.5,-1.5762068965517244,2.2617241379310347,-0.7760768686277089,1.0007938312240197,,0,0,0,0
2012-06-03,14.0,15.3,27.4,1.6,0.0,SSE,24.0,WNW,SSE,11,15,96,94,1014.6,1010.6,5,4,14.2,15.2,Yes,Yes,1,1,1,2012,6,Jun,2012-06-01,Q2,155,Hiver,14.65,1.3000000000000007,13.0,95.0,1012.6,Modérée (10-30),157.5,-3.0762068965517244,3.461724137931034,-1.514631753451715,1.5317836974627124,,0,0,0,0
2012-06-04,12.8,20.6,11.2,0.2,8.1,W,35.0,W,WNW,13,9,91,57,1004.2,1000.4,5,4,14.3,18.7,Yes,No,1,0,1,2012,6,Jun,2012-06-01,Q2,156,Hiver,16.700000000000003,7.800000000000001,11.0,74.0,1002.3,Modérée (10-30),270.0,2.2237931034482763,2.2617241379310347,1.0949288395931074,1.0007938312240197,,0,0,0,0
2012-06-05,9.0,16.1,0.0,4.2,4.0,SSE,76.0,WNW,W,15,33,53,64,1000.4,1000.7,5,4,12.0,12.4,No,Yes,0,1,1,2012,6,Jun,2012-06-01,Q2,157,Hiver,12.55,7.100000000000001,24.0,58.5,1000.55,Sec (≤1 mm),157.5,-2.2762068965517237,-1.538275862068966,-1.1207358148789115,-0.6806740785318421,,0,0,0,0
2012-06-06,10.4,16.0,19.2,2.6,5.0,S,72.0,SSW,SSE,28,28,70,79,1016.1,1017.9,5,4,14.0,13.7,Yes,Yes,1,1,1,2012,6,Jun,2012-06-01,Q2,158,Hiver,13.2,5.6,28.0,74.5,1017.0,Modérée (10-30),180.0,-2.376206896551725,-0.1382758620689657,-1.1699728072005124,-0.061185901253366724,,0,0,0,0
2012-06-07,9.1,17.7,6.8,1.6,9.1,WSW,39.0,W,SSE,24,17,68,42,1023.2,1021.2,5,4,10.4,17.4,Yes,No,1,0,1,2012,6,Jun,2012-06-01,Q2,159,Hiver,13.399999999999999,8.6,20.5,55.0,1022.2,Faible (1-10),247.5,-0.6762068965517258,-1.4382758620689664,-0.3329439377333057,-0.6364249230119512,,0,0,0,0
2012-06-08,6.4,18.0,0.0,2.6,9.6,W,31.0,W,ENE,20,6,71,46,1026.0,1023.8,5,4,8.6,16.6,No,No,0,0,1,2012,6,Jun,2012-06-01,Q2,160,Hiver,12.2,11.6,13.0,58.5,1024.9,Sec (≤1 mm),270.0,-0.3762068965517251,-4.138275862068966,-0.18523296076850412,-1.8311521220490103,,0,0,0,0
2012-06-09,6.6,18.3,0.0,2.0,9.5,W,31.0,W,NNW,24,4,78,44,1026.7,1024.0,5,4,8.3,17.6,No,Yes,0,1,1,2012,6,Jun,2012-06-01,Q2,161,Hiver,12.45,11.700000000000001,14.0,61.0,1025.35,Sec (≤1 mm),270.0,-0.07620689655172441,-3.9382758620689664,-0.03752198380370252,-1.7426538110092284,,0,0,0,0
2012-06-10,8.3,14.2,2.4,0.2,0.2,SE,30.0,W,WSW,15,6,87,87,1026.2,1023.4,5,4,10.0,13.6,Yes,Yes,1,1,1,2012,6,Jun,2012-06-01,Q2,162,Hiver,11.25,5.899999999999999,10.5,87.0,1024.8,Faible (1-10),135.0,-4.176206896551726,-2.2382758620689653,-2.0562386689893204,-0.9904181671710794,,0,0,0,0
2012-06-11,9.9,16.1,76.4,4.2,0.0,SE,41.0,W,SW,20,15,96,96,1022.5,1020.4,5,4,11.8,13.0,Yes,Yes,1,1,1,2012,6,Jun,2012-06-01,Q2,163,Hiver,13.0,6.200000000000001,17.5,96.0,1021.45,Forte (>30),135.0,-2.2762068965517237,-0.6382758620689657,-1.1207358148789115,-0.28243167885282217,,1,0,0,0
2012-06-12,11.7,19.3,49.4,2.4,5.7,SE,50.0,SE,S,22,24,71,66,1020.5,1018.5,5,4,16.1,17.4,Yes,Yes,1,1,1,2012,6,Jun,2012-06-01,Q2,164,Hiver,15.5,7.600000000000001,23.0,68.5,1019.5,Forte (>30),135.0,0.9237931034482756,1.1617241379310332,0.45484793941230167,0.514053120505217,,0,0,0,0
2012-06-13,10.7,15.4,8.6,1.6,1.5,SW,30.0,WNW,W,13,11,95,91,1021.1,1019.2,5,4,12.1,14.8,Yes,Yes,1,1,1,2012,6,Jun,2012-06-01,Q2,165,Hiver,13.05,4.700000000000001,12.0,93.0,1020.1500000000001,Faible (1-10),225.0,-2.9762068965517248,0.16172413793103324,-1.4653947611301148,0.07156156530630607,,0,0,0,0
2012-06-14,11.2,19.4,13.8,1.2,5.6,WNW,22.0,W,E,15,0,93,65,1019.4,1016.4,5,4,12.9,17.5,Yes,No,1,0,1,2012,6,Jun,2012-06-01,Q2,166,Hiver,15.299999999999999,8.2,7.5,79.0,1017.9,Modérée (10-30),292.5,1.0237931034482735,0.6617241379310332,0.504084931733901,0.2928073429057615,,0,0,0,0
2012-06-15,11.4,20.9,0.0,1.6,3.5,N,24.0,W,NNE,11,13,89,52,1016.7,1013.2,5,4,11.8,20.4,No,No,0,0,1,2012,6,Jun,2012-06-01,Q2,167,Hiver,16.15,9.499999999999998,12.0,70.5,1014.95,Sec (≤1 mm),0.0,2.5237931034482735,0.8617241379310343,1.2426398165579073,0.38130565394554417,,0,0,0,0
2012-06-16,11.7,13.9,0.4,1.8,0.0,W,26.0,W,NNE,13,9,88,91,1018.2,1014.2,5,4,12.0,13.8,No,Yes,0,1,1,2012,6,Jun,2012-06-01,Q2,168,Hiver,12.8,2.200000000000001,11.0,89.5,1016.2,Sec (≤1 mm),270.0,-4.476206896551725,1.1617241379310332,-2.203949645954121,0.514053120505217,,0,0,0,0
2012-06-17,10.1,18.5,8.4,0.8,9.7,W,50.0,W,W,15,30,68,38,1018.8,1016.6,5,4,12.1,18.3,Yes,No,1,0,1,2012,6,Jun,2012-06-01,Q2,169,Hiver,14.3,8.4,22.5,53.0,1017.7,Faible (1-10),270.0,0.12379310344827488,-0.4382758620689664,0.06095200083949796,-0.1939333678130403,,0,0,0,0
2012-06-18,9.8,19.8,0.0,3.4,9.6,WSW,30.0,WNW,W,19,17,66,36,1022.1,1019.7,5,4,11.6,19.0,No,No,0,0,1,2012,6,Jun,2012-06-01,Q2,170,Hiver,14.8,10.0,18.0,51.0,1020.9000000000001,Sec (≤1 mm),247.5,1.4237931034482756,-0.7382758620689653,0.7010329010203038,-0.3266808343727131,,0,0,0,0
2012-06-19,8.6,19.2,0.0,2.2,9.7,WSW,54.0,W,WSW,13,28,65,37,1019.6,1017.7,5,4,11.4,19.0,No,No,0,0,1,2012,6,Jun,2012-06-01,Q2,171,Hiver,13.899999999999999,10.6,20.5,51.0,1018.6500000000001,Sec (≤1 mm),247.5,0.8237931034482742,-1.9382758620689664,0.40561094709070056,-0.8576707006114066,,0,0,0,0
2012-06-20,7.3,18.1,0.0,4.4,9.6,W,26.0,WNW,NE,13,4,74,45,1022.8,1017.9,5,4,9.1,17.2,No,No,0,0,1,2012,6,Jun,2012-06-01,Q2,172,Hiver,12.700000000000001,10.8,8.5,59.5,1020.3499999999999,Sec (≤1 mm),270.0,-0.2762068965517237,-3.2382758620689662,-0.135995968446903,-1.4329097223699907,,0,0,0,0
2012-06-21,8.4,18.7,0.0,2.6,1.4,N,35.0,NW,NNE,2,17,70,47,1016.4,1010.7,5,4,10.7,18.4,No,No,0,0,1,2012,6,Jun,2012-06-01,Q2,173,Hiver,13.55,10.299999999999999,9.5,58.5,1013.55,Sec (≤1 mm),0.0,0.32379310344827417,-2.1382758620689657,0.15942598548269846,-0.9461690116511885,,0,0,0,0
2012-06-22,10.7,17.2,0.0,5.0,1.2,NW,61.0,NNW,WNW,19,20,44,56,1006.6,1007.9,5,4,16.4,14.8,No,No,0,0,1,2012,6,Jun,2012-06-01,Q2,174,Hiver,13.95,6.5,19.5,50.0,1007.25,Sec (≤1 mm),315.0,-1.1762068965517258,0.16172413793103324,-0.5791288993413078,0.07156156530630607,,0,0,0,0
2012-06-23,8.0,17.0,0.0,2.0,9.6,WSW,43.0,W,WSW,17,15,66,32,1022.2,1021.2,5,4,9.3,16.2,No,No,0,0,1,2012,6,Jun,2012-06-01,Q2,175,Hiver,12.5,9.0,16.0,49.0,1021.7,Sec (≤1 mm),247.5,-1.3762068965517251,-2.538275862068966,-0.6776028839845083,-1.123165633730753,,0,0,0,0
2012-06-24,6.9,18.3,0.0,3.2,9.8,W,37.0,WNW,WSW,17,19,55,38,1028.1,1026.1,5,4,9.9,18.1,No,No,0,0,1,2012,6,Jun,2012-06-01,Q2,176,Hiver,12.600000000000001,11.4,18.0,46.5,1027.1,Sec (≤1 mm),270.0,-0.07620689655172441,-3.6382758620689657,-0.03752198380370252,-1.609906344449555,,0,0,0,0
2012-06-26,8.6,13.7,8.8,2.0,0.0,S,37.0,S,S,11,15,84,87,1030.7,1029.5,5,4,12.8,12.9,Yes,Yes,1,1,1,2012,6,Jun,2012-06-01,Q2,178,Hiver,11.149999999999999,5.1,13.0,85.5,1030.1,Faible (1-10),180.0,-4.676206896551726,-1.9382758620689664,-2.3024236305973225,-0.8576707006114066,,0,0,0,1
2012-06-27,9.7,17.6,9.4,2.0,5.7,SSE,28.0,SSW,SE,7,15,84,58,1031.7,1028.6,5,4,12.4,15.8,Yes,No,1,0,1,2012,6,Jun,2012-06-01,Q2,179,Hiver,13.65,7.900000000000002,11.0,71.0,1030.15,Faible (1-10),157.5,-0.7762068965517237,-0.8382758620689668,-0.3821809300549051,-0.37092998989260484,,0,0,0,0
2012-06-28,9.0,18.5,0.0,1.0,4.6,W,26.0,W,ESE,19,9,89,66,1026.1,1020.8,5,4,10.5,16.8,No,Yes,0,1,1,2012,6,Jun,2012-06-01,Q2,180,Hiver,13.75,9.5,14.0,77.5,1023.4499999999999,Sec (≤1 mm),270.0,0.12379310344827488,-1.538275862068966,0.06095200083949796,-0.6806740785318421,,0,0,0,0
2012-06-29,10.4,19.0,1.6,2.4,6.7,NNE,24.0,W,ENE,13,13,91,70,1016.1,1010.9,5,4,12.3,17.9,Yes,No,1,0,1,2012,6,Jun,2012-06-01,Q2,181,Hiver,14.7,8.6,13.0,80.5,1013.5,Faible (1-10),22.5,0.6237931034482749,-0.1382758620689657,0.30713696244750005,-0.061185901253366724,,0,0,0,0
2012-06-30,10.1,20.0,0.0,2.0,7.3,NNW,30.0,W,NW,19,13,79,41,1013.6,1011.4,5,4,12.1,18.0,No,No,0,0,1,2012,6,Jun,2012-06-01,Q2,182,Hiver,15.05,9.9,16.0,60.0,1012.5,Sec (≤1 mm),337.5,1.6237931034482749,-0.4382758620689664,0.7995068856635043,-0.1939333678130403,,0,0,0,0
2012-07-01,9.9,16.1,0.0,3.0,5.9,WSW,44.0,W,W,15,28,69,28,1016.2,1013.4,6,2,10.4,15.8,No,No,0,0,1,2012,7,Jul,2012-07-01,Q3,183,Hiver,13.0,6.200000000000001,21.5,48.5,1014.8,Sec (≤1 mm),247.5,-1.906521739130433,0.9068840579710145,-0.8048302324209327,0.44200983202025473,,0,0,0,0
2012-07-02,7.5,16.8,0.0,3.8,9.6,W,52.0,W,WSW,28,24,56,36,1016.0,1015.5,1,3,11.3,16.1,No,No,0,0,1,2012,7,Jul,2012-07-01,Q3,184,Hiver,12.15,9.3,26.0,46.0,1015.75,Sec (≤1 mm),270.0,-1.2065217391304337,-1.493115942028986,-0.5093281402435776,-0.7277357242331084,,0,0,0,0
2012-07-03,7.7,16.8,0.0,2.8,9.5,W,41.0,W,S,20,19,61,40,1020.3,1018.1,1,5,9.6,15.8,No,No,0,0,1,2012,7,Jul,2012-07-01,Q3,185,Hiver,12.25,9.100000000000001,19.5,50.5,1019.2,Sec (≤1 mm),270.0,-1.2065217391304337,-1.2931159420289857,-0.5093281402435776,-0.6302569278786614,,0,0,0,0
2012-07-04,7.2,16.2,0.0,3.6,6.4,W,41.0,W,SSW,28,26,55,43,1024.6,1025.1,3,7,9.6,15.9,No,Yes,0,1,1,2012,7,Jul,2012-07-01,Q3,186,Hiver,11.7,9.0,27.0,49.0,1024.85,Sec (≤1 mm),270.0,-1.8065217391304351,-1.7931159420289857,-0.7626156478241685,-0.8739539187647787,,0,0,0,0
2012-07-05,8.7,14.9,4.0,2.6,4.5,SSW,44.0,W,SSW,17,24,75,72,1031.0,1030.1,5,7,10.7,13.6,Yes,Yes,1,1,1,2012,7,Jul,2012-07-01,Q3,187,Hiver,11.8,6.200000000000001,20.5,73.5,1030.55,Faible (1-10),202.5,-3.106521739130434,-0.2931159420289866,-1.3114052475821134,-0.14286294610642727,,0,0,0,0
2012-07-06,9.6,16.0,19.0,1.8,5.8,SSW,44.0,SW,S,17,22,89,52,1033.1,1031.4,4,2,11.0,15.3,Yes,Yes,1,1,1,2012,7,Jul,2012-07-01,Q3,188,Hiver,12.8,6.4,19.5,70.5,1032.25,Modérée (10-30),202.5,-2.0065217391304344,0.6068840579710137,-0.8470448170176983,0.295791637488584,,0,0,0,0
2012-07-07,8.7,15.1,1.2,2.4,0.7,W,31.0,W,SW,24,11,86,71,1032.5,1030.5,7,7,9.9,13.9,Yes,No,1,0,1,2012,7,Jul,2012-07-01,Q3,189,Hiver,11.899999999999999,6.4,17.5,78.5,1031.5,Faible (1-10),270.0,-2.9065217391304348,-0.2931159420289866,-1.2269760783885837,-0.14286294610642727,,0,0,0,0
2012-07-08,9.1,18.0,0.2,0.8,8.1,W,26.0,W,E,19,11,81,57,1031.2,1028.2,2,2,10.4,16.6,No,No,0,0,1,2012,7,Jul,2012-07-01,Q3,190,Hiver,13.55,8.9,15.0,69.0,1029.7,Sec (≤1 mm),270.0,-0.006521739130434412,0.10688405797101375,-0.002753125082397563,0.05209464660246674,,0,0,0,0
2012-07-09,8.3,17.0,0.0,1.2,9.6,ENE,24.0,WNW,NE,15,13,90,67,1030.4,1026.6,3,5,9.3,16.7,No,No,0,0,1,2012,7,Jul,2012-07-01,Q3,191,Hiver,12.65,8.7,14.0,78.5,1028.5,Sec (≤1 mm),67.5,-1.0065217391304344,-0.6931159420289852,-0.4248989710500479,-0.33782053881532037,,0,0,0,0
2012-07-10,8.4,18.0,0.0,1.8,2.4,NE,44.0,W,NNE,9,22,92,67,1026.6,1021.1,7,7,10.2,17.6,No,Yes,0,1,1,2012,7,Jul,2012-07-01,Q3,192,Hiver,13.2,9.6,15.5,79.5,1023.8499999999999,Sec (≤1 mm),45.0,-0.006521739130434412,-0.5931159420289855,-0.002753125082397563,-0.2890811406380971,,0,0,0,0
2012-07-11,10.2,20.6,5.4,3.4,8.6,W,31.0,WNW,NW,11,15,76,44,1020.1,1017.6,1,5,13.2,20.1,Yes,No,1,0,1,2012,7,Jul,2012-07-01,Q3,193,Hiver,15.4,10.400000000000002,13.0,60.0,1018.85,Faible (1-10),270.0,2.593478260869567,1.2068840579710134,1.094826074433494,0.5882280265519246,,0,0,0,0
2012-07-12,11.6,17.3,0.0,3.0,0.2,NNW,31.0,W,NNE,9,9,80,79,1017.5,1012.7,7,8,13.0,17.1,No,No,0,0,1,2012,7,Jul,2012-07-01,Q3,194,Hiver,14.45,5.700000000000001,9.0,79.5,1015.1,Sec (≤1 mm),337.5,-0.7065217391304337,2.6068840579710137,-0.2982552172597525,1.2705796010330532,,0,0,0,0
2012-07-13,12.9,22.9,0.2,0.4,6.3,N,39.0,NW,N,15,26,74,62,1011.6,1008.0,5,6,17.2,21.3,No,No,0,0,1,2012,7,Jul,2012-07-01,Q3,195,Hiver,17.9,9.999999999999998,20.5,68.0,1009.8,Sec (≤1 mm),0.0,4.893478260869564,3.9068840579710145,2.0657615201590884,1.9041917773369585,,0,0,0,0
2012-07-14,11.1,20.2,0.0,3.2,9.5,NW,39.0,W,WNW,13,19,73,31,1013.2,1009.7,2,1,13.4,19.1,No,No,0,0,1,2012,7,Jul,2012-07-01,Q3,196,Hiver,15.649999999999999,9.1,16.0,52.0,1011.45,Sec (≤1 mm),315.0,2.193478260869565,2.1068840579710137,0.9259677360464329,1.026882610146936,,0,0,0,0
2012-07-15,9.0,18.2,0.0,5.0,10.0,WSW,46.0,WNW,WSW,9,17,52,33,1016.9,1016.9,1,1,12.2,17.8,No,No,0,0,1,2012,7,Jul,2012-07-01,Q3,197,Hiver,13.6,9.2,13.0,42.5,1016.9,Sec (≤1 mm),247.5,0.19347826086956488,0.0068840579710141014,0.0816760441111322,0.003355248425243453,,0,0,0,0
2012-07-16,9.4,20.3,0.0,2.6,9.9,W,43.0,W,ENE,24,11,62,36,1027.5,1025.4,0,0,11.3,18.3,No,No,0,0,1,2012,7,Jul,2012-07-01,Q3,198,Hiver,14.850000000000001,10.9,17.5,49.0,1026.45,Sec (≤1 mm),270.0,2.2934782608695663,0.40688405797101446,0.9681823206431985,0.19831284113413744,,0,0,0,0
2012-07-17,8.1,21.0,0.0,3.6,9.7,N,35.0,WNW,N,13,17,82,34,1026.5,1021.5,1,0,9.8,20.4,No,No,0,0,1,2012,7,Jul,2012-07-01,Q3,199,Hiver,14.55,12.9,15.0,58.0,1024.0,Sec (≤1 mm),0.0,2.9934782608695656,-0.8931159420289863,1.2636844128205535,-0.4352993351697678,,0,0,0,0
2012-07-18,9.3,20.7,0.0,3.2,7.9,WSW,31.0,W,SW,20,13,70,33,1019.4,1015.8,4,2,10.5,20.2,No,No,0,0,1,2012,7,Jul,2012-07-01,Q3,200,Hiver,15.0,11.399999999999999,16.5,51.5,1017.5999999999999,Sec (≤1 mm),247.5,2.693478260869565,0.3068840579710148,1.137040659030258,0.14957344295691416,,0,0,0,0
2012-07-19,8.7,15.4,0.0,3.6,5.4,S,50.0,W,SSW,26,31,63,50,1020.2,1020.3,4,5,10.8,14.6,No,No,0,0,1,2012,7,Jul,2012-07-01,Q3,201,Hiver,12.05,6.700000000000001,28.5,56.5,1020.25,Sec (≤1 mm),180.0,-2.606521739130434,-0.2931159420289866,-1.1003323245982883,-0.14286294610642727,,0,0,0,0
2012-07-20,5.8,17.3,0.0,2.8,9.8,SSW,35.0,W,SSW,22,19,65,38,1025.9,1024.7,1,1,8.1,16.6,No,Yes,0,1,1,2012,7,Jul,2012-07-01,Q3,202,Hiver,11.55,11.5,20.5,51.5,1025.3000000000002,Sec (≤1 mm),202.5,-0.7065217391304337,-3.193115942028986,-0.2982552172597525,-1.5563054932459073,,0,0,0,0
2012-07-21,8.1,14.9,5.0,2.0,1.4,SSW,52.0,SSW,SSW,17,22,81,54,1029.3,1028.5,8,7,13.3,14.8,Yes,Yes,1,1,1,2012,7,Jul,2012-07-01,Q3,203,Hiver,11.5,6.800000000000001,19.5,67.5,1028.9,Faible (1-10),202.5,-3.106521739130434,-0.8931159420289863,-1.3114052475821134,-0.4352993351697678,,0,0,0,0
2012-07-22,9.7,16.9,2.6,3.6,6.8,SE,48.0,W,S,20,20,92,62,1029.6,1027.6,6,6,10.6,16.2,Yes,Yes,1,1,1,2012,7,Jul,2012-07-01,Q3,204,Hiver,13.299999999999999,7.199999999999999,20.0,77.0,1028.6,Faible (1-10),135.0,-1.1065217391304358,0.7068840579710134,-0.46711355564681356,0.3445310356658073,,0,0,0,0
2012-07-24,10.4,14.0,6.8,2.4,0.6,W,26.0,W,SSW,17,11,95,85,1027.9,1025.6,7,7,11.2,13.6,Yes,Yes,1,1,1,2012,7,Jul,2012-07-01,Q3,206,Hiver,12.2,3.5999999999999996,14.0,90.0,1026.75,Faible (1-10),270.0,-4.006521739130434,1.4068840579710145,-1.691336508952999,0.685706822906372,,0,0,0,1
2012-07-25,8.7,19.6,4.4,0.2,6.5,N,30.0,W,ENE,17,20,93,50,1023.9,1019.3,8,2,10.0,18.0,Yes,No,1,0,1,2012,7,Jul,2012-07-01,Q3,207,Hiver,14.15,10.900000000000002,18.5,71.5,1021.5999999999999,Faible (1-10),0.0,1.593478260869567,-0.2931159420289866,0.6726802284658436,-0.14286294610642727,,0,0,0,0
2012-07-26,10.0,19.5,0.0,3.8,3.9,NNW,31.0,N,NE,13,7,57,48,1015.4,1011.3,6,7,14.7,17.8,No,No,0,0,1,2012,7,Jul,2012-07-01,Q3,208,Hiver,14.75,9.5,10.0,52.5,1013.3499999999999,Sec (≤1 mm),337.5,1.4934782608695656,1.006884057971014,0.630465643869078,0.490749230197478,,0,0,0,0
2012-07-27,8.7,17.4,0.4,2.4,10.0,W,41.0,W,W,15,20,74,32,1012.6,1009.8,0,3,11.3,17.0,No,No,0,0,1,2012,7,Jul,2012-07-01,Q3,209,Hiver,13.049999999999999,8.7,17.5,53.0,1011.2,Sec (≤1 mm),270.0,-0.6065217391304358,-0.2931159420289866,-0.2560406326629884,-0.14286294610642727,,0,0,0,0
2012-07-28,7.8,19.4,0.0,4.0,9.7,WSW,44.0,W,S,22,11,68,45,1016.2,1015.7,1,4,9.8,16.7,No,No,0,0,1,2012,7,Jul,2012-07-01,Q3,210,Hiver,13.6,11.599999999999998,16.5,56.5,1015.95,Sec (≤1 mm),247.5,1.3934782608695642,-1.193115942028986,0.5882510592723124,-0.5815175297014381,,0,0,0,0
2012-07-29,8.4,16.2,0.0,1.6,7.1,S,39.0,WNW,S,17,20,66,45,1022.5,1021.6,1,6,11.5,16.1,No,No,0,0,1,2012,7,Jul,2012-07-01,Q3,211,Hiver,12.3,7.799999999999999,18.5,55.5,1022.05,Sec (≤1 mm),180.0,-1.8065217391304351,-0.5931159420289855,-0.7626156478241685,-0.2890811406380971,,0,0,0,0
2012-07-30,7.3,15.9,0.0,4.0,10.0,SSW,54.0,W,SSW,24,28,54,36,1024.2,1022.2,1,1,9.6,15.3,No,Yes,0,1,1,2012,7,Jul,2012-07-01,Q3,212,Hiver,11.6,8.600000000000001,26.0,45.0,1023.2,Sec (≤1 mm),202.5,-2.106521739130434,-1.693115942028986,-0.8892594016144632,-0.8252145205875554,,0,0,0,0
2012-07-31,7.5,16.1,4.4,3.0,6.3,SW,44.0,W,SSW,26,24,60,52,1025.8,1022.9,6,6,9.9,13.7,Yes,No,1,0,1,2012,7,Jul,2012-07-01,Q3,213,Hiver,11.8,8.600000000000001,25.0,56.0,1024.35,Faible (1-10),225.0,-1.906521739130433,-1.493115942028986,-0.8048302324209327,-0.7277357242331084,,0,0,0,0
2012-08-01,7.0,16.2,0.0,2.4,8.3,SSW,43.0,W,S,22,22,62,38,1022.5,1019.5,2,2,9.5,15.7,No,No,0,0,1,2012,8,Aug,2012-08-01,Q3,214,Hiver,11.6,9.2,22.0,50.0,1021.0,Sec (≤1 mm),202.5,-3.1817843866170996,-2.749442379182156,-1.1513876839015231,-1.2455990674633086,,0,0,0,0
2012-08-02,6.5,17.4,0.0,4.2,9.6,W,44.0,W,SE,26,9,58,37,1022.3,1018.5,1,3,9.2,15.8,No,No,0,0,1,2012,8,Aug,2012-08-01,Q3,215,Hiver,11.95,10.899999999999999,17.5,47.5,1020.4,Sec (≤1 mm),270.0,-1.9817843866171003,-3.249442379182156,-0.7171454308773245,-1.4721175566112468,,0,0,0,0
2012-08-03,6.8,18.5,0.0,3.6,7.7,WNW,31.0,W,NW,9,11,58,32,1017.8,1014.4,7,1,9.7,18.1,No,No,0,0,1,2012,8,Aug,2012-08-01,Q3,216,Hiver,12.65,11.7,10.0,45.0,1016.0999999999999,Sec (≤1 mm),292.5,-0.8817843866170989,-2.9494423791821562,-0.3190900322718085,-1.336206463122484,,0,0,0,0
2012-08-04,7.2,20.8,0.0,2.4,10.2,W,35.0,W,NW,22,6,60,27,1017.9,1014.3,3,2,9.9,20.3,No,No,0,0,1,2012,8,Aug,2012-08-01,Q3,217,Hiver,14.0,13.600000000000001,14.0,43.5,1016.0999999999999,Sec (≤1 mm),270.0,1.4182156133829018,-2.549442379182156,0.513207619357906,-1.1549916718041333,,0,0,0,0
2012-08-05,9.3,21.6,0.0,1.6,7.7,WSW,44.0,W,W,17,15,50,27,1016.1,1011.3,1,7,12.2,19.8,No,No,0,0,1,2012,8,Aug,2012-08-01,Q3,218,Hiver,15.450000000000001,12.3,16.0,38.5,1013.7,Sec (≤1 mm),247.5,2.2182156133829025,-0.44944237918215535,0.8027024547073722,-0.20361401738279308,,0,0,0,0
2012-08-06,11.6,19.4,0.0,7.2,10.2,SSW,46.0,N,SW,2,17,45,22,1014.8,1014.9,1,1,14.3,18.4,No,No,0,0,1,2012,8,Aug,2012-08-01,Q3,219,Hiver,15.5,7.799999999999999,9.5,33.5,1014.8499999999999,Sec (≤1 mm),202.5,0.018215613382899676,1.8505576208178436,0.006591657496340085,0.8383710326977217,,0,0,0,0
2012-08-07,6.8,18.6,0.0,3.2,10.2,W,33.0,W,WNW,22,6,54,25,1024.4,1021.3,1,0,9.8,18.2,No,No,0,0,1,2012,8,Aug,2012-08-01,Q3,220,Hiver,12.700000000000001,11.8,14.0,39.5,1022.85,Sec (≤1 mm),270.0,-0.7817843866170975,-2.9494423791821562,-0.28290317785312474,-1.336206463122484,,0,0,0,0
2012-08-08,5.6,22.5,0.0,3.6,10.6,W,30.0,W,W,17,9,55,26,1022.0,1015.2,1,1,9.5,21.4,No,No,0,0,1,2012,8,Aug,2012-08-01,Q3,221,Hiver,14.05,16.9,13.0,40.5,1018.6,Sec (≤1 mm),270.0,3.118215613382901,-4.149442379182156,1.1283841444755207,-1.8798508370775355,,0,0,0,0
2012-08-09,9.5,19.8,0.0,3.4,6.6,W,63.0,WNW,WSW,9,31,51,18,1014.7,1009.9,7,2,13.5,18.9,No,No,0,0,1,2012,8,Aug,2012-08-01,Q3,222,Hiver,14.65,10.3,20.0,34.5,1012.3,Sec (≤1 mm),270.0,0.4182156133829018,-0.24944237918215606,0.15133907517107378,-0.11300662172361815,,0,0,0,0
2012-08-10,7.6,14.9,0.0,5.0,3.8,S,93.0,W,SSW,31,26,42,76,1015.4,1016.6,3,7,10.4,12.2,No,Yes,0,1,1,2012,8,Aug,2012-08-01,Q3,223,Hiver,11.25,7.300000000000001,28.5,59.0,1016.0,Sec (≤1 mm),180.0,-4.4817843866170985,-2.1494423791821564,-1.6218167913444046,-0.973776880485783,,0,1,0,0
2012-08-15,10.2,22.2,0.0,4.6,6.0,WNW,30.0,WNW,N,19,11,48,35,1016.8,1011.5,2,7,14.6,20.1,No,No,0,0,1,2012,8,Aug,2012-08-01,Q3,228,Hiver,16.2,12.0,15.0,41.5,1014.15,Sec (≤1 mm),292.5,2.8182156133829004,0.45055762081784323,1.019823581219471,0.20411926308349485,,0,0,0,4
2012-08-16,11.7,20.6,0.0,2.0,9.2,W,35.0,W,E,26,19,47,43,1014.7,1010.7,1,2,13.5,17.4,No,No,0,0,1,2012,8,Aug,2012-08-01,Q3,229,Hiver,16.15,8.900000000000002,22.5,45.0,1012.7,Sec (≤1 mm),270.0,1.2182156133829025,1.9505576208178432,0.4408339105205399,0.8836747305273092,,0,0,0,0
2012-08-17,11.1,22.2,0.0,5.8,8.3,W,76.0,N,WNW,19,37,36,35,1007.7,1004.3,1,6,15.9,14.5,No,No,0,0,1,2012,8,Aug,2012-08-01,Q3,230,Hiver,16.65,11.1,28.0,35.5,1006.0,Sec (≤1 mm),270.0,2.8182156133829004,1.3505576208178436,1.019823581219471,0.6118525435497836,,0,0,0,0
2012-08-18,9.6,18.1,0.0,6.6,10.4,W,61.0,NW,W,30,33,45,33,1007.0,1007.4,2,4,12.7,17.9,No,No,0,0,1,2012,8,Aug,2012-08-01,Q3,231,Hiver,13.850000000000001,8.500000000000002,31.5,39.0,1007.2,Sec (≤1 mm),270.0,-1.2817843866170975,-0.14944237918215642,-0.4638374499465409,-0.0677029238940307,,0,0,0,0
2012-08-19,9.7,20.1,0.0,6.0,10.0,WSW,37.0,W,E,20,17,54,43,1020.3,1019.1,1,2,13.4,16.9,No,No,0,0,1,2012,8,Aug,2012-08-01,Q3,232,Hiver,14.9,10.400000000000002,18.5,48.5,1019.7,Sec (≤1 mm),247.5,0.7182156133829025,-0.04944237918215677,0.2598996384271237,-0.022399226064443237,,0,0,0,0
2012-08-20,7.5,17.8,0.0,3.2,10.7,W,24.0,W,E,19,17,62,47,1024.3,1019.1,3,1,10.1,16.0,No,No,0,0,1,2012,8,Aug,2012-08-01,Q3,233,Hiver,12.65,10.3,18.0,54.5,1021.7,Sec (≤1 mm),270.0,-1.5817843866170982,-2.249442379182156,-0.5723980132025909,-1.0190805783153705,,0,0,0,0
2012-08-21,8.7,22.2,0.0,2.6,9.2,NNE,31.0,WNW,ENE,13,19,70,36,1020.6,1016.0,5,1,11.0,19.0,No,No,0,0,1,2012,8,Aug,2012-08-01,Q3,234,Hiver,15.45,13.5,16.0,53.0,1018.3,Sec (≤1 mm),22.5,2.8182156133829004,-1.0494423791821568,1.019823581219471,-0.4754362043603194,,0,0,0,0
2012-08-22,10.6,24.7,0.0,3.8,9.1,W,41.0,WNW,ENE,9,19,59,54,1015.5,1010.4,6,6,16.1,20.8,No,No,0,0,1,2012,8,Aug,2012-08-01,Q3,235,Hiver,17.65,14.1,14.0,56.5,1012.95,Sec (≤1 mm),270.0,5.3182156133829,0.8505576208178436,1.9244949416865516,0.3853340544018455,,0,0,0,0
2012-08-23,16.1,29.2,0.0,6.4,6.9,NW,91.0,WNW,NW,17,41,45,25,1009.5,1005.9,7,7,22.2,26.3,No,Yes,0,1,1,2012,8,Aug,2012-08-01,Q3,236,Hiver,22.65,13.099999999999998,29.0,35.0,1007.7,Sec (≤1 mm),315.0,9.8182156133829,6.350557620817845,3.552903390527297,2.877037435029165,Chaleur extrême,0,1,0,0
2012-08-24,12.4,19.3,10.2,7.8,11.0,W,67.0,WNW,WNW,31,33,36,23,1014.2,1011.8,1,1,13.6,18.9,Yes,No,1,0,1,2012,8,Aug,2012-08-01,Q3,237,Hiver,15.850000000000001,6.9,32.0,29.5,1013.0,Modérée (10-30),270.0,-0.08178438661709819,2.6505576208178443,-0.029595196922342373,1.200800615334423,,0,0,0,0
2012-08-25,10.7,20.7,0.0,6.4,10.7,W,41.0,WNW,WNW,15,6,42,26,1018.0,1015.5,1,1,13.8,20.0,No,No,0,0,1,2012,8,Aug,2012-08-01,Q3,238,Hiver,15.7,10.0,10.5,34.0,1016.75,Sec (≤1 mm),270.0,1.3182156133829004,0.9505576208178432,0.47702076493922235,0.43063775223143297,,0,0,0,0
2012-08-26,8.3,20.9,0.0,4.4,10.0,W,33.0,W,E,19,15,48,41,1018.7,1016.9,3,3,11.7,17.2,No,No,0,0,1,2012,8,Aug,2012-08-01,Q3,239,Hiver,14.6,12.599999999999998,17.0,44.5,1017.8,Sec (≤1 mm),270.0,1.5182156133828997,-1.4494423791821553,0.5493944737765886,-0.6566509956786692,,0,0,0,0
2012-08-30,12.0,22.1,0.0,5.0,9.5,NW,54.0,W,WNW,9,30,47,18,1010.5,1008.9,5,6,17.2,21.2,No,No,0,0,1,2012,8,Aug,2012-08-01,Q3,243,Hiver,17.05,10.100000000000001,19.5,32.5,1009.7,Sec (≤1 mm),315.0,2.7182156133829025,2.250557620817844,0.9836367268007884,1.0195858240160722,,0,0,0,3
2012-08-31,9.7,18.4,0.0,6.2,7.6,SSW,59.0,W,W,26,24,39,24,1016.6,1013.7,1,6,12.8,16.6,No,No,0,0,1,2012,8,Aug,2012-08-01,Q3,244,Hiver,14.049999999999999,8.7,25.0,31.5,1015.1500000000001,Sec (≤1 mm),202.5,-0.9817843866171003,-0.04944237918215677,-0.35527688669049223,-0.022399226064443237,,0,0,0,0
2012-09-01,5.5,17.6,0.4,5.0,9.6,S,61.0,W,S,24,31,45,38,1021.9,1020.2,1,6,10.5,16.2,No,No,0,0,1,2012,9,Sep,2012-09-01,Q3,245,Printemps,11.55,12.100000000000001,27.5,41.5,1021.05,Sec (≤1 mm),180.0,-4.3876923076923084,-7.111923076923077,-1.1667128843095254,-2.745920087697525,,0,0,0,0
2012-09-02,7.2,20.7,0.8,3.8,11.2,W,31.0,W,ENE,20,19,61,45,1024.3,1019.9,1,1,12.1,17.0,No,No,0,0,1,2012,9,Sep,2012-09-01,Q3,246,Printemps,13.95,13.5,19.5,53.0,1022.0999999999999,Sec (≤1 mm),270.0,-1.2876923076923106,-5.411923076923077,-0.3424048682212744,-2.0895485130058877,,0,0,0,0
2012-09-03,7.5,22.8,0.0,3.4,10.8,WNW,28.0,W,E,17,15,52,37,1022.2,1019.8,0,1,13.3,19.6,No,No,0,0,1,2012,9,Sep,2012-09-01,Q3,247,Printemps,15.15,15.3,16.0,44.5,1021.0,Sec (≤1 mm),292.5,0.8123076923076908,-5.111923076923077,0.21599733622560593,-1.9737182351191285,,0,0,0,0
2012-09-04,9.7,24.4,0.2,4.0,9.9,W,28.0,W,E,19,17,55,33,1022.9,1019.6,5,1,13.6,21.4,No,No,0,0,1,2012,9,Sep,2012-09-01,Q3,248,Printemps,17.049999999999997,14.7,18.0,44.0,1021.25,Sec (≤1 mm),270.0,2.4123076923076887,-2.9119230769230775,0.6414466348517996,-1.1242961972828927,,0,0,0,0
2012-09-05,11.1,28.3,0.0,5.2,10.6,NNW,57.0,NNW,NNW,15,31,28,13,1016.0,1007.3,1,0,20.8,27.5,No,No,0,0,1,2012,9,Sep,2012-09-01,Q3,249,Printemps,19.7,17.200000000000003,23.0,20.5,1011.65,Sec (≤1 mm),337.5,6.312307692307691,-1.5119230769230771,1.6784793002531488,-0.5837549004780148,,0,0,0,0
2012-09-06,18.4,27.9,0.0,13.4,10.7,NW,54.0,WNW,WNW,28,22,28,10,1007.7,1005.3,0,0,21.5,27.6,No,No,0,0,1,2012,9,Sep,2012-09-01,Q3,250,Printemps,23.15,9.5,25.0,19.0,1006.5,Sec (≤1 mm),315.0,5.912307692307689,5.788076923076922,1.5721169755965996,2.2347818614331323,,0,0,0,0
2012-09-07,16.4,21.7,0.0,10.8,8.7,W,72.0,WNW,WNW,20,39,22,22,1005.8,1006.2,0,5,21.3,18.4,No,No,0,0,1,2012,9,Sep,2012-09-01,Q3,251,Printemps,19.049999999999997,5.300000000000001,29.5,22.0,1006.0,Sec (≤1 mm),270.0,-0.2876923076923106,3.788076923076922,-0.07649905657990301,1.4625800088547356,,0,0,0,0
2012-09-08,11.3,21.0,0.0,6.6,10.8,W,59.0,W,WSW,30,28,39,31,1014.5,1012.8,1,1,15.0,20.4,No,No,0,0,1,2012,9,Sep,2012-09-01,Q3,252,Printemps,16.15,9.7,29.0,35.0,1013.65,Sec (≤1 mm),270.0,-0.9876923076923099,-1.311923076923076,-0.2626331247288628,-0.5065347152201748,,0,0,0,0
2012-09-11,12.6,21.8,0.0,5.4,8.7,S,39.0,WNW,SSE,17,17,66,51,1025.0,1022.4,7,1,16.4,21.0,No,No,0,0,1,2012,9,Sep,2012-09-01,Q3,255,Printemps,17.2,9.200000000000001,17.0,58.5,1023.7,Sec (≤1 mm),180.0,-0.18769230769230916,-0.011923076923077147,-0.049908475415765485,-0.00460351104421745,,0,0,0,2
2012-09-12,11.0,21.3,0.0,3.8,10.2,NE,43.0,W,NE,11,20,66,67,1023.1,1015.7,6,1,15.8,19.6,No,No,0,0,1,2012,9,Sep,2012-09-01,Q3,256,Printemps,16.15,10.3,15.5,66.5,1019.4000000000001,Sec (≤1 mm),45.0,-0.6876923076923092,-1.6119230769230768,-0.1828613812364512,-0.6223649931069345,,0,0,0,0
2012-09-13,14.0,24.7,0.0,5.6,2.7,SSW,63.0,N,S,20,33,39,83,1006.2,1007.3,4,8,21.0,15.0,No,Yes,0,1,1,2012,9,Sep,2012-09-01,Q3,257,Printemps,19.35,10.7,26.5,61.0,1006.75,Sec (≤1 mm),202.5,2.7123076923076894,1.3880769230769232,0.7212183783442113,0.5359377857606603,,0,0,0,0
2012-09-14,7.9,18.5,3.8,3.0,11.3,WSW,37.0,W,ESE,20,17,50,36,1019.6,1017.1,1,1,13.5,16.9,Yes,No,1,0,1,2012,9,Sep,2012-09-01,Q3,258,Printemps,13.2,10.6,18.5,43.0,1018.35,Faible (1-10),247.5,-3.48769230769231,-4.711923076923076,-0.9273976538322913,-1.819277864603449,,0,0,0,0
2012-09-15,9.2,20.1,0.0,5.2,10.7,SSE,37.0,W,SE,19,19,54,44,1024.9,1023.5,1,1,15.6,19.8,No,No,0,0,1,2012,9,Sep,2012-09-01,Q3,259,Printemps,14.65,10.900000000000002,19.0,49.0,1024.2,Sec (≤1 mm),157.5,-1.8876923076923084,-3.4119230769230775,-0.5019483552060967,-1.3173466604274917,,0,0,0,0
2012-09-16,10.5,21.0,0.0,3.2,10.3,NNE,41.0,N,NE,19,24,57,54,1021.9,1016.3,3,3,17.5,18.5,No,No,0,0,1,2012,9,Sep,2012-09-01,Q3,260,Printemps,15.75,10.5,21.5,55.5,1019.0999999999999,Sec (≤1 mm),22.5,-0.9876923076923099,-2.111923076923077,-0.2626331247288628,-0.8154154562515337,,0,0,0,0
2012-09-17,14.2,20.9,0.0,5.4,6.0,SSE,39.0,S,SSE,19,26,71,61,1019.4,1016.9,7,6,16.4,19.4,No,No,0,0,1,2012,9,Sep,2012-09-01,Q3,261,Printemps,17.549999999999997,6.699999999999999,22.5,66.0,1018.15,Sec (≤1 mm),157.5,-1.0876923076923113,1.5880769230769225,-0.28922370589300034,0.6131579710184997,,0,0,0,0
2012-09-18,12.4,20.6,0.0,3.6,7.7,E,37.0,W,E,9,20,63,66,1018.4,1013.8,1,5,17.9,18.2,No,Yes,0,1,1,2012,9,Sep,2012-09-01,Q3,262,Printemps,16.5,8.200000000000001,14.5,64.5,1016.0999999999999,Sec (≤1 mm),90.0,-1.3876923076923084,-0.21192307692307644,-0.368995449385411,-0.08182369630205683,,0,0,0,0
2012-09-19,11.1,22.9,3.6,3.8,11.1,W,35.0,WNW,ESE,11,17,57,45,1016.0,1014.4,1,3,17.2,20.1,Yes,No,1,0,1,2012,9,Sep,2012-09-01,Q3,263,Printemps,17.0,11.799999999999999,14.0,51.0,1015.2,Faible (1-10),270.0,0.9123076923076887,-1.5119230769230771,0.2425879173897425,-0.5837549004780148,,0,0,0,0
2012-09-20,12.1,20.5,0.2,6.0,9.4,ENE,30.0,W,E,13,22,73,60,1019.3,1014.7,6,2,15.6,19.7,No,No,0,0,1,2012,9,Sep,2012-09-01,Q3,264,Printemps,16.3,8.4,17.5,66.5,1017.0,Sec (≤1 mm),67.5,-1.4876923076923099,-0.5119230769230771,-0.39558603054954855,-0.19765397418881658,,0,0,0,0
2012-09-21,13.8,22.2,0.0,4.4,4.6,WSW,37.0,NNE,ENE,4,13,83,46,1012.7,1009.8,7,1,15.5,21.9,No,No,0,0,1,2012,9,Sep,2012-09-01,Q3,265,Printemps,18.0,8.399999999999999,8.5,64.5,1011.25,Sec (≤1 mm),247.5,0.21230769230768942,1.188076923076924,0.05645384924078271,0.4587176005028209,,0,0,0,0
2012-09-22,12.4,22.7,0.8,4.8,10.9,ESE,33.0,WNW,SE,11,17,49,50,1016.2,1013.1,1,1,19.0,20.9,No,No,0,0,1,2012,9,Sep,2012-09-01,Q3,266,Printemps,17.55,10.299999999999999,14.0,49.5,1014.6500000000001,Sec (≤1 mm),112.5,0.7123076923076894,-0.21192307692307644,0.18940675506146842,-0.08182369630205683,,0,0,0,0
2012-09-23,11.2,23.8,0.0,4.4,11.1,SSW,39.0,SSW,NNE,2,17,64,46,1011.5,1005.4,0,1,17.8,23.5,No,No,0,0,1,2012,9,Sep,2012-09-01,Q3,267,Printemps,17.5,12.600000000000001,9.5,55.0,1008.45,Sec (≤1 mm),202.5,1.8123076923076908,-1.4119230769230775,0.48190314786697735,-0.5451448078490951,,0,0,0,0
2012-09-24,13.5,24.4,0.0,8.2,11.2,W,48.0,WSW,E,26,17,31,29,1012.6,1010.6,1,1,17.3,21.7,No,No,0,0,1,2012,9,Sep,2012-09-01,Q3,268,Printemps,18.95,10.899999999999999,21.5,30.0,1011.6,Sec (≤1 mm),270.0,2.4123076923076887,0.8880769230769232,0.6414466348517996,0.34288732261606114,,0,0,0,0
2012-09-25,12.0,19.1,0.2,3.2,3.8,ESE,33.0,W,ESE,13,26,51,63,1022.1,1020.0,2,6,15.0,16.8,No,No,0,0,1,2012,9,Sep,2012-09-01,Q3,269,Printemps,15.55,7.100000000000001,19.5,57.0,1021.05,Sec (≤1 mm),112.5,-2.8876923076923084,-0.6119230769230768,-0.7678541668474681,-0.23626406681773626,,0,0,0,0
2012-09-26,14.6,20.7,0.4,4.2,8.3,ENE,44.0,S,ENE,4,33,67,59,1022.5,1019.0,6,1,17.8,19.6,No,No,0,0,1,2012,9,Sep,2012-09-01,Q3,270,Printemps,17.65,6.1,18.5,63.0,1020.75,Sec (≤1 mm),67.5,-1.2876923076923106,1.9880769230769229,-0.3424048682212744,0.767598341534179,,0,0,0,0
2012-09-27,14.1,22.8,0.2,6.8,6.7,NNE,46.0,NNE,NE,6,19,58,59,1018.7,1013.5,6,5,19.4,21.0,No,No,0,0,1,2012,9,Sep,2012-09-01,Q3,271,Printemps,18.45,8.700000000000001,12.5,58.5,1016.1,Sec (≤1 mm),22.5,0.8123076923076908,1.4880769230769229,0.21599733622560593,0.57454787838958,,0,0,0,0
2012-09-28,18.9,33.2,0.0,6.4,6.0,NNW,65.0,ENE,NW,22,22,63,29,1009.7,1003.5,5,7,21.7,31.2,No,Yes,0,1,1,2012,9,Sep,2012-09-01,Q3,272,Printemps,26.05,14.300000000000004,22.0,46.0,1006.6,Sec (≤1 mm),337.5,11.212307692307693,6.288076923076922,2.9814177772958694,2.4278323245777313,,0,0,0,0
2012-09-30,9.9,22.4,0.0,8.4,11.5,W,48.0,WSW,ESE,31,26,29,30,1019.2,1018.0,0,1,15.4,20.3,No,No,0,0,1,2012,9,Sep,2012-09-01,Q3,274,Printemps,16.15,12.499999999999998,28.5,29.5,1018.6,Sec (≤1 mm),270.0,0.4123076923076887,-2.7119230769230764,0.1096350115690568,-1.0470760120250524,,0,0,0,1
2012-10-01,9.8,19.9,0.0,6.8,9.8,SSE,30.0,WNW,E,11,20,51,53,1027.9,1025.5,1,1,16.4,18.0,No,No,0,0,1,2012,10,Oct,2012-10-01,Q4,275,Printemps,14.85,10.099999999999998,15.5,52.0,1026.7,Sec (≤1 mm),157.5,-3.652671755725194,-4.973664122137404,-0.8186248329163595,-1.7370946497872957,,0,0,0,0
2012-10-02,12.7,20.3,0.6,5.0,10.6,W,26.0,S,E,11,17,58,45,1032.7,1029.2,4,1,17.5,18.5,No,No,0,0,1,2012,10,Oct,2012-10-01,Q4,276,Printemps,16.5,7.600000000000001,14.0,51.5,1030.95,Sec (≤1 mm),270.0,-3.252671755725192,-2.073664122137405,-0.7289781427495519,-0.7242448954258599,,0,0,0,0
2012-10-03,11.2,27.8,0.2,5.8,11.3,NNE,31.0,W,E,13,7,53,40,1026.3,1020.5,1,7,18.7,24.0,No,No,0,0,1,2012,10,Oct,2012-10-01,Q4,277,Printemps,19.5,16.6,10.0,46.5,1023.4,Sec (≤1 mm),22.5,4.247328244274808,-3.573664122137405,0.9518972978780811,-1.2481326994059132,,0,0,0,0
2012-10-04,14.5,32.2,0.0,7.2,11.4,WNW,37.0,W,WNW,9,11,39,16,1018.8,1013.1,0,0,23.9,31.9,No,No,0,0,1,2012,10,Oct,2012-10-01,Q4,278,Printemps,23.35,17.700000000000003,10.0,27.5,1015.95,Sec (≤1 mm),292.5,8.64732824427481,-0.2736641221374043,1.9380108897129595,-0.09557953064979587,,0,0,0,0
2012-10-05,20.0,34.2,0.0,10.8,10.3,W,57.0,W,SSE,22,28,22,59,1014.0,1013.0,0,5,27.9,22.8,No,No,0,0,1,2012,10,Oct,2012-10-01,Q4,279,Printemps,27.1,14.200000000000003,25.0,40.5,1013.5,Sec (≤1 mm),270.0,10.64732824427481,5.226335877862596,2.386244340546995,1.8253424172770658,,0,0,0,0
2012-10-06,15.6,18.3,0.0,7.6,0.0,NE,48.0,ESE,NE,9,11,90,81,1019.2,1014.6,8,7,16.0,17.2,No,Yes,0,1,1,2012,10,Oct,2012-10-01,Q4,280,Printemps,16.95,2.700000000000001,10.0,85.5,1016.9000000000001,Sec (≤1 mm),45.0,-5.252671755725192,0.8263358778625953,-1.1772115935835874,0.28860485893557636,,0,0,0,0
2012-10-07,12.7,20.6,3.0,3.2,11.2,SSW,57.0,SW,SSE,17,28,39,32,1013.8,1013.7,1,1,16.1,19.3,Yes,No,1,0,1,2012,10,Oct,2012-10-01,Q4,281,Printemps,16.65,7.900000000000002,22.5,35.5,1013.75,Faible (1-10),202.5,-2.9526717557251914,-2.073664122137405,-0.6617431251244463,-0.7242448954258599,,0,0,0,0
2012-10-08,13.6,18.2,0.2,7.8,5.9,SSE,35.0,NNW,ESE,7,19,60,46,1017.1,1013.4,6,6,15.3,17.5,No,No,0,0,1,2012,10,Oct,2012-10-01,Q4,282,Printemps,15.899999999999999,4.6,13.0,53.0,1015.25,Sec (≤1 mm),157.5,-5.3526717557251935,-1.1736641221374047,-1.1996232661252895,-0.4099122130378279,,0,0,0,0
2012-10-09,12.1,19.6,0.0,3.8,9.0,S,33.0,SSE,ESE,7,19,67,52,1012.8,1011.1,7,6,13.8,17.1,No,No,0,0,1,2012,10,Oct,2012-10-01,Q4,283,Printemps,15.850000000000001,7.500000000000002,13.0,59.5,1011.95,Sec (≤1 mm),180.0,-3.9526717557251914,-2.6736641221374047,-0.8858598505414641,-0.9338000170178811,,0,0,0,0
2012-10-11,13.5,19.0,9.8,6.8,3.6,WSW,50.0,SE,E,4,9,83,58,1005.4,1004.1,8,7,14.6,18.2,Yes,Yes,1,1,1,2012,10,Oct,2012-10-01,Q4,285,Printemps,16.25,5.5,6.5,70.5,1004.75,Faible (1-10),247.5,-4.552671755725193,-1.2736641221374043,-1.020329885791675,-0.444838066636498,,0,0,0,1
2012-10-12,8.5,16.0,3.4,2.0,4.3,SSW,74.0,W,SSW,35,22,84,87,1006.3,1010.7,5,7,8.7,12.2,Yes,Yes,1,1,1,2012,10,Oct,2012-10-01,Q4,286,Printemps,12.25,7.5,28.5,85.5,1008.5,Faible (1-10),202.5,-7.552671755725193,-6.273664122137404,-1.6926800620427283,-2.1911307465700087,,0,0,0,0
2012-10-13,8.6,20.1,4.4,4.0,11.0,SE,35.0,W,SE,26,20,47,39,1019.8,1019.3,1,1,14.3,18.9,Yes,No,1,0,1,2012,10,Oct,2012-10-01,Q4,287,Printemps,14.350000000000001,11.500000000000002,23.0,43.0,1019.55,Faible (1-10),135.0,-3.4526717557251914,-6.173664122137405,-0.7738014878329552,-2.1562048929713384,,0,0,0,0
2012-10-14,12.4,19.5,0.2,4.8,8.8,ESE,28.0,WNW,ESE,13,20,77,52,1025.6,1024.0,7,1,14.0,18.5,No,No,0,0,1,2012,10,Oct,2012-10-01,Q4,288,Printemps,15.95,7.1,16.5,64.5,1024.8,Sec (≤1 mm),112.5,-4.052671755725193,-2.373664122137404,-0.9082715230831662,-0.8290224562218702,,0,0,0,0
2012-10-15,11.4,23.9,0.0,6.4,11.6,NNE,46.0,W,NE,9,19,65,41,1024.9,1020.9,0,2,16.3,23.2,No,No,0,0,1,2012,10,Oct,2012-10-01,Q4,289,Printemps,17.65,12.499999999999998,14.0,53.0,1022.9000000000001,Sec (≤1 mm),22.5,0.3473282442748058,-3.373664122137404,0.07784206875171151,-1.1782809922085724,,0,0,0,0
2012-10-16,15.4,34.1,0.0,7.2,9.6,NNE,43.0,ESE,E,6,22,43,23,1018.4,1013.9,7,2,20.9,30.7,No,No,0,0,1,2012,10,Oct,2012-10-01,Q4,290,Printemps,24.75,18.700000000000003,14.0,33.0,1016.15,Sec (≤1 mm),22.5,10.547328244274809,0.626335877862596,2.363832668005293,0.21875315173823617,,0,0,0,0
2012-10-17,20.3,21.8,0.0,11.4,11.7,SSW,39.0,SE,ESE,22,24,62,46,1016.4,1016.4,5,6,21.7,20.8,No,No,0,0,1,2012,10,Oct,2012-10-01,Q4,291,Printemps,21.05,1.5,23.0,54.0,1016.4,Sec (≤1 mm),202.5,-1.752671755725192,5.526335877862596,-0.39280305462402526,1.9301199780730767,,0,0,0,0
2012-10-18,16.6,21.5,0.0,7.4,8.2,ENE,41.0,ENE,NE,15,22,58,56,1022.7,1019.6,7,1,19.4,20.4,No,No,0,0,1,2012,10,Oct,2012-10-01,Q4,292,Printemps,19.05,4.899999999999999,18.5,57.0,1021.1500000000001,Sec (≤1 mm),67.5,-2.052671755725193,1.826335877862597,-0.46003807224913074,0.6378633949222791,,0,0,0,0
2012-10-19,15.9,25.6,0.0,6.6,9.8,NE,31.0,WNW,E,11,19,78,56,1016.4,1011.6,7,4,17.7,24.1,No,No,0,0,1,2012,10,Oct,2012-10-01,Q4,293,Printemps,20.75,9.700000000000001,15.0,67.0,1014.0,Sec (≤1 mm),45.0,2.0473282442748086,1.126335877862596,0.4588405019606423,0.3933824197315872,,0,0,0,0
2012-10-20,16.6,33.8,0.0,6.8,11.8,SSE,56.0,WNW,S,22,33,44,57,1007.8,1008.5,1,2,22.8,24.6,No,No,0,0,1,2012,10,Oct,2012-10-01,Q4,294,Printemps,25.2,17.199999999999996,27.5,50.5,1008.15,Sec (≤1 mm),157.5,10.247328244274804,1.826335877862597,2.296597650380187,0.6378633949222791,,0,0,0,0
2012-10-21,14.9,27.4,0.0,5.0,5.0,S,46.0,W,WNW,13,20,66,23,1013.7,1009.5,4,7,19.9,26.9,No,No,0,0,1,2012,10,Oct,2012-10-01,Q4,295,Printemps,21.15,12.499999999999998,16.5,44.5,1011.6,Sec (≤1 mm),180.0,3.847328244274806,0.12633587786259604,0.8622506077112736,0.0441238837448851,,0,0,0,0
2012-10-22,15.1,18.7,0.0,6.0,6.6,SSE,80.0,SSE,S,30,39,68,40,1016.2,1019.7,7,2,15.6,18.0,No,Yes,0,1,1,2012,10,Oct,2012-10-01,Q4,296,Printemps,16.9,3.5999999999999996,34.5,54.0,1017.95,Sec (≤1 mm),157.5,-4.8526717557251935,0.3263358778625953,-1.0875649034167805,0.11397559094222527,,0,1,0,0
2012-10-23,11.8,19.5,7.4,2.0,10.1,SSE,41.0,SE,ESE,19,20,56,41,1027.4,1026.5,6,3,15.7,18.3,Yes,No,1,0,1,2012,10,Oct,2012-10-01,Q4,297,Printemps,15.65,7.699999999999999,19.5,48.5,1026.95,Faible (1-10),157.5,-4.052671755725193,-2.9736641221374036,-0.9082715230831662,-1.0385775778138913,,0,0,0,0
2012-10-24,11.7,23.0,0.2,6.0,11.6,NE,46.0,W,NE,11,24,57,48,1024.3,1017.7,1,2,17.3,21.0,No,No,0,0,1,2012,10,Oct,2012-10-01,Q4,298,Printemps,17.35,11.3,17.5,52.5,1021.0,Sec (≤1 mm),45.0,-0.5526717557251928,-3.073664122137405,-0.12386298412360412,-1.073503431412562,,0,0,0,0
2012-10-25,13.8,25.6,0.0,8.2,10.5,NE,30.0,W,E,9,19,63,46,1013.0,1006.6,3,6,18.2,24.8,No,No,0,0,1,2012,10,Oct,2012-10-01,Q4,299,Printemps,19.700000000000003,11.8,14.0,54.5,1009.8,Sec (≤1 mm),45.0,2.0473282442748086,-0.9736641221374036,0.4588405019606423,-0.3400605058404871,,0,0,0,0
2012-10-26,16.9,21.2,0.0,9.0,3.3,S,56.0,ESE,E,6,19,68,66,1010.6,1007.3,8,7,18.4,20.0,No,No,0,0,1,2012,10,Oct,2012-10-01,Q4,300,Printemps,19.049999999999997,4.300000000000001,12.5,67.0,1008.95,Sec (≤1 mm),180.0,-2.3526717557251935,2.1263358778625943,-0.5272730898742362,0.7426409557182887,,0,0,0,0
2012-10-27,13.1,21.3,0.0,5.4,12.2,SSE,41.0,SSW,SE,7,24,39,40,1015.7,1016.4,1,1,18.0,19.1,No,No,0,0,1,2012,10,Oct,2012-10-01,Q4,301,Printemps,17.2,8.200000000000001,15.5,39.5,1016.05,Sec (≤1 mm),157.5,-2.252671755725192,-1.6736641221374047,-0.5048614173325341,-0.584541481031179,,0,0,0,0
2012-10-28,15.3,19.8,0.0,9.2,5.3,SSE,30.0,ESE,E,13,15,51,47,1025.5,1024.3,7,8,17.0,19.1,No,No,0,0,1,2012,10,Oct,2012-10-01,Q4,302,Printemps,17.55,4.5,14.0,49.0,1024.9,Sec (≤1 mm),157.5,-3.752671755725192,0.5263358778625964,-0.8410365054580607,0.18382729813956608,,0,0,0,0
2012-10-29,12.1,21.7,0.0,3.6,9.4,ENE,44.0,WNW,E,9,30,59,55,1025.1,1021.2,6,2,17.2,20.8,No,No,0,0,1,2012,10,Oct,2012-10-01,Q4,303,Printemps,16.9,9.6,19.5,57.0,1023.15,Sec (≤1 mm),67.5,-1.8526717557251935,-2.6736641221374047,-0.4152147271657273,-0.9338000170178811,,0,0,0,0
2012-10-30,14.1,23.1,0.0,7.2,9.8,NE,43.0,WSW,ENE,2,24,65,48,1019.8,1015.7,5,6,18.6,22.4,No,No,0,0,1,2012,10,Oct,2012-10-01,Q4,304,Printemps,18.6,9.000000000000002,13.0,56.5,1017.75,Sec (≤1 mm),45.0,-0.45267175572519136,-0.6736641221374047,-0.10145131158190203,-0.23528294504447683,,0,0,0,0
2012-10-31,15.7,27.8,0.0,7.0,12.0,ENE,33.0,WNW,ESE,11,20,64,52,1016.1,1013.0,0,3,21.6,24.4,No,No,0,0,1,2012,10,Oct,2012-10-01,Q4,305,Printemps,21.75,12.100000000000001,15.5,58.0,1014.55,Sec (≤1 mm),67.5,4.247328244274808,0.926335877862595,0.9518972978780811,0.3235307125342464,,0,0,0,0
2012-11-01,16.8,33.3,0.0,8.0,5.2,W,52.0,WNW,E,9,20,55,57,1008.3,1002.0,7,7,22.6,24.7,No,No,0,0,1,2012,11,Nov,2012-11-01,Q4,306,Printemps,25.049999999999997,16.499999999999996,14.5,56.0,1005.15,Sec (≤1 mm),270.0,8.473540856031128,-0.5182879377431924,2.1782255896889544,-0.22579788720329635,,0,0,0,0
2012-11-02,16.1,21.9,0.0,10.8,12.2,SSE,54.0,S,SSE,28,26,44,38,1015.2,1015.5,2,1,18.1,20.3,No,Yes,0,1,1,2012,11,Nov,2012-11-01,Q4,307,Printemps,19.0,5.799999999999997,27.0,41.0,1015.35,Sec (≤1 mm),157.5,-2.92645914396887,-1.2182879377431917,-0.7522815199545675,-0.5307606492744138,,0,0,0,0
2012-11-03,13.7,18.5,1.6,5.6,0.0,SE,31.0,WSW,ESE,6,17,82,58,1020.9,1020.1,7,8,15.5,17.8,Yes,Yes,1,1,1,2012,11,Nov,2012-11-01,Q4,308,Printemps,16.1,4.800000000000001,11.5,70.0,1020.5,Faible (1-10),135.0,-6.326459143968869,-3.618287937743194,-1.6262924123043896,-1.5763472620896755,,0,0,0,0
2012-11-04,14.8,22.9,1.4,2.6,9.3,NE,41.0,WNW,ENE,6,26,80,63,1020.5,1017.5,4,4,18.3,21.9,Yes,No,1,0,1,2012,11,Nov,2012-11-01,Q4,309,Printemps,18.85,8.099999999999998,16.0,71.5,1019.0,Faible (1-10),45.0,-1.92645914396887,-2.5182879377431924,-0.49521949279285504,-1.0971200645493469,,0,0,0,0
2012-11-05,17.0,25.1,0.2,5.2,10.0,NNE,52.0,ESE,NE,9,20,70,61,1018.7,1014.9,1,4,21.5,24.3,No,No,0,0,1,2012,11,Nov,2012-11-01,Q4,310,Printemps,21.05,8.100000000000001,14.5,65.5,1016.8,Sec (≤1 mm),22.5,0.27354085603113276,-0.3182879377431931,0.07031696696291313,-0.1386656694686916,,0,0,0,0
2012-11-06,19.6,25.4,0.0,9.0,8.9,NE,57.0,E,NE,15,30,65,61,1015.8,1012.7,6,4,24.0,23.9,No,No,0,0,1,2012,11,Nov,2012-11-01,Q4,311,Printemps,22.5,5.799999999999997,22.5,63.0,1014.25,Sec (≤1 mm),45.0,0.5735408560311299,2.2817120622568083,0.14743557511142616,0.9940531610811748,,0,0,0,0
2012-11-07,19.8,24.2,0.0,8.6,0.0,NE,35.0,NE,ENE,2,19,78,68,1013.8,1010.3,8,8,21.7,22.4,No,No,0,0,1,2012,11,Nov,2012-11-01,Q4,312,Printemps,22.0,4.399999999999999,10.5,73.0,1012.05,Sec (≤1 mm),45.0,-0.6264591439688694,2.4817120622568076,-0.16103885748262864,1.0811853788157795,,0,0,0,0
2012-11-08,19.9,27.3,0.0,3.8,8.4,ESE,35.0,ENE,E,4,20,58,64,1011.9,1011.7,6,7,24.1,23.4,No,Yes,0,1,1,2012,11,Nov,2012-11-01,Q4,313,Printemps,23.6,7.400000000000002,12.0,61.0,1011.8,Sec (≤1 mm),112.5,2.473540856031132,2.5817120622568055,0.6358534267186804,1.124751487683081,,0,0,0,0
2012-11-09,18.5,27.1,9.2,4.2,9.8,S,50.0,W,ENE,9,17,77,86,1014.0,1012.6,5,5,22.2,20.9,Yes,Yes,1,1,1,2012,11,Nov,2012-11-01,Q4,314,Printemps,22.8,8.600000000000001,13.0,81.5,1013.3,Faible (1-10),180.0,2.2735408560311328,1.181712062256807,0.5844410212863381,0.5148259635408463,,0,0,0,0
2012-11-10,16.6,20.9,11.4,7.4,7.0,SSE,50.0,SSE,SSE,28,26,56,54,1022.7,1023.1,6,6,19.6,18.5,Yes,No,1,0,1,2012,11,Nov,2012-11-01,Q4,315,Printemps,18.75,4.299999999999997,27.0,55.0,1022.9000000000001,Modérée (10-30),157.5,-3.92645914396887,-0.7182879377431917,-1.00934354711628,-0.3129301049379011,,0,0,0,0
2012-11-11,13.1,21.4,0.2,9.6,12.7,ESE,31.0,ESE,ESE,13,19,42,45,1028.6,1026.6,1,2,19.4,20.8,No,No,0,0,1,2012,11,Nov,2012-11-01,Q4,316,Printemps,17.25,8.299999999999999,16.0,43.5,1027.6,Sec (≤1 mm),112.5,-3.42645914396887,-4.218287937743193,-0.8808125335354238,-1.8377439152934905,,0,0,0,0
2012-11-12,13.0,23.7,0.0,6.0,11.3,NE,54.0,W,NE,13,31,55,51,1025.0,1019.7,4,7,19.4,22.0,No,No,0,0,1,2012,11,Nov,2012-11-01,Q4,317,Printemps,18.35,10.7,22.0,53.0,1022.35,Sec (≤1 mm),45.0,-1.1264591439688694,-4.318287937743193,-0.28956987106348486,-1.8813100241607927,,0,0,0,0
2012-11-13,16.9,23.9,0.0,9.8,9.9,S,57.0,S,SSE,19,28,60,51,1020.3,1019.0,1,3,19.6,21.0,No,No,0,0,1,2012,11,Nov,2012-11-01,Q4,318,Printemps,20.4,7.0,23.5,55.5,1019.65,Sec (≤1 mm),180.0,-0.9264591439688701,-0.4182879377431945,-0.23815746563114257,-0.18223177833599474,,0,0,0,0
2012-11-14,15.9,20.7,0.0,8.0,0.3,E,31.0,E,E,15,20,80,71,1019.5,1017.4,8,8,16.9,18.4,No,No,0,0,1,2012,11,Nov,2012-11-01,Q4,319,Printemps,18.3,4.799999999999999,17.5,75.5,1018.45,Sec (≤1 mm),90.0,-4.126459143968869,-1.4182879377431927,-1.0607559525486223,-0.6178928670090192,,0,0,0,0
2012-11-15,16.2,24.7,0.2,4.2,7.2,ENE,35.0,NE,ENE,19,17,72,62,1014.7,1010.7,8,7,20.5,23.6,No,No,0,0,1,2012,11,Nov,2012-11-01,Q4,320,Printemps,20.45,8.5,18.0,67.0,1012.7,Sec (≤1 mm),67.5,-0.12645914396886937,-1.1182879377431938,-0.03250784390177241,-0.48719454040711213,,0,0,0,0
2012-11-16,17.2,18.0,0.4,5.0,0.0,SSW,41.0,SSW,SSE,11,9,86,81,1012.7,1011.0,8,8,17.2,17.5,No,Yes,0,1,1,2012,11,Nov,2012-11-01,Q4,321,Printemps,17.6,0.8000000000000007,10.0,83.5,1011.85,Sec (≤1 mm),202.5,-6.826459143968869,-0.1182879377431938,-1.7548234258852458,-0.05153345173408685,,0,0,0,0
2012-11-17,15.1,21.3,10.4,2.4,7.0,SE,33.0,ESE,E,13,15,57,50,1016.7,1015.1,8,4,17.4,19.8,Yes,No,1,0,1,2012,11,Nov,2012-11-01,Q4,322,Printemps,18.2,6.200000000000001,14.0,53.5,1015.9000000000001,Modérée (10-30),135.0,-3.526459143968868,-2.2182879377431934,-0.9065187362515945,-0.9664217379474398,,0,0,0,0
2012-11-18,15.3,23.1,0.0,6.0,12.2,S,70.0,W,NE,6,35,65,57,1012.9,1007.7,5,3,19.2,22.2,No,No,0,0,1,2012,11,Nov,2012-11-01,Q4,323,Printemps,19.200000000000003,7.800000000000001,20.5,61.0,1010.3,Sec (≤1 mm),180.0,-1.7264591439688672,-2.0182879377431924,-0.44380708736051183,-0.8792895202128344,,0,0,0,0
2012-11-19,12.8,21.1,0.0,8.4,6.9,S,50.0,W,SSW,17,26,44,45,1014.2,1015.6,2,3,18.1,19.9,No,Yes,0,1,1,2012,11,Nov,2012-11-01,Q4,324,Printemps,16.950000000000003,8.3,21.5,44.5,1014.9000000000001,Sec (≤1 mm),180.0,-3.7264591439688672,-4.518287937743192,-0.9579311416839368,-1.9684422418953975,,0,0,0,0
2012-11-20,15.8,23.2,1.6,7.0,7.6,SSE,44.0,SSE,SE,28,22,61,50,1022.2,1021.6,7,3,18.9,21.8,Yes,No,1,0,1,2012,11,Nov,2012-11-01,Q4,325,Printemps,19.5,7.399999999999999,25.0,55.5,1021.9000000000001,Faible (1-10),157.5,-1.6264591439688694,-1.5182879377431924,-0.41810088464434114,-0.6614589758763216,,0,0,0,0
2012-11-21,13.4,24.5,0.4,5.2,10.6,NNE,50.0,W,NE,9,24,60,59,1018.1,1012.2,7,6,19.8,22.3,No,No,0,0,1,2012,11,Nov,2012-11-01,Q4,326,Printemps,18.95,11.1,16.5,59.5,1015.1500000000001,Sec (≤1 mm),22.5,-0.32645914396886866,-3.9182879377431927,-0.08392024933411472,-1.7070455886915825,,0,0,0,0
2012-11-22,17.1,20.7,0.0,9.0,0.3,SSW,72.0,SSE,SE,22,22,66,59,1017.1,1017.0,7,7,18.8,19.4,No,No,0,0,1,2012,11,Nov,2012-11-01,Q4,327,Printemps,18.9,3.599999999999998,22.0,62.5,1017.05,Sec (≤1 mm),202.5,-4.126459143968869,-0.21828793774319166,-1.0607559525486223,-0.09509956060138845,,0,0,0,0
2012-11-23,15.7,22.0,0.0,5.4,5.2,SSE,30.0,E,ESE,13,17,59,55,1020.3,1018.5,7,7,18.7,20.5,No,No,0,0,1,2012,11,Nov,2012-11-01,Q4,328,Printemps,18.85,6.300000000000001,15.0,57.0,1019.4,Sec (≤1 mm),157.5,-2.8264591439688687,-1.6182879377431938,-0.726575317238396,-0.7050250847436248,,0,0,0,0
2012-11-24,16.4,25.4,0.0,5.2,10.8,ENE,39.0,ESE,E,9,28,67,63,1018.8,1014.8,5,1,21.0,23.8,No,No,0,0,1,2012,11,Nov,2012-11-01,Q4,329,Printemps,20.9,9.0,18.5,65.0,1016.8,Sec (≤1 mm),67.5,0.5735408560311299,-0.9182879377431945,0.14743557511142616,-0.4000623226725074,,0,0,0,0
2012-11-25,18.5,31.0,0.0,7.8,12.7,ENE,26.0,W,E,7,15,60,56,1013.9,1012.6,1,2,25.3,27.2,No,No,0,0,1,2012,11,Nov,2012-11-01,Q4,330,Printemps,24.75,12.5,11.0,58.0,1013.25,Sec (≤1 mm),67.5,6.173540856031131,1.181712062256807,1.5869829272170164,0.5148259635408463,,0,0,0,0
2012-11-26,20.7,27.2,0.0,9.4,2.9,WSW,41.0,S,ESE,7,20,74,69,1015.9,1012.3,8,7,22.5,24.1,No,Yes,0,1,1,2012,11,Nov,2012-11-01,Q4,331,Printemps,23.95,6.5,13.5,71.5,1014.0999999999999,Sec (≤1 mm),247.5,2.3735408560311306,3.381712062256806,0.6101472240025088,1.4732803586215018,,0,0,0,0
2012-11-27,19.8,24.1,3.6,4.4,1.0,NE,44.0,ESE,SE,6,13,80,74,1014.1,1014.7,7,7,22.4,22.4,Yes,Yes,1,1,1,2012,11,Nov,2012-11-01,Q4,332,Printemps,21.950000000000003,4.300000000000001,9.5,77.0,1014.4000000000001,Faible (1-10),45.0,-0.7264591439688672,2.4817120622568076,-0.18674506019879936,1.0811853788157795,,0,0,0,0
2012-11-28,18.4,24.5,10.2,3.2,0.0,E,26.0,SE,ESE,9,13,84,74,1018.4,1016.5,7,7,20.5,21.9,Yes,Yes,1,1,1,2012,11,Nov,2012-11-01,Q4,333,Printemps,21.45,6.100000000000001,11.0,79.0,1017.45,Modérée (10-30),90.0,-0.32645914396886866,1.0817120622568055,-0.08392024933411472,0.4712598546735432,,0,0,0,0
2012-11-29,19.9,27.0,1.2,2.4,8.3,NE,43.0,ESE,NE,6,20,71,63,1016.5,1013.6,6,2,23.6,26.2,Yes,No,1,0,1,2012,11,Nov,2012-11-01,Q4,334,Printemps,23.45,7.100000000000001,13.0,67.0,1015.05,Faible (1-10),45.0,2.1735408560311313,2.5817120622568055,0.5587348185701665,1.124751487683081,,0,0,0,0
2012-11-30,21.3,29.5,0.0,7.0,6.7,E,44.0,W,ENE,15,24,73,62,1013.6,1010.4,6,6,25.9,28.0,No,No,0,0,1,2012,11,Nov,2012-11-01,Q4,335,Printemps,25.4,8.2,19.5,67.5,1012.0,Sec (≤1 mm),90.0,4.673540856031131,3.9817120622568076,1.2013898864744477,1.7346770118253174,,0,0,0,0
2013-01-01,20.2,26.2,0.0,11.0,10.9,E,30.0,ESE,E,9,19,70,68,1012.0,1008.6,6,3,23.2,24.1,No,No,0,0,1,2013,1,Jan,2013-01-01,Q1,1,Été,23.2,6.0,14.0,69.0,1010.3,Sec (≤1 mm),90.0,-1.2768953068592062,-0.10361010830325057,-0.3331406865961036,-0.048775236098992744,,0,0,0,31
2013-01-02,20.3,22.9,0.0,7.4,0.9,S,52.0,SE,SE,17,24,70,61,1013.8,1015.1,7,7,21.8,21.1,No,No,0,0,1,2013,1,Jan,2013-01-01,Q1,2,Été,21.6,2.599999999999998,20.5,65.5,1014.45,Sec (≤1 mm),180.0,-4.576895306859207,-0.0036101083032491488,-1.1941073295633025,-0.0016994855783621166,,0,0,0,0
2013-01-03,18.4,24.8,0.0,5.6,12.4,E,30.0,ESE,E,7,19,54,54,1018.8,1016.6,4,1,21.8,23.5,No,No,0,0,1,2013,1,Jan,2013-01-01,Q1,3,Été,21.6,6.400000000000002,13.0,54.0,1017.7,Sec (≤1 mm),90.0,-2.6768953068592047,-1.9036101083032513,-0.6983992624003693,-0.8961387454703323,,0,0,0,0
2013-01-04,18.3,26.6,0.0,9.0,13.1,NNE,52.0,NE,ENE,17,26,59,60,1016.7,1014.1,1,0,24.4,24.8,No,No,0,0,1,2013,1,Jan,2013-01-01,Q1,4,Été,22.450000000000003,8.3,21.5,59.5,1015.4000000000001,Sec (≤1 mm),22.5,-0.876895306859204,-2.003610108303249,-0.22878109350916984,-0.9432144959909613,,0,0,0,0
2013-01-05,20.9,28.3,0.0,9.6,12.7,NE,52.0,NE,ENE,9,17,56,56,1016.1,1014.3,0,1,25.2,27.2,No,No,0,0,1,2013,1,Jan,2013-01-01,Q1,5,Été,24.6,7.400000000000002,13.0,56.0,1015.2,Sec (≤1 mm),45.0,0.8231046931407953,0.5963898916967487,0.21474717711029598,0.28075501754541665,,0,0,0,0
2013-01-06,21.6,28.0,0.0,11.6,13.1,E,33.0,ENE,E,13,20,65,56,1021.0,1019.7,3,1,25.6,27.0,No,No,0,0,1,2013,1,Jan,2013-01-01,Q1,6,Été,24.8,6.399999999999999,16.5,60.5,1020.35,Sec (≤1 mm),90.0,0.5231046931407946,1.2963898916967516,0.1364774822950959,0.6102852711898277,,0,0,0,0
2013-01-07,21.4,27.5,0.0,8.0,9.0,NNE,46.0,S,E,9,20,74,65,1022.5,1018.4,8,1,23.2,25.9,No,No,0,0,1,2013,1,Jan,2013-01-01,Q1,7,Été,24.45,6.100000000000001,14.5,69.5,1020.45,Sec (≤1 mm),22.5,0.023104693140794552,1.0963898916967487,0.006027990936429439,0.5161337701485664,,0,0,0,0
2013-01-08,20.9,42.3,0.0,9.8,8.7,NNW,69.0,SSE,NW,4,28,52,14,1005.8,999.1,6,6,27.3,39.8,No,No,0,0,1,2013,1,Jan,2013-01-01,Q1,8,Été,31.599999999999998,21.4,16.0,33.0,1002.45,Sec (≤1 mm),337.5,14.823104693140792,0.5963898916967487,3.867332935152956,0.28075501754541665,Chaleur extrême,0,0,0,0
2013-01-09,21.1,25.0,0.0,18.4,6.1,SSE,50.0,S,SSE,24,28,64,44,999.3,1002.1,6,6,22.5,21.7,No,No,0,0,1,2013,1,Jan,2013-01-01,Q1,9,Été,23.05,3.8999999999999986,26.0,54.0,1000.7,Sec (≤1 mm),157.5,-2.4768953068592054,0.7963898916967516,-0.6462194658569029,0.3749065185866779,,0,0,0,0
2013-01-10,20.2,25.4,0.0,8.4,1.4,ENE,37.0,ENE,ENE,17,24,63,54,1009.7,1009.6,7,7,22.3,24.3,No,No,0,0,1,2013,1,Jan,2013-01-01,Q1,10,Été,22.799999999999997,5.199999999999999,20.5,58.5,1009.6500000000001,Sec (≤1 mm),67.5,-2.076895306859207,-0.10361010830325057,-0.54185987276997,-0.048775236098992744,,0,0,0,0
2013-01-11,21.2,29.6,0.0,6.2,10.0,NE,43.0,NE,ENE,4,15,62,59,1010.1,1005.5,3,5,25.0,27.3,No,No,0,0,1,2013,1,Jan,2013-01-01,Q1,11,Été,25.4,8.400000000000002,9.5,60.5,1007.8,Sec (≤1 mm),45.0,2.123104693140796,0.8963898916967494,0.553915854642829,0.42198226910730685,,0,0,0,0
2013-01-12,23.5,31.2,0.0,9.6,1.5,SSE,56.0,W,S,13,26,53,50,1005.8,1006.7,6,7,29.4,28.1,No,No,0,0,1,2013,1,Jan,2013-01-01,Q1,12,Été,27.35,7.699999999999999,19.5,51.5,1006.25,Sec (≤1 mm),157.5,3.723104693140794,3.19638989169675,0.9713542269905612,1.5047245310817963,,0,0,0,0
2013-01-13,20.7,23.8,0.0,6.2,0.0,SSW,56.0,ESE,SSE,13,19,71,77,1011.5,1008.5,8,7,22.4,22.2,No,Yes,0,1,1,2013,1,Jan,2013-01-01,Q1,13,Été,22.25,3.1000000000000014,16.0,74.0,1010.0,Sec (≤1 mm),202.5,-3.6768953068592047,0.39638989169674943,-0.9592982451177022,0.18660351650415705,,0,0,0,0
2013-01-14,17.1,23.7,8.6,2.0,9.4,S,59.0,S,SSE,17,28,69,49,1015.2,1017.5,7,2,18.8,22.2,Yes,No,1,0,1,2013,1,Jan,2013-01-01,Q1,14,Été,20.4,6.599999999999998,22.5,59.0,1016.35,Faible (1-10),180.0,-3.776895306859206,-3.2036101083032484,-0.9853881433894359,-1.5081235022385204,,0,0,0,0
2013-01-15,16.8,24.9,0.2,9.8,10.8,NE,41.0,NW,E,6,17,62,53,1019.4,1016.7,3,3,20.5,23.1,No,No,0,0,1,2013,1,Jan,2013-01-01,Q1,15,Été,20.85,8.099999999999998,11.5,57.5,1018.05,Sec (≤1 mm),45.0,-2.576895306859207,-3.503610108303249,-0.6723093641286366,-1.6493507538004106,,0,0,0,0
2013-01-16,19.1,27.2,0.0,6.6,11.4,E,31.0,WNW,E,7,24,64,65,1014.6,1011.8,3,4,23.2,24.9,No,No,0,0,1,2013,1,Jan,2013-01-01,Q1,16,Été,23.15,8.099999999999998,15.5,64.5,1013.2,Sec (≤1 mm),90.0,-0.27689530685920616,-1.2036101083032484,-0.07224170387877063,-0.5666084918259213,,0,0,0,0
2013-01-17,21.4,29.0,0.0,8.2,12.1,ENE,41.0,NW,E,2,26,75,67,1012.5,1007.9,5,1,24.3,26.5,No,No,0,0,1,2013,1,Jan,2013-01-01,Q1,17,Été,25.2,7.600000000000001,14.0,71.0,1010.2,Sec (≤1 mm),67.5,1.5231046931407946,1.0963898916967487,0.39737646501242885,0.5161337701485664,,0,0,0,0
2013-01-18,21.7,45.8,0.0,9.0,8.4,S,78.0,E,E,13,15,62,14,1002.9,997.9,0,3,28.9,44.7,No,No,0,0,1,2013,1,Jan,2013-01-01,Q1,18,Été,33.75,24.099999999999998,14.0,38.0,1000.4,Sec (≤1 mm),180.0,18.32310469314079,1.3963898916967494,4.780479374663622,0.6573610217104566,Chaleur extrême,0,1,0,0
2013-01-19,21.5,24.8,0.0,12.6,2.3,SSE,50.0,S,SSE,19,20,65,59,1013.2,1013.8,6,8,22.7,22.4,No,No,0,0,1,2013,1,Jan,2013-01-01,Q1,19,Été,23.15,3.3000000000000007,19.5,62.0,1013.5,Sec (≤1 mm),157.5,-2.6768953068592047,1.1963898916967501,-0.6983992624003693,0.563209520669197,,0,0,0,0
2013-01-20,20.2,24.3,0.2,5.0,0.0,SSE,28.0,SE,ESE,13,15,67,59,1017.3,1016.1,7,8,22.3,23.6,No,No,0,0,1,2013,1,Jan,2013-01-01,Q1,20,Été,22.25,4.100000000000001,14.0,63.0,1016.7,Sec (≤1 mm),157.5,-3.1768953068592047,-0.10361010830325057,-0.8288487537590358,-0.048775236098992744,,0,0,0,0
2013-01-21,20.7,26.6,0.2,4.2,5.3,ENE,37.0,ESE,NE,2,17,71,52,1015.8,1013.4,7,7,24.2,25.5,No,No,0,0,1,2013,1,Jan,2013-01-01,Q1,21,Été,23.65,5.900000000000002,9.5,61.5,1014.5999999999999,Sec (≤1 mm),67.5,-0.876895306859204,0.39638989169674943,-0.22878109350916984,0.18660351650415705,,0,0,0,0
2013-01-22,20.9,29.6,0.0,7.4,7.3,S,52.0,NNE,NE,17,17,63,63,1010.4,1007.4,2,7,26.5,26.5,No,No,0,0,1,2013,1,Jan,2013-01-01,Q1,22,Été,25.25,8.700000000000003,17.0,63.0,1008.9,Sec (≤1 mm),180.0,2.123104693140796,0.5963898916967487,0.553915854642829,0.28075501754541665,,0,0,0,0
2013-01-23,20.7,25.7,0.0,6.2,2.3,S,56.0,SSW,S,20,26,74,61,1015.3,1015.3,7,7,21.8,24.4,No,No,0,0,1,2013,1,Jan,2013-01-01,Q1,23,Été,23.2,5.0,23.0,67.5,1015.3,Sec (≤1 mm),180.0,-1.7768953068592062,0.39638989169674943,-0.46359017795477003,0.18660351650415705,,0,0,0,0
2013-01-24,20.4,29.8,0.0,7.2,10.5,SSW,33.0,SSW,ESE,20,20,70,52,1017.5,1015.3,7,2,22.7,29.3,No,No,0,0,1,2013,1,Jan,2013-01-01,Q1,24,Été,25.1,9.400000000000002,20.0,61.0,1016.4,Sec (≤1 mm),202.5,2.3231046931407953,0.09638989169674872,0.6060956511862954,0.04537626494226684,,0,0,0,0
2013-01-25,21.6,29.2,0.0,4.6,12.8,ENE,44.0,N,E,11,26,69,64,1012.9,1010.5,2,1,25.8,27.6,No,No,0,0,1,2013,1,Jan,2013-01-01,Q1,25,Été,25.4,7.599999999999998,18.5,66.5,1011.7,Sec (≤1 mm),67.5,1.7231046931407938,1.2963898916967516,0.44955626155589523,0.6102852711898277,,0,0,0,0
2013-01-26,23.7,28.2,0.0,11.4,8.3,NE,57.0,ENE,NE,17,30,73,70,1012.5,1011.1,7,6,26.5,27.0,No,Yes,0,1,1,2013,1,Jan,2013-01-01,Q1,26,Été,25.95,4.5,23.5,71.5,1011.8,Sec (≤1 mm),45.0,0.7231046931407938,3.3963898916967494,0.18865727883856231,1.5988760321230557,,0,0,0,0
2013-01-27,20.1,22.7,16.8,8.2,0.0,W,50.0,E,NNE,6,9,90,90,1009.2,1009.0,8,8,20.5,20.9,Yes,Yes,1,1,1,2013,1,Jan,2013-01-01,Q1,27,Été,21.4,2.599999999999998,7.5,90.0,1009.1,Modérée (10-30),270.0,-4.776895306859206,-0.20361010830324844,-1.246287126106769,-0.0958509866196217,,0,0,0,0
2013-01-28,20.5,23.0,15.8,2.2,0.0,NE,69.0,NE,ENE,7,24,88,92,1009.2,1008.1,8,8,22.7,21.6,Yes,Yes,1,1,1,2013,1,Jan,2013-01-01,Q1,28,Été,21.75,2.5,15.5,90.0,1008.6500000000001,Modérée (10-30),45.0,-4.4768953068592054,0.19638989169675014,-1.1680174312915688,0.09245201546289747,,0,0,0,0
2013-01-29,19.3,26.2,95.2,4.8,4.5,E,70.0,WNW,SSE,11,24,93,71,1001.7,1004.9,8,6,21.5,24.0,Yes,No,1,0,1,2013,1,Jan,2013-01-01,Q1,29,Été,22.75,6.899999999999999,17.5,82.0,1003.3,Forte (>30),90.0,-1.2768953068592062,-1.0036101083032491,-0.3331406865961036,-0.4724569907846617,,1,0,0,0
2013-01-30,19.8,26.0,0.8,5.6,8.5,ESE,28.0,SE,ESE,11,20,70,58,1014.7,1014.0,5,2,22.2,24.9,No,No,0,0,1,2013,1,Jan,2013-01-01,Q1,30,Été,22.9,6.199999999999999,15.5,64.0,1014.35,Sec (≤1 mm),112.5,-1.4768953068592054,-0.5036101083032491,-0.38532048313956996,-0.2370782381815119,,0,0,0,0
2013-01-31,21.0,27.8,0.0,5.6,12.2,NE,54.0,N,NE,19,24,66,64,1013.2,1008.4,3,1,25.9,27.2,No,Yes,0,1,1,2013,1,Jan,2013-01-01,Q1,31,Été,24.4,6.800000000000001,21.5,65.0,1010.8,Sec (≤1 mm),45.0,0.32310469314079526,0.6963898916967501,0.0842976857516295,0.3278307680660473,,0,0,0,0
2013-03-01,16.5,20.1,31.8,6.8,0.0,SSE,63.0,SE,SSE,26,26,86,85,1014.4,1016.2,8,8,19.5,18.7,Yes,Yes,1,1,1,2013,3,Mar,2013-03-01,Q1,60,Automne,18.3,3.6000000000000014,26.0,85.5,1015.3,Forte (>30),157.5,-5.781290322580642,-2.3574193548387115,-2.3597364272999046,-1.0988208759290958,,0,0,0,28
2013-03-02,17.9,23.1,15.2,6.2,0.1,SSE,57.0,SE,SSE,30,31,73,78,1021.0,1020.8,7,8,19.0,20.1,Yes,Yes,1,1,1,2013,3,Mar,2013-03-01,Q1,61,Automne,20.5,5.200000000000003,30.5,75.5,1020.9,Modérée (10-30),157.5,-2.7812903225806416,-0.9574193548387129,-1.1352330920756482,-0.44626441704400177,,0,0,0,0
2013-03-03,17.7,25.5,7.4,4.8,6.8,SE,56.0,SE,ESE,30,30,63,56,1021.6,1020.4,7,6,23.1,24.8,Yes,Yes,1,1,1,2013,3,Mar,2013-03-01,Q1,62,Automne,21.6,7.800000000000001,30.0,59.5,1021.0,Faible (1-10),135.0,-0.381290322580643,-1.1574193548387122,-0.15563042389624335,-0.5394867683133007,,0,0,0,0
2013-03-04,19.5,26.1,4.4,6.6,9.6,ESE,39.0,E,ESE,22,22,53,49,1021.9,1020.9,3,3,23.7,25.1,Yes,No,1,0,1,2013,3,Mar,2013-03-01,Q1,63,Automne,22.8,6.600000000000001,22.0,51.0,1021.4,Faible (1-10),112.5,0.21870967741935843,0.6425806451612885,0.08927024314860857,0.29951439311039285,,0,0,0,0
2013-03-05,20.5,26.8,0.2,6.0,9.1,ENE,35.0,E,ENE,20,28,70,48,1021.7,1020.0,6,3,23.1,25.8,No,No,0,0,1,2013,3,Mar,2013-03-01,Q1,64,Automne,23.65,6.300000000000001,24.0,59.0,1020.85,Sec (≤1 mm),67.5,0.9187096774193577,1.6425806451612885,0.3749876880342682,0.7656261494568891,,0,0,0,0
2013-03-06,20.2,27.3,0.0,7.4,7.6,ENE,39.0,NNW,ENE,6,24,78,55,1020.9,1018.4,7,3,21.6,25.6,No,No,0,0,1,2013,3,Mar,2013-03-01,Q1,65,Automne,23.75,7.100000000000001,15.0,66.5,1019.65,Sec (≤1 mm),67.5,1.4187096774193577,1.3425806451612878,0.5790715772383109,0.6257926225529399,,0,0,0,0
2013-03-07,18.6,27.1,0.0,7.4,11.4,NE,39.0,WNW,NE,11,24,67,52,1019.9,1017.4,1,1,22.8,26.3,No,No,0,0,1,2013,3,Mar,2013-03-01,Q1,66,Automne,22.85,8.5,17.5,59.5,1018.65,Sec (≤1 mm),45.0,1.2187096774193584,-0.25741935483871003,0.49743802155669414,-0.11998618760145306,,0,0,0,0
2013-03-08,20.3,26.8,0.0,7.8,6.1,E,31.0,W,E,9,20,67,57,1022.1,1020.5,4,4,22.4,26.2,No,No,0,0,1,2013,3,Mar,2013-03-01,Q1,67,Automne,23.55,6.5,14.5,62.0,1021.3,Sec (≤1 mm),90.0,0.9187096774193577,1.4425806451612893,0.3749876880342682,0.6724037981875902,,0,0,0,0
2013-03-09,21.2,27.2,0.6,6.8,6.6,ENE,39.0,W,ENE,13,24,75,53,1021.3,1019.0,5,3,22.5,26.0,No,No,0,0,1,2013,3,Mar,2013-03-01,Q1,68,Automne,24.2,6.0,18.5,64.0,1020.15,Sec (≤1 mm),67.5,1.3187096774193563,2.342580645161288,0.5382547993975019,1.091904378899436,,0,0,0,0
2013-03-10,19.6,28.0,0.0,7.4,9.8,ENE,35.0,W,ENE,7,20,67,49,1020.1,1017.5,5,5,22.3,25.5,No,No,0,0,1,2013,3,Mar,2013-03-01,Q1,69,Automne,23.8,8.399999999999999,13.5,58.0,1018.8,Sec (≤1 mm),67.5,2.118709677419357,0.74258064516129,0.8647890221239706,0.34612556874504313,,0,0,0,0
2013-03-11,20.7,27.4,0.0,7.8,9.3,ENE,35.0,W,E,9,26,72,64,1020.7,1019.6,5,5,23.2,25.4,No,No,0,0,1,2013,3,Mar,2013-03-01,Q1,70,Automne,24.049999999999997,6.699999999999999,17.5,68.0,1020.1500000000001,Sec (≤1 mm),67.5,1.5187096774193556,1.8425806451612878,0.6198883550791187,0.858848500726188,,0,0,0,0
2013-03-12,20.4,26.4,0.0,6.4,7.9,E,30.0,W,E,13,19,78,58,1021.0,1018.4,7,2,21.9,25.7,No,No,0,0,1,2013,3,Mar,2013-03-01,Q1,71,Automne,23.4,6.0,16.0,68.0,1019.7,Sec (≤1 mm),90.0,0.5187096774193556,1.5425806451612871,0.21172057667103308,0.7190149738222388,,0,0,0,0
2013-03-13,18.3,28.3,0.0,5.4,11.1,NE,46.0,W,NE,7,26,72,52,1014.5,1010.9,1,1,21.5,26.3,No,No,0,0,1,2013,3,Mar,2013-03-01,Q1,72,Automne,23.3,10.0,16.5,62.0,1012.7,Sec (≤1 mm),45.0,2.4187096774193577,-0.5574193548387107,0.9872393556463965,-0.25981971450540225,,0,0,0,0
2013-03-14,20.8,24.3,0.0,7.8,1.3,SSW,43.0,SSE,SSW,7,11,72,68,1012.0,1011.2,6,7,23.1,24.0,No,No,0,0,1,2013,3,Mar,2013-03-01,Q1,73,Automne,22.55,3.5,9.0,70.0,1011.6,Sec (≤1 mm),202.5,-1.5812903225806423,1.9425806451612893,-0.6454317579859458,0.9054596763608384,,0,0,0,0
2013-03-15,19.7,25.0,1.0,2.6,2.0,SSW,43.0,SSW,SSW,24,26,78,70,1016.1,1015.7,7,7,20.8,22.5,No,No,0,0,1,2013,3,Mar,2013-03-01,Q1,74,Automne,22.35,5.300000000000001,25.0,74.0,1015.9000000000001,Sec (≤1 mm),202.5,-0.881290322580643,0.8425806451612878,-0.3597143131002861,0.3927367443796918,,0,0,0,0
2013-03-16,20.1,28.7,0.2,4.2,10.7,E,31.0,N,E,11,20,70,65,1013.6,1008.9,1,3,23.3,25.8,No,No,0,0,1,2013,3,Mar,2013-03-01,Q1,75,Automne,24.4,8.599999999999998,15.5,67.5,1011.25,Sec (≤1 mm),90.0,2.8187096774193563,1.24258064516129,1.15050646700963,0.5791814469182913,,0,0,0,0
2013-03-17,18.7,24.0,0.0,6.8,10.8,SSW,65.0,SSW,SSW,24,31,48,35,1013.0,1015.0,2,1,19.2,23.2,No,No,0,0,1,2013,3,Mar,2013-03-01,Q1,76,Automne,21.35,5.300000000000001,27.5,41.5,1014.0,Sec (≤1 mm),202.5,-1.881290322580643,-0.15741935483871217,-0.7678820915083717,-0.07337501196680443,,0,0,0,0
2013-03-18,13.9,23.8,0.0,8.6,10.2,SSW,41.0,W,ESE,20,24,55,44,1021.1,1020.2,2,2,16.8,22.3,No,No,0,0,1,2013,3,Mar,2013-03-01,Q1,77,Automne,18.85,9.9,22.0,49.5,1020.6500000000001,Sec (≤1 mm),202.5,-2.0812903225806423,-4.957419354838711,-0.8495156471899885,-2.310711442429986,,0,0,0,0
2013-03-19,14.3,24.7,0.0,6.4,10.7,ESE,28.0,W,ESE,17,19,66,48,1024.2,1022.8,2,3,16.3,23.0,No,No,0,0,1,2013,3,Mar,2013-03-01,Q1,78,Automne,19.5,10.399999999999999,18.0,57.0,1023.5,Sec (≤1 mm),112.5,-1.1812903225806437,-4.557419354838711,-0.4821646466227121,-2.1242667398913873,,0,0,0,0
2013-03-20,16.1,24.8,0.0,5.4,9.9,NE,37.0,WNW,E,13,20,71,53,1025.4,1022.3,3,3,19.3,24.5,No,No,0,0,1,2013,3,Mar,2013-03-01,Q1,79,Automne,20.450000000000003,8.7,16.5,62.0,1023.85,Sec (≤1 mm),45.0,-1.0812903225806423,-2.75741935483871,-0.44134786878190296,-1.2852655784676936,,0,0,0,0
2013-03-21,18.5,26.3,0.0,6.6,8.0,NNE,54.0,NNE,NE,7,26,60,50,1019.4,1014.3,2,7,21.1,25.0,No,No,0,0,1,2013,3,Mar,2013-03-01,Q1,80,Automne,22.4,7.800000000000001,16.5,55.0,1016.8499999999999,Sec (≤1 mm),22.5,0.4187096774193577,-0.35741935483871146,0.17090379883022538,-0.16659736323610336,,0,0,0,0
2013-03-22,21.1,31.8,0.0,6.8,4.4,NW,59.0,NNW,NNW,20,20,56,41,1013.5,1011.0,6,7,26.1,31.5,No,No,0,0,1,2013,3,Mar,2013-03-01,Q1,81,Automne,26.450000000000003,10.7,20.0,48.5,1012.25,Sec (≤1 mm),315.0,5.918709677419358,2.24258064516129,2.415826580074696,1.0452932032647875,,0,0,0,0
2013-03-23,21.6,27.0,1.0,8.4,8.5,ESE,30.0,ESE,E,4,24,73,73,1016.5,1013.7,4,5,24.2,24.0,No,No,0,0,1,2013,3,Mar,2013-03-01,Q1,82,Automne,24.3,5.399999999999999,14.0,73.0,1015.1,Sec (≤1 mm),112.5,1.118709677419357,2.74258064516129,0.456621243715885,1.2783490814380356,,0,0,0,0
2013-03-24,20.6,28.4,0.8,4.8,10.5,E,28.0,WNW,E,9,17,71,65,1015.9,1011.5,1,1,22.6,26.4,No,No,0,0,1,2013,3,Mar,2013-03-01,Q1,83,Automne,24.5,7.799999999999997,13.0,68.0,1013.7,Sec (≤1 mm),90.0,2.5187096774193556,1.74258064516129,1.0280561334872043,0.8122373250915393,,0,0,0,0
2013-03-25,17.9,30.0,0.0,7.0,11.0,S,30.0,WNW,S,19,13,57,49,1018.3,1017.5,1,2,21.8,29.5,No,No,0,0,1,2013,3,Mar,2013-03-01,Q1,84,Automne,23.95,12.100000000000001,16.0,53.0,1017.9,Sec (≤1 mm),180.0,4.118709677419357,-0.9574193548387129,1.6811245789401417,-0.44626441704400177,,0,0,0,0
2013-03-26,20.6,26.9,0.0,4.4,4.3,ENE,39.0,WNW,ENE,9,24,83,73,1019.4,1016.3,7,7,21.7,25.5,No,No,0,0,1,2013,3,Mar,2013-03-01,Q1,85,Automne,23.75,6.299999999999997,16.5,78.0,1017.8499999999999,Sec (≤1 mm),67.5,1.0187096774193556,1.74258064516129,0.41580446587507586,0.8122373250915393,,0,0,0,0
2013-03-27,20.8,27.7,0.0,5.4,10.8,NNE,48.0,W,ENE,0,22,75,64,1019.0,1015.7,1,1,23.4,26.7,No,No,0,0,1,2013,3,Mar,2013-03-01,Q1,86,Automne,24.25,6.899999999999999,11.0,69.5,1017.35,Sec (≤1 mm),22.5,1.8187096774193563,1.9425806451612893,0.7423386886015446,0.9054596763608384,,0,0,0,0
2013-03-28,21.5,33.5,0.0,7.0,7.3,W,37.0,E,E,2,11,71,34,1016.8,1012.1,1,7,23.4,30.9,No,Yes,0,1,1,2013,3,Mar,2013-03-01,Q1,87,Automne,27.5,12.0,6.5,52.5,1014.45,Sec (≤1 mm),270.0,7.618709677419357,2.6425806451612885,3.109711803368441,1.2317379058033853,Chaleur extrême,0,0,0,0
2013-03-29,16.7,22.3,3.0,8.0,8.3,SSE,44.0,SW,SSE,22,20,48,48,1018.5,1017.7,1,7,19.2,20.9,Yes,No,1,0,1,2013,3,Mar,2013-03-01,Q1,88,Automne,19.5,5.600000000000001,21.0,48.0,1018.1,Faible (1-10),157.5,-3.5812903225806423,-2.157419354838712,-1.4617673148021169,-1.005598524659797,,0,0,0,0
2013-03-30,14.8,23.6,0.0,5.2,10.6,NE,35.0,W,ENE,13,24,62,53,1017.6,1012.8,1,6,18.7,22.6,No,No,0,0,1,2013,3,Mar,2013-03-01,Q1,89,Automne,19.200000000000003,8.8,18.5,57.5,1015.2,Sec (≤1 mm),45.0,-2.2812903225806416,-4.057419354838711,-0.9311492028716053,-1.8912108617181391,,0,0,0,0
2013-03-31,17.9,25.4,0.0,5.0,7.3,SSE,44.0,WSW,S,13,28,78,38,1011.4,1010.8,7,6,18.3,24.4,No,Yes,0,1,1,2013,3,Mar,2013-03-01,Q1,90,Automne,21.65,7.5,20.5,58.0,1011.0999999999999,Sec (≤1 mm),157.5,-0.4812903225806444,-0.9574193548387129,-0.1964472017370525,-0.44626441704400177,,0,0,0,0
2013-04-01,17.4,24.3,2.8,6.6,5.8,W,26.0,WSW,E,13,17,83,56,1017.9,1015.5,6,3,18.6,23.5,Yes,No,1,0,1,2013,4,Apr,2013-04-01,Q2,91,Automne,20.85,6.900000000000002,15.0,69.5,1016.7,Faible (1-10),270.0,0.808301886792453,2.040754716981132,0.28994829535240063,0.8904849719323947,,0,0,0,0
2013-04-02,16.3,26.2,0.0,3.8,10.9,SW,39.0,W,ESE,19,19,67,41,1016.0,1013.8,0,2,19.0,25.4,No,Yes,0,1,1,2013,4,Apr,2013-04-01,Q2,92,Automne,21.25,9.899999999999999,19.0,54.0,1014.9,Sec (≤1 mm),225.0,2.7083018867924515,0.9407547169811341,0.9715027617853306,0.41049908192075907,,0,0,0,0
2013-04-03,17.0,18.6,27.4,6.6,0.0,S,48.0,S,S,22,20,88,79,1020.9,1021.7,7,8,17.0,18.0,Yes,Yes,1,1,1,2013,4,Apr,2013-04-01,Q2,93,Automne,17.8,1.6000000000000014,21.0,83.5,1021.3,Modérée (10-30),180.0,-4.891698113207546,1.6407547169811334,-1.7547151039463904,0.7159446482918003,,0,0,0,0
2013-04-04,15.7,20.9,61.4,5.0,0.4,SSW,31.0,SE,SE,17,9,93,89,1028.2,1027.8,8,8,16.6,17.7,Yes,Yes,1,1,1,2013,4,Apr,2013-04-01,Q2,94,Automne,18.299999999999997,5.199999999999999,13.0,91.0,1028.0,Forte (>30),202.5,-2.591698113207549,0.3407547169811327,-0.9296754866854756,0.14868859645986574,,1,0,0,0
2013-04-05,15.6,23.6,18.4,0.8,4.3,W,24.0,WNW,ENE,9,7,83,55,1030.4,1028.4,7,6,17.5,22.9,Yes,Yes,1,1,1,2013,4,Apr,2013-04-01,Q2,95,Automne,19.6,8.000000000000002,8.0,69.0,1029.4,Modérée (10-30),270.0,0.10830188679245367,0.24075471698113304,0.03884928140342652,0.10505351554971712,,0,0,0,0
2013-04-06,15.6,20.6,2.4,3.6,1.6,NE,31.0,W,SE,11,6,93,75,1028.0,1025.2,5,7,17.0,18.8,Yes,Yes,1,1,1,2013,4,Apr,2013-04-01,Q2,96,Automne,18.1,5.000000000000002,8.5,84.0,1026.6,Faible (1-10),45.0,-2.8916981132075463,0.24075471698113304,-1.0372893498064635,0.10505351554971712,,0,0,0,0
2013-04-07,14.2,22.7,3.8,2.4,7.0,W,22.0,W,E,9,15,73,62,1024.5,1021.6,3,3,19.0,22.2,Yes,Yes,1,1,1,2013,4,Apr,2013-04-01,Q2,97,Automne,18.45,8.5,12.0,67.5,1023.05,Faible (1-10),270.0,-0.7916981132075485,-1.1592452830188673,-0.2839923079595413,-0.505837617192366,,0,0,0,0
2013-04-08,14.6,24.2,2.0,3.4,8.3,ESE,26.0,W,ESE,15,17,72,61,1025.3,1023.9,1,6,18.4,22.5,Yes,Yes,1,1,1,2013,4,Apr,2013-04-01,Q2,98,Automne,19.4,9.6,16.0,66.5,1024.6,Faible (1-10),112.5,0.7083018867924515,-0.759245283018867,0.2540770076454038,-0.33129729355177073,,0,0,0,0
2013-04-09,15.6,22.0,5.2,2.4,3.6,WNW,24.0,WNW,ESE,15,6,90,73,1026.7,1024.3,6,3,16.7,20.7,Yes,Yes,1,1,1,2013,4,Apr,2013-04-01,Q2,99,Automne,18.8,6.4,10.5,81.5,1025.5,Faible (1-10),292.5,-1.4916981132075477,0.24075471698113304,-0.5350913219085154,0.10505351554971712,,0,0,0,0
2013-04-10,14.4,24.1,2.0,2.2,10.4,ENE,30.0,WNW,ENE,13,20,72,57,1024.8,1021.3,1,2,18.9,23.0,Yes,No,1,0,1,2013,4,Apr,2013-04-01,Q2,100,Automne,19.25,9.700000000000001,16.5,64.5,1023.05,Faible (1-10),67.5,0.6083018867924537,-0.9592452830188662,0.2182057199384082,-0.41856745537206796,,0,0,0,0
2013-04-11,15.2,25.3,0.0,4.6,10.8,NE,26.0,WNW,ENE,13,17,71,43,1023.5,1021.6,1,1,19.0,24.7,No,No,0,0,1,2013,4,Apr,2013-04-01,Q2,101,Automne,20.25,10.100000000000001,15.0,57.0,1022.55,Sec (≤1 mm),45.0,1.808301886792453,-0.1592452830188673,0.648661172422364,-0.06948680809087818,,0,0,0,0
2013-04-12,15.6,26.0,0.0,4.4,10.3,ENE,31.0,WNW,ENE,13,19,73,47,1025.9,1022.8,1,1,19.7,24.2,No,No,0,0,1,2013,4,Apr,2013-04-01,Q2,102,Automne,20.8,10.4,16.0,60.0,1024.35,Sec (≤1 mm),67.5,2.5083018867924523,0.24075471698113304,0.8997601863713381,0.10505351554971712,,0,0,0,0
2013-04-13,15.7,25.4,0.0,4.8,10.7,NE,35.0,W,NE,17,22,71,55,1021.5,1016.4,1,1,19.6,23.7,No,No,0,0,1,2013,4,Apr,2013-04-01,Q2,103,Automne,20.549999999999997,9.7,19.5,63.0,1018.95,Sec (≤1 mm),45.0,1.9083018867924508,0.3407547169811327,0.6845324601293595,0.14868859645986574,,0,0,0,0
2013-04-14,16.1,27.7,0.0,5.4,10.6,W,24.0,W,ENE,17,13,72,54,1013.9,1010.9,2,2,19.0,25.2,No,No,0,0,1,2013,4,Apr,2013-04-01,Q2,104,Automne,21.9,11.599999999999998,15.0,63.0,1012.4,Sec (≤1 mm),270.0,4.2083018867924515,0.7407547169811348,1.5095720773902757,0.3232289201004618,,0,0,0,0
2013-04-15,17.4,27.9,0.0,5.8,5.7,S,37.0,W,E,9,11,75,49,1010.1,1007.4,7,4,19.0,26.2,No,Yes,0,1,1,2013,4,Apr,2013-04-01,Q2,105,Automne,22.65,10.5,10.0,62.0,1008.75,Sec (≤1 mm),180.0,4.408301886792451,2.040754716981132,1.581314652804268,0.8904849719323947,,0,0,0,0
2013-04-16,16.9,22.0,7.0,3.2,4.4,SSW,41.0,W,S,17,20,88,69,1015.0,1013.5,8,6,17.2,21.4,Yes,No,1,0,1,2013,4,Apr,2013-04-01,Q2,106,Automne,19.45,5.100000000000001,18.5,78.5,1014.25,Faible (1-10),202.5,-1.4916981132075477,1.540754716981132,-0.5350913219085154,0.6723095673816508,,0,0,0,0
2013-04-17,14.2,23.6,0.0,4.0,7.7,SSE,30.0,WNW,SSE,13,17,75,65,1016.7,1014.0,1,7,17.7,21.9,No,No,0,0,1,2013,4,Apr,2013-04-01,Q2,107,Automne,18.9,9.400000000000002,15.0,70.0,1015.35,Sec (≤1 mm),157.5,0.10830188679245367,-1.1592452830188673,0.03884928140342652,-0.505837617192366,,0,0,0,0
2013-04-18,15.4,24.5,0.2,2.6,9.1,S,41.0,WNW,SSE,15,26,76,69,1014.7,1012.5,1,6,18.5,21.4,No,No,0,0,1,2013,4,Apr,2013-04-01,Q2,108,Automne,19.95,9.1,20.5,72.5,1013.6,Sec (≤1 mm),180.0,1.0083018867924523,0.040754716981133754,0.36169087076639306,0.01778335372941986,,0,0,0,0
2013-04-19,13.3,20.2,0.4,4.6,10.5,SW,65.0,WSW,SSW,20,35,50,39,1014.7,1012.8,2,4,15.3,20.0,No,Yes,0,1,1,2013,4,Apr,2013-04-01,Q2,109,Automne,16.75,6.899999999999999,27.5,44.5,1013.75,Sec (≤1 mm),225.0,-3.2916981132075485,-2.059245283018866,-1.1807745006344497,-0.8985533453837045,,0,0,0,0
2013-04-20,12.2,19.0,33.6,4.8,1.2,SE,65.0,S,SSE,17,30,92,68,1013.7,1014.1,8,7,14.6,17.5,Yes,Yes,1,1,1,2013,4,Apr,2013-04-01,Q2,110,Automne,15.6,6.800000000000001,23.5,80.0,1013.9000000000001,Forte (>30),135.0,-4.491698113207548,-3.1592452830188673,-1.6112299531184056,-1.3785392353953416,,0,0,0,0
2013-04-21,10.9,22.2,32.8,2.8,9.7,W,33.0,W,ESE,15,15,71,56,1016.1,1012.4,1,1,14.4,20.0,Yes,No,1,0,1,2013,4,Apr,2013-04-01,Q2,111,Automne,16.55,11.299999999999999,15.0,63.5,1014.25,Forte (>30),270.0,-1.2916981132075485,-4.459245283018866,-0.46334874649452296,-1.9457952872272752,,0,0,0,0
2013-04-22,13.9,24.7,0.2,2.6,8.1,WSW,41.0,WNW,W,13,11,85,39,1011.0,1006.9,6,2,14.6,24.2,No,No,0,0,1,2013,4,Apr,2013-04-01,Q2,112,Automne,19.3,10.799999999999999,12.0,62.0,1008.95,Sec (≤1 mm),247.5,1.2083018867924515,-1.4592452830188662,0.4334334461803855,-0.6367428599228119,,0,0,0,0
2013-04-23,12.7,25.3,0.2,3.6,10.4,WSW,43.0,W,ESE,15,15,57,43,1012.7,1011.7,1,2,16.9,23.4,No,No,0,0,1,2013,4,Apr,2013-04-01,Q2,113,Automne,19.0,12.600000000000001,15.0,50.0,1012.2,Sec (≤1 mm),247.5,1.808301886792453,-2.6592452830188673,0.648661172422364,-1.1603638308445978,,0,0,0,0
2013-04-24,12.3,23.8,0.0,3.6,10.8,W,35.0,W,ESE,20,13,62,27,1018.9,1015.9,1,1,15.5,23.4,No,No,0,0,1,2013,4,Apr,2013-04-01,Q2,114,Automne,18.05,11.5,16.5,44.5,1017.4,Sec (≤1 mm),270.0,0.30830188679245296,-3.059245283018866,0.11059185681741894,-1.3349041544851923,,0,0,0,0
2013-04-25,12.5,23.2,0.0,4.8,10.1,W,33.0,W,ESE,20,17,52,45,1021.8,1019.5,2,1,15.1,20.3,No,No,0,0,1,2013,4,Apr,2013-04-01,Q2,115,Automne,17.85,10.7,18.5,48.5,1020.65,Sec (≤1 mm),270.0,-0.29169811320754846,-2.8592452830188666,-0.10463586942455959,-1.247633992664895,,0,0,0,0
2013-04-26,14.0,27.2,0.0,3.4,10.7,W,41.0,W,SW,17,13,56,30,1022.6,1019.1,1,0,17.3,25.9,No,No,0,0,1,2013,4,Apr,2013-04-01,Q2,116,Automne,20.6,13.2,15.0,43.0,1020.85,Sec (≤1 mm),270.0,3.7083018867924515,-1.3592452830188666,1.330215638855294,-0.5931077790126632,,0,0,0,0
2013-04-27,14.0,26.3,0.0,4.4,9.5,ENE,26.0,W,ENE,17,19,65,51,1022.0,1017.7,1,1,17.2,22.6,No,No,0,0,1,2013,4,Apr,2013-04-01,Q2,117,Automne,20.15,12.3,18.0,58.0,1019.85,Sec (≤1 mm),67.5,2.808301886792453,-1.3592452830188666,1.0073740494923273,-0.5931077790126632,,0,0,0,0
2013-04-28,14.4,28.7,0.0,4.6,10.1,WNW,28.0,W,WNW,7,15,59,29,1019.0,1016.0,1,1,18.6,28.1,No,No,0,0,1,2013,4,Apr,2013-04-01,Q2,118,Automne,21.55,14.299999999999999,11.0,44.0,1017.5,Sec (≤1 mm),292.5,5.2083018867924515,-0.9592452830188662,1.868284954460239,-0.41856745537206796,,0,0,0,0
2013-04-29,15.9,26.5,0.0,6.2,9.3,WNW,26.0,WNW,ESE,13,13,59,73,1022.4,1020.9,1,3,18.5,22.6,No,No,0,0,1,2013,4,Apr,2013-04-01,Q2,119,Automne,21.2,10.6,13.0,66.0,1021.65,Sec (≤1 mm),292.5,3.0083018867924523,0.5407547169811338,1.0791166249063198,0.23595875828016377,,0,0,0,0
2013-04-30,18.4,22.7,0.0,2.8,4.0,SSW,35.0,SSW,SSE,15,19,80,71,1025.6,1022.4,7,7,19.7,20.5,No,No,0,0,1,2013,4,Apr,2013-04-01,Q2,120,Automne,20.549999999999997,4.300000000000001,17.0,75.5,1024.0,Sec (≤1 mm),202.5,-0.7916981132075485,3.040754716981132,-0.2839923079595413,1.3268357810338824,,0,0,0,0
2013-05-01,16.9,25.0,0.0,1.2,7.4,S,37.0,WNW,SE,15,17,86,61,1018.7,1014.3,7,5,18.1,24.2,No,No,0,0,1,2013,5,May,2013-05-01,Q2,121,Automne,20.95,8.100000000000001,16.0,73.5,1016.5,Sec (≤1 mm),180.0,3.8464516129032233,4.789354838709675,1.498754549825906,2.290495296485873,,0,0,0,0
2013-05-02,14.4,20.3,0.0,5.6,7.4,S,46.0,W,S,13,20,53,51,1025.3,1025.2,1,4,15.1,18.7,No,No,0,0,1,2013,5,May,2013-05-01,Q2,122,Automne,17.35,5.9,16.5,52.0,1025.25,Sec (≤1 mm),180.0,-0.8535483870967759,2.289354838709677,-0.33258172918813805,1.0948774243389403,,0,0,0,0
2013-05-03,11.1,22.9,0.0,3.0,10.2,N,31.0,WNW,ENE,19,19,72,51,1026.7,1020.5,1,7,14.0,20.9,No,No,0,0,1,2013,5,May,2013-05-01,Q2,123,Automne,17.0,11.799999999999999,19.0,61.5,1023.6,Sec (≤1 mm),0.0,1.746451612903222,-1.0106451612903236,0.680497914521758,-0.48333816689501247,,0,0,0,0
2013-05-04,14.0,26.4,0.0,4.4,6.2,SSE,56.0,W,SSE,19,37,50,56,1017.9,1018.5,7,3,17.4,20.2,No,No,0,0,1,2013,5,May,2013-05-01,Q2,124,Automne,20.2,12.399999999999999,28.0,53.0,1018.2,Sec (≤1 mm),157.5,5.246451612903222,1.8893548387096768,2.0442589733620036,0.9035785647954307,,0,0,0,0
2013-05-05,12.7,20.1,0.0,6.4,9.1,SSE,37.0,W,S,15,7,56,38,1025.1,1022.1,6,1,14.5,19.7,No,No,0,0,1,2013,5,May,2013-05-01,Q2,125,Automne,16.4,7.400000000000002,11.0,47.0,1023.5999999999999,Sec (≤1 mm),157.5,-1.0535483870967752,0.5893548387096761,-0.4105109325504375,0.2818572712790249,,0,0,0,0
2013-05-06,10.8,20.1,0.0,3.4,8.2,SSW,35.0,W,S,13,17,68,60,1026.6,1024.5,3,7,14.3,19.2,No,No,0,0,1,2013,5,May,2013-05-01,Q2,126,Automne,15.450000000000001,9.3,15.0,64.0,1025.55,Sec (≤1 mm),202.5,-1.0535483870967752,-1.3106451612903225,-0.4105109325504375,-0.626812311552644,,0,0,0,0
2013-05-07,11.7,21.5,0.0,3.0,8.8,ESE,31.0,W,SSE,13,19,76,55,1028.7,1027.1,2,6,15.2,19.9,No,No,0,0,1,2013,5,May,2013-05-01,Q2,127,Automne,16.6,9.8,16.0,65.5,1027.9,Sec (≤1 mm),112.5,0.34645161290322335,-0.4106451612903239,0.13499349098566024,-0.19638987757974857,,0,0,0,0
2013-05-08,12.4,21.6,0.0,3.4,5.3,WNW,22.0,W,E,13,9,80,51,1031.1,1028.1,7,4,15.2,21.2,No,No,0,0,1,2013,5,May,2013-05-01,Q2,128,Automne,17.0,9.200000000000001,11.0,65.5,1029.6,Sec (≤1 mm),292.5,0.44645161290322477,0.28935483870967715,0.17395809266681067,0.13838312662139335,,0,0,0,0
2013-05-09,12.1,23.2,0.0,1.8,10.2,W,24.0,W,ENE,17,13,79,54,1030.7,1027.4,1,1,14.7,22.0,No,No,0,0,1,2013,5,May,2013-05-01,Q2,129,Automne,17.65,11.1,15.0,66.5,1029.0500000000002,Sec (≤1 mm),270.0,2.0464516129032226,-0.010645161290323557,0.7973917195652079,-0.005091018036239023,,0,0,0,0
2013-05-10,12.5,23.5,0.0,3.6,10.0,W,26.0,W,SE,20,13,77,53,1030.8,1028.4,1,1,14.3,22.9,No,No,0,0,1,2013,5,May,2013-05-01,Q2,130,Automne,18.0,11.0,16.5,65.0,1029.6,Sec (≤1 mm),270.0,2.3464516129032233,0.3893548387096768,0.9142855246086579,0.18620784150727052,,0,0,0,0
2013-05-11,13.0,22.1,0.0,2.0,4.3,ENE,31.0,W,ENE,22,22,77,69,1030.2,1027.5,5,6,15.2,20.8,No,No,0,0,1,2013,5,May,2013-05-01,Q2,131,Automne,17.55,9.100000000000001,22.0,73.0,1028.85,Sec (≤1 mm),67.5,0.9464516129032248,0.8893548387096768,0.36878110107256007,0.42533141593665724,,0,0,0,0
2013-05-12,14.0,22.1,0.0,3.6,7.0,ENE,28.0,W,ENE,13,13,93,59,1027.2,1022.7,8,2,14.3,21.4,No,No,0,0,1,2013,5,May,2013-05-01,Q2,132,Automne,18.05,8.100000000000001,13.0,76.0,1024.95,Sec (≤1 mm),67.5,0.9464516129032248,1.8893548387096768,0.36878110107256007,0.9035785647954307,,0,0,0,0
2013-05-13,13.7,22.8,0.0,2.0,1.8,NNW,28.0,W,NNE,9,11,88,53,1018.9,1014.2,7,8,14.4,21.9,No,No,0,0,1,2013,5,May,2013-05-01,Q2,133,Automne,18.25,9.100000000000001,10.0,70.5,1016.55,Sec (≤1 mm),337.5,1.646451612903224,1.589354838709676,0.641533312840609,0.7601044201377983,,0,0,0,0
2013-05-14,14.2,21.3,0.0,2.4,6.9,W,41.0,W,SE,20,13,60,31,1013.8,1011.1,7,6,14.2,20.0,No,No,0,0,1,2013,5,May,2013-05-01,Q2,134,Automne,17.75,7.100000000000001,16.5,45.5,1012.45,Sec (≤1 mm),270.0,0.14645161290322406,2.089354838709676,0.05706428762336076,0.999227994567185,,0,0,0,0
2013-05-15,9.2,20.6,0.2,2.8,9.8,W,46.0,W,WNW,15,28,59,34,1013.2,1009.6,1,3,13.6,20.1,No,No,0,0,1,2013,5,May,2013-05-01,Q2,135,Automne,14.9,11.400000000000002,21.5,46.5,1011.4000000000001,Sec (≤1 mm),270.0,-0.5535483870967752,-2.910645161290324,-0.21568792414468813,-1.3920077497266823,,0,0,0,0
2013-05-16,13.6,20.6,0.0,5.4,8.3,W,50.0,NNW,W,22,31,55,36,1010.3,1007.3,2,3,16.9,19.4,No,No,0,0,1,2013,5,May,2013-05-01,Q2,136,Automne,17.1,7.000000000000002,26.5,45.5,1008.8,Sec (≤1 mm),270.0,-0.5535483870967752,1.4893548387096764,-0.21568792414468813,0.7122797052519212,,0,0,0,0
2013-05-17,12.2,19.6,0.0,4.6,10.1,WSW,57.0,WSW,WSW,24,28,50,33,1011.9,1010.4,1,1,14.7,18.6,No,No,0,0,1,2013,5,May,2013-05-01,Q2,137,Automne,15.9,7.400000000000002,26.0,41.5,1011.15,Sec (≤1 mm),247.5,-1.5535483870967752,0.08935483870967609,-0.6053339409561869,0.04273369684963815,,0,0,0,0
2013-05-18,11.1,20.6,0.0,3.8,10.1,WSW,41.0,W,W,17,22,53,31,1014.7,1011.8,1,1,13.2,19.1,No,No,0,0,1,2013,5,May,2013-05-01,Q2,138,Automne,15.850000000000001,9.500000000000002,19.5,42.0,1013.25,Sec (≤1 mm),247.5,-0.5535483870967752,-1.0106451612903236,-0.21568792414468813,-0.48333816689501247,,0,0,0,0
2013-05-19,9.8,20.2,0.0,3.6,9.1,W,39.0,W,W,20,20,54,30,1016.8,1014.1,2,1,12.1,19.0,No,No,0,0,1,2013,5,May,2013-05-01,Q2,139,Automne,15.0,10.399999999999999,20.0,42.0,1015.45,Sec (≤1 mm),270.0,-0.9535483870967774,-2.3106451612903225,-0.37154633086928845,-1.1050594604114174,,0,0,0,0
2013-05-20,10.1,20.7,0.0,4.0,8.5,W,44.0,W,WSW,19,22,61,37,1018.7,1014.7,4,3,11.3,19.6,No,No,0,0,1,2013,5,May,2013-05-01,Q2,140,Automne,15.399999999999999,10.6,20.5,49.0,1016.7,Sec (≤1 mm),270.0,-0.45354838709677736,-2.0106451612903236,-0.17672332246353908,-0.9615853157537859,,0,0,0,0
2013-05-21,10.1,22.5,0.0,4.0,9.1,W,54.0,W,SW,22,20,55,32,1015.3,1012.3,3,7,15.4,21.8,No,No,0,0,1,2013,5,May,2013-05-01,Q2,141,Automne,16.3,12.4,21.0,43.5,1013.8,Sec (≤1 mm),270.0,1.3464516129032233,-2.0106451612903236,0.5246395077971591,-0.9615853157537859,,0,0,0,0
2013-05-22,9.4,16.0,0.0,2.2,1.3,WNW,31.0,WNW,SSW,17,20,71,79,1015.0,1010.1,6,8,11.2,14.5,No,Yes,0,1,1,2013,5,May,2013-05-01,Q2,142,Automne,12.7,6.6,18.5,75.0,1012.55,Sec (≤1 mm),292.5,-5.153548387096777,-2.710645161290323,-2.008059601477583,-1.2963583199549271,,0,0,0,0
2013-05-23,10.6,17.4,27.2,5.2,0.7,SSE,48.0,WSW,SE,11,22,93,71,1013.7,1012.7,7,6,13.4,16.4,Yes,Yes,1,1,1,2013,5,May,2013-05-01,Q2,143,Automne,14.0,6.799999999999999,16.5,82.0,1013.2,Modérée (10-30),157.5,-3.753548387096778,-1.5106451612903236,-1.4625551779414854,-0.7224617413243992,,0,0,0,0
2013-05-24,12.7,20.6,30.6,2.4,5.8,SE,48.0,W,SSE,28,24,89,47,1019.1,1017.9,7,7,13.0,20.1,Yes,Yes,1,1,1,2013,5,May,2013-05-01,Q2,144,Automne,16.65,7.900000000000002,26.0,68.0,1018.5,Forte (>30),135.0,-0.5535483870967752,0.5893548387096761,-0.21568792414468813,0.2818572712790249,,0,0,0,0
2013-05-25,10.6,21.3,20.0,3.8,9.4,W,41.0,W,SSE,22,15,83,50,1023.7,1022.1,1,1,12.2,20.8,Yes,No,1,0,1,2013,5,May,2013-05-01,Q2,145,Automne,15.95,10.700000000000001,18.5,66.5,1022.9000000000001,Modérée (10-30),270.0,0.14645161290322406,-1.5106451612903236,0.05706428762336076,-0.7224617413243992,,0,0,0,0
2013-05-26,9.5,21.3,0.0,1.8,10.1,W,30.0,W,NE,20,4,70,45,1025.7,1023.0,1,1,11.3,20.2,No,Yes,0,1,1,2013,5,May,2013-05-01,Q2,146,Automne,15.4,11.8,12.0,57.5,1024.35,Sec (≤1 mm),270.0,0.14645161290322406,-2.610645161290323,0.05706428762336076,-1.2485336050690499,,0,0,0,0
2013-05-27,10.6,20.2,3.4,3.2,7.1,SSW,41.0,W,SSE,22,24,84,58,1029.4,1028.2,5,5,11.6,19.4,Yes,Yes,1,1,1,2013,5,May,2013-05-01,Q2,147,Automne,15.399999999999999,9.6,23.0,71.0,1028.8000000000002,Faible (1-10),202.5,-0.9535483870967774,-1.5106451612903236,-0.37154633086928845,-0.7224617413243992,,0,0,0,0
2013-05-28,11.6,19.3,28.6,1.2,3.2,ENE,30.0,WNW,E,11,15,94,75,1032.8,1030.2,8,8,12.9,17.8,Yes,No,1,0,1,2013,5,May,2013-05-01,Q2,148,Automne,15.45,7.700000000000001,13.0,84.5,1031.5,Modérée (10-30),67.5,-1.853548387096776,-0.5106451612903236,-0.7222277459996368,-0.24421459246562574,,0,0,0,0
2013-05-29,11.3,21.1,0.2,2.0,4.9,W,20.0,W,ENE,15,15,94,60,1031.4,1027.8,8,3,12.3,20.6,No,No,0,0,1,2013,5,May,2013-05-01,Q2,149,Automne,16.200000000000003,9.8,15.0,77.0,1029.6,Sec (≤1 mm),270.0,-0.05354838709677523,-0.8106451612903225,-0.020864915738938727,-0.3876887371232573,,0,0,0,0
2013-05-30,11.7,21.4,0.0,2.6,5.7,E,24.0,WNW,ENE,15,7,90,67,1029.3,1025.9,4,5,12.8,20.0,No,No,0,0,1,2013,5,May,2013-05-01,Q2,150,Automne,16.549999999999997,9.7,11.0,78.5,1027.6,Sec (≤1 mm),90.0,0.24645161290322193,-0.4106451612903239,0.0960288893045098,-0.19638987757974857,,0,0,0,0
2013-05-31,11.8,24.9,0.0,1.6,9.1,W,41.0,W,NNE,9,13,84,40,1028.0,1023.8,1,5,13.9,24.1,No,No,0,0,1,2013,5,May,2013-05-01,Q2,151,Automne,18.35,13.099999999999998,11.0,62.0,1025.9,Sec (≤1 mm),270.0,3.746451612903222,-0.3106451612903225,1.4597899481447556,-0.14856516269387054,,0,0,0,0
2013-06-01,13.9,21.2,0.0,4.0,3.0,NW,52.0,N,N,11,17,62,61,1019.4,1014.1,6,7,18.7,19.9,No,Yes,0,1,1,2013,6,Jun,2013-06-01,Q2,152,Hiver,17.55,7.299999999999999,14.0,61.5,1016.75,Sec (≤1 mm),315.0,2.823793103448274,3.3617241379310343,1.3903507935227088,1.4875345419428214,,0,0,0,0
2013-06-02,14.4,15.8,14.8,3.0,1.8,S,81.0,W,SW,20,24,92,68,1006.1,1009.8,8,7,14.7,14.0,Yes,Yes,1,1,1,2013,6,Jun,2013-06-01,Q2,153,Hiver,15.100000000000001,1.4000000000000004,22.0,80.0,1007.95,Modérée (10-30),180.0,-2.5762068965517244,3.8617241379310343,-1.268446791843713,1.7087803195422768,,0,1,0,0
2013-06-03,9.9,19.5,34.4,4.6,9.7,W,41.0,W,SSE,24,13,57,44,1020.5,1018.9,1,1,11.7,19.1,Yes,No,1,0,1,2013,6,Jun,2013-06-01,Q2,154,Hiver,14.7,9.6,18.5,50.5,1019.7,Forte (>30),270.0,1.1237931034482749,-0.6382758620689657,0.5533219240555022,-0.28243167885282217,,0,0,0,0
2013-06-04,10.3,21.1,0.0,3.6,9.3,W,41.0,W,S,24,9,66,53,1026.3,1023.8,3,1,12.2,20.7,No,No,0,0,1,2013,6,Jun,2013-06-01,Q2,155,Hiver,15.700000000000001,10.8,16.5,59.5,1025.05,Sec (≤1 mm),270.0,2.7237931034482763,-0.23827586206896534,1.3411138012011097,-0.10543505677325765,,0,0,0,0
2013-06-05,10.5,19.3,0.0,3.4,2.3,W,26.0,WNW,ENE,7,13,87,70,1025.8,1021.6,8,7,11.7,18.3,No,No,0,0,1,2013,6,Jun,2013-06-01,Q2,156,Hiver,14.9,8.8,10.0,78.5,1023.7,Sec (≤1 mm),270.0,0.9237931034482756,-0.03827586206896605,0.45484793941230167,-0.01693674573347579,,0,0,0,0
2013-06-06,11.7,20.1,0.0,1.6,2.3,NNW,26.0,W,NNE,15,6,61,59,1022.8,1020.0,7,8,14.9,19.2,No,No,0,0,1,2013,6,Jun,2013-06-01,Q2,157,Hiver,15.9,8.400000000000002,10.5,60.0,1021.4,Sec (≤1 mm),337.5,1.7237931034482763,1.1617241379310332,0.8487438779851054,0.514053120505217,,0,0,0,0
2013-06-07,14.9,22.2,0.0,2.0,1.8,SSE,41.0,NNW,SSW,20,15,70,55,1019.8,1018.5,8,6,18.5,21.6,No,No,0,0,1,2013,6,Jun,2013-06-01,Q2,158,Hiver,18.55,7.299999999999999,17.5,62.5,1019.15,Sec (≤1 mm),157.5,3.823793103448274,4.361724137931034,1.8827207167387132,1.9300260971417322,,0,0,0,0
2013-06-08,13.5,19.2,0.0,3.0,1.5,SSE,43.0,W,SE,19,11,73,53,1030.7,1028.6,7,7,14.2,17.5,No,No,0,0,1,2013,6,Jun,2013-06-01,Q2,159,Hiver,16.35,5.699999999999999,15.0,63.0,1029.65,Sec (≤1 mm),157.5,0.8237931034482742,2.961724137931034,0.40561094709070056,1.310537919863257,,0,0,0,0
2013-06-09,11.0,18.9,0.0,7.0,6.9,ENE,26.0,W,ENE,13,15,80,63,1028.6,1024.3,4,7,12.6,18.4,No,No,0,0,1,2013,6,Jun,2013-06-01,Q2,160,Hiver,14.95,7.899999999999999,14.0,71.5,1026.4499999999998,Sec (≤1 mm),67.5,0.5237931034482735,0.46172413793103395,0.25789997012589894,0.20430903186597965,,0,0,0,0
2013-06-10,10.5,21.5,0.0,1.4,3.9,NNW,28.0,W,WNW,13,17,90,67,1021.6,1018.7,2,8,11.1,18.5,No,No,0,0,1,2013,6,Jun,2013-06-01,Q2,161,Hiver,16.0,11.0,15.0,78.5,1020.1500000000001,Sec (≤1 mm),337.5,3.123793103448275,-0.03827586206896605,1.5380617704875106,-0.01693674573347579,,0,0,0,0
2013-06-11,10.5,19.6,0.8,0.2,8.5,W,30.0,W,WNW,17,9,94,54,1021.0,1017.6,3,6,11.3,18.4,No,No,0,0,1,2013,6,Jun,2013-06-01,Q2,162,Hiver,15.05,9.100000000000001,13.0,74.0,1019.3,Sec (≤1 mm),270.0,1.2237931034482763,-0.03827586206896605,0.6025589163771032,-0.01693674573347579,,0,0,0,0
2013-06-12,10.4,16.0,0.0,2.0,1.0,W,41.0,WNW,W,13,19,85,90,1015.1,1009.7,7,6,11.6,15.8,No,Yes,0,1,1,2013,6,Jun,2013-06-01,Q2,163,Hiver,13.2,5.6,16.0,87.5,1012.4000000000001,Sec (≤1 mm),270.0,-2.376206896551725,-0.1382758620689657,-1.1699728072005124,-0.061185901253366724,,0,0,0,0
2013-06-13,10.6,20.9,8.4,0.6,8.6,NW,48.0,WNW,WNW,15,20,89,45,1007.0,1004.3,3,3,13.4,20.1,Yes,No,1,0,1,2013,6,Jun,2013-06-01,Q2,164,Hiver,15.75,10.299999999999999,17.5,67.0,1005.65,Faible (1-10),315.0,2.5237931034482735,0.061724137931033596,1.2426398165579073,0.02731240978641514,,0,0,0,0
2013-06-14,11.7,20.1,0.0,3.6,7.0,W,46.0,NNW,WSW,17,22,64,46,1005.2,1002.9,2,6,14.0,18.5,No,No,0,0,1,2013,6,Jun,2013-06-01,Q2,165,Hiver,15.9,8.400000000000002,19.5,55.0,1004.05,Sec (≤1 mm),270.0,1.7237931034482763,1.1617241379310332,0.8487438779851054,0.514053120505217,,0,0,0,0
2013-06-15,13.0,17.6,0.0,4.0,5.0,WSW,43.0,WSW,SSW,24,11,58,46,1009.9,1009.9,4,7,13.8,17.3,No,No,0,0,1,2013,6,Jun,2013-06-01,Q2,166,Hiver,15.3,4.600000000000001,17.5,52.0,1009.9,Sec (≤1 mm),247.5,-0.7762068965517237,2.461724137931034,-0.3821809300549051,1.0892921422638013,,0,0,0,0
2013-06-16,9.7,19.1,0.0,3.2,9.5,W,41.0,W,S,24,15,59,50,1014.4,1011.6,2,4,11.8,16.6,No,No,0,0,1,2013,6,Jun,2013-06-01,Q2,167,Hiver,14.4,9.400000000000002,19.5,54.5,1013.0,Sec (≤1 mm),270.0,0.7237931034482763,-0.8382758620689668,0.35637395476910116,-0.37092998989260484,,0,0,0,0
2013-06-17,8.5,17.7,0.0,3.8,3.8,S,44.0,W,SW,26,17,65,56,1009.5,1008.3,6,6,11.0,15.7,No,No,0,0,1,2013,6,Jun,2013-06-01,Q2,168,Hiver,13.1,9.2,21.5,60.5,1008.9,Sec (≤1 mm),180.0,-0.6762068965517258,-2.038275862068966,-0.3329439377333057,-0.9019198561312975,,0,0,0,0
2013-06-18,8.0,19.2,0.0,1.6,8.0,S,43.0,W,S,26,17,76,52,1013.5,1012.2,1,2,9.6,16.1,No,Yes,0,1,1,2013,6,Jun,2013-06-01,Q2,169,Hiver,13.6,11.2,21.5,64.0,1012.85,Sec (≤1 mm),180.0,0.8237931034482742,-2.538275862068966,0.40561094709070056,-1.123165633730753,,0,0,0,0
2013-06-19,8.7,16.1,15.6,3.2,0.0,S,52.0,W,SSW,24,26,80,65,1021.7,1021.3,6,7,10.5,14.3,Yes,Yes,1,1,1,2013,6,Jun,2013-06-01,Q2,170,Hiver,12.4,7.400000000000002,25.0,72.5,1021.5,Modérée (10-30),180.0,-2.2762068965517237,-1.8382758620689668,-1.1207358148789115,-0.8134215450915157,,0,0,0,0
2013-06-20,8.7,16.6,1.4,2.8,7.2,SSW,39.0,W,SSW,26,20,71,57,1024.2,1021.0,3,6,9.9,15.6,Yes,No,1,0,1,2013,6,Jun,2013-06-01,Q2,171,Hiver,12.65,7.900000000000002,23.0,64.0,1022.6,Faible (1-10),202.5,-1.7762068965517237,-1.8382758620689668,-0.8745508532709093,-0.8134215450915157,,0,0,0,0
2013-06-21,8.0,17.3,0.0,2.0,8.1,W,31.0,W,SSW,19,15,79,58,1021.6,1019.1,5,2,9.6,16.1,No,Yes,0,1,1,2013,6,Jun,2013-06-01,Q2,172,Hiver,12.65,9.3,17.0,68.5,1020.35,Sec (≤1 mm),270.0,-1.0762068965517244,-2.538275862068966,-0.5298919070197067,-1.123165633730753,,0,0,0,0
2013-06-22,7.7,13.5,1.2,2.4,0.0,SE,39.0,W,SSW,26,17,87,83,1024.9,1024.2,7,7,7.9,11.9,Yes,Yes,1,1,1,2013,6,Jun,2013-06-01,Q2,173,Hiver,10.6,5.8,21.5,85.0,1024.5500000000002,Faible (1-10),135.0,-4.876206896551725,-2.838275862068966,-2.400897615240523,-1.2559131002904262,,0,0,0,0
2013-06-23,7.6,13.9,56.2,0.4,0.2,SSE,41.0,WNW,SSW,7,19,93,90,1028.5,1026.7,7,7,11.0,11.9,Yes,Yes,1,1,1,2013,6,Jun,2013-06-01,Q2,174,Hiver,10.75,6.300000000000001,13.0,91.5,1027.6,Forte (>30),157.5,-4.476206896551725,-2.9382758620689664,-2.203949645954121,-1.3001622558103176,,1,0,0,0
2013-06-24,9.6,13.8,53.4,0.2,0.1,W,39.0,W,WNW,17,11,91,77,1021.7,1017.9,7,7,10.2,13.1,Yes,Yes,1,1,1,2013,6,Jun,2013-06-01,Q2,175,Hiver,11.7,4.200000000000001,14.0,84.0,1019.8,Forte (>30),270.0,-4.576206896551724,-0.9382758620689664,-2.2531866382757215,-0.41517914541249573,,1,0,0,0
2013-06-25,10.0,16.7,5.0,2.4,0.2,SSE,41.0,W,W,17,9,93,90,1016.3,1014.8,8,6,10.6,13.8,Yes,Yes,1,1,1,2013,6,Jun,2013-06-01,Q2,176,Hiver,13.35,6.699999999999999,13.0,91.5,1015.55,Faible (1-10),157.5,-1.6762068965517258,-0.538275862068966,-0.8253138609493099,-0.23818252333293125,,0,0,0,0
2013-06-26,10.5,19.8,15.6,1.4,4.3,SSE,52.0,SE,SE,31,20,84,63,1019.8,1020.0,7,7,16.7,19.2,Yes,No,1,0,1,2013,6,Jun,2013-06-01,Q2,177,Hiver,15.15,9.3,25.5,73.5,1019.9,Modérée (10-30),157.5,1.4237931034482756,-0.03827586206896605,0.7010329010203038,-0.01693674573347579,,0,0,0,0
2013-06-27,12.8,18.8,0.8,3.4,2.4,WNW,26.0,W,ESE,15,19,93,64,1022.9,1020.7,7,7,13.4,17.6,No,Yes,0,1,1,2013,6,Jun,2013-06-01,Q2,178,Hiver,15.8,6.0,17.0,78.5,1021.8,Sec (≤1 mm),292.5,0.4237931034482756,2.2617241379310347,0.20866297780429957,1.0007938312240197,,0,0,0,0
2013-06-28,12.9,16.1,16.8,2.8,0.0,ESE,41.0,W,ENE,9,15,93,83,1023.7,1022.5,7,7,13.3,16.0,Yes,Yes,1,1,1,2013,6,Jun,2013-06-01,Q2,179,Hiver,14.5,3.200000000000001,12.0,88.0,1023.1,Modérée (10-30),112.5,-2.2762068965517237,2.3617241379310343,-1.1207358148789115,1.0450429867439106,,0,0,0,0
2013-06-29,12.7,14.2,41.0,3.2,0.0,E,28.0,SSE,SSE,9,9,90,87,1024.8,1023.0,8,8,13.6,13.2,Yes,Yes,1,1,1,2013,6,Jun,2013-06-01,Q2,180,Hiver,13.45,1.5,9.0,88.5,1023.9,Forte (>30),90.0,-4.176206896551726,2.1617241379310332,-2.0562386689893204,0.9565446757041278,,0,0,0,0
2013-06-30,11.3,17.1,51.0,2.0,2.2,SE,37.0,W,SSW,11,9,94,82,1025.7,1023.5,7,5,12.4,16.6,Yes,Yes,1,1,1,2013,6,Jun,2013-06-01,Q2,181,Hiver,14.200000000000001,5.800000000000001,10.0,88.0,1024.6,Forte (>30),135.0,-1.2762068965517237,0.7617241379310347,-0.6283658916629072,0.3370564984256532,,0,0,0,0
2013-07-01,8.8,20.1,9.8,0.8,9.8,W,26.0,W,E,20,7,89,56,1024.4,1021.9,1,1,10.3,18.5,Yes,No,1,0,1,2013,7,Jul,2013-07-01,Q3,182,Hiver,14.450000000000001,11.3,13.5,72.5,1023.1500000000001,Faible (1-10),270.0,2.093478260869567,-0.1931159420289852,0.8837531514496687,-0.09412354792920312,,0,0,0,0
2013-07-02,8.8,19.9,0.0,2.2,9.8,W,33.0,W,WNW,20,4,77,46,1024.9,1021.0,1,2,10.2,18.9,No,No,0,0,1,2013,7,Jul,2013-07-01,Q3,183,Hiver,14.35,11.099999999999998,12.0,61.5,1022.95,Sec (≤1 mm),270.0,1.8934782608695642,-0.1931159420289852,0.7993239822561374,-0.09412354792920312,,0,0,0,0
2013-07-03,8.1,19.8,0.0,2.2,9.5,W,26.0,WNW,NNE,19,13,82,53,1024.4,1020.8,1,0,9.5,19.2,No,No,0,0,1,2013,7,Jul,2013-07-01,Q3,184,Hiver,13.95,11.700000000000001,16.0,67.5,1022.6,Sec (≤1 mm),270.0,1.7934782608695663,-0.8931159420289863,0.7571093976593734,-0.4352993351697678,,0,0,0,0
2013-07-04,8.5,23.4,0.0,2.6,9.8,NW,43.0,NNW,NNW,17,22,57,38,1016.3,1011.5,0,1,14.7,22.6,No,No,0,0,1,2013,7,Jul,2013-07-01,Q3,185,Hiver,15.95,14.899999999999999,19.5,47.5,1013.9,Sec (≤1 mm),315.0,5.393478260869564,-0.4931159420289859,2.2768344431429135,-0.24034174246087384,,0,0,0,0
2013-07-05,14.7,19.5,0.0,4.0,9.7,W,65.0,NW,W,20,33,54,30,1010.9,1010.8,1,1,16.0,18.5,No,No,0,0,1,2013,7,Jul,2013-07-01,Q3,186,Hiver,17.1,4.800000000000001,26.5,42.0,1010.8499999999999,Sec (≤1 mm),270.0,1.4934782608695656,5.706884057971013,0.630465643869078,2.78150094452698,,0,0,0,0
2013-07-06,7.8,17.4,0.0,4.2,9.8,WSW,37.0,WNW,WNW,13,19,57,31,1020.1,1018.1,0,0,10.2,17.1,No,No,0,0,1,2013,7,Jul,2013-07-01,Q3,187,Hiver,12.6,9.599999999999998,16.0,44.0,1019.1,Sec (≤1 mm),247.5,-0.6065217391304358,-1.193115942028986,-0.2560406326629884,-0.5815175297014381,,0,0,0,0
2013-07-07,7.4,19.1,0.0,4.0,9.5,W,35.0,W,WSW,19,11,62,35,1026.9,1025.6,1,1,10.0,17.7,No,No,0,0,1,2013,7,Jul,2013-07-01,Q3,188,Hiver,13.25,11.700000000000001,15.0,48.5,1026.25,Sec (≤1 mm),270.0,1.093478260869567,-1.5931159420289855,0.4616073054820184,-0.7764751224103317,,0,0,0,0
2013-07-08,7.4,19.2,0.0,2.2,9.1,W,33.0,W,SSE,19,17,68,36,1031.7,1029.9,0,3,9.3,17.7,No,Yes,0,1,1,2013,7,Jul,2013-07-01,Q3,189,Hiver,13.3,11.799999999999999,18.0,52.0,1030.8000000000002,Sec (≤1 mm),270.0,1.1934782608695649,-1.5931159420289855,0.5038218900787825,-0.7764751224103317,,0,0,0,0
2013-07-09,8.7,13.6,1.6,3.0,1.0,W,30.0,W,SSW,19,17,83,84,1035.0,1033.6,5,7,9.3,11.8,Yes,Yes,1,1,1,2013,7,Jul,2013-07-01,Q3,190,Hiver,11.149999999999999,4.9,18.0,83.5,1034.3,Faible (1-10),270.0,-4.406521739130435,-0.2931159420289866,-1.8601948473400591,-0.14286294610642727,,0,0,0,0
2013-07-10,8.9,15.9,8.0,1.2,2.7,W,24.0,W,SSE,17,13,84,71,1033.5,1031.6,7,6,10.3,14.8,Yes,No,1,0,1,2013,7,Jul,2013-07-01,Q3,191,Hiver,12.4,7.0,15.0,77.5,1032.55,Faible (1-10),270.0,-2.106521739130434,-0.09311594202898554,-0.8892594016144632,-0.04538414975197983,,0,0,0,0
2013-07-11,8.2,18.4,0.0,1.2,8.2,W,30.0,W,E,20,9,91,62,1035.3,1032.2,2,5,9.1,17.0,No,No,0,0,1,2013,7,Jul,2013-07-01,Q3,192,Hiver,13.299999999999999,10.2,14.5,76.5,1033.75,Sec (≤1 mm),270.0,0.39347826086956417,-0.7931159420289866,0.16610521330466196,-0.38655993699254454,,0,0,0,0
2013-07-12,8.3,20.2,0.2,1.2,8.4,W,30.0,W,WNW,17,6,92,46,1031.1,1027.1,1,1,9.6,19.2,No,No,0,0,1,2013,7,Jul,2013-07-01,Q3,193,Hiver,14.25,11.899999999999999,11.5,69.0,1029.1,Sec (≤1 mm),270.0,2.193478260869565,-0.6931159420289852,0.9259677360464329,-0.33782053881532037,,0,0,0,0
2013-07-13,8.3,17.4,0.0,3.0,5.0,WNW,26.0,W,E,15,2,85,61,1029.2,1027.3,7,6,10.9,17.3,No,No,0,0,1,2013,7,Jul,2013-07-01,Q3,194,Hiver,12.85,9.099999999999998,8.5,73.0,1028.25,Sec (≤1 mm),292.5,-0.6065217391304358,-0.6931159420289852,-0.2560406326629884,-0.33782053881532037,,0,0,0,0
2013-07-14,8.9,18.4,0.0,1.0,8.5,W,24.0,W,NE,11,15,88,60,1028.4,1025.4,4,8,10.7,17.5,No,No,0,0,1,2013,7,Jul,2013-07-01,Q3,195,Hiver,13.649999999999999,9.499999999999998,13.0,74.0,1026.9,Sec (≤1 mm),270.0,0.39347826086956417,-0.09311594202898554,0.16610521330466196,-0.04538414975197983,,0,0,0,0
2013-07-15,10.7,22.0,0.2,3.6,1.7,NNW,33.0,NW,NNW,4,13,78,58,1024.6,1021.9,7,7,15.4,19.4,No,Yes,0,1,1,2013,7,Jul,2013-07-01,Q3,196,Hiver,16.35,11.3,8.5,68.0,1023.25,Sec (≤1 mm),337.5,3.9934782608695656,1.7068840579710134,1.6858302587882037,0.8319250174380419,,0,0,0,0
2013-07-16,14.4,21.6,1.4,0.2,3.4,NW,26.0,W,NE,9,13,88,67,1024.7,1022.1,7,4,15.1,19.6,Yes,Yes,1,1,1,2013,7,Jul,2013-07-01,Q3,197,Hiver,18.0,7.200000000000001,11.0,77.5,1023.4000000000001,Faible (1-10),315.0,3.593478260869567,5.4068840579710145,1.5169719204011443,2.6352827499953104,,0,0,0,0
2013-07-17,13.0,24.3,4.8,1.8,8.7,NE,22.0,W,E,9,9,85,48,1023.8,1020.6,4,3,14.5,23.0,Yes,No,1,0,1,2013,7,Jul,2013-07-01,Q3,198,Hiver,18.65,11.3,9.0,66.5,1022.2,Faible (1-10),45.0,6.293478260869566,4.006884057971014,2.6567657045138,1.9529311755141818,,0,0,0,0
2013-07-18,13.3,22.6,0.0,2.4,3.9,NNE,30.0,W,NE,7,13,85,72,1022.9,1019.4,7,7,15.1,19.4,No,No,0,0,1,2013,7,Jul,2013-07-01,Q3,199,Hiver,17.950000000000003,9.3,10.0,78.5,1021.15,Sec (≤1 mm),22.5,4.593478260869567,4.306884057971015,1.9391177663687946,2.0991493700458523,,0,0,0,0
2013-07-19,15.0,20.4,0.0,3.2,1.6,NNW,57.0,NE,N,15,17,66,73,1015.7,1011.7,4,7,18.1,17.5,No,No,0,0,1,2013,7,Jul,2013-07-01,Q3,200,Hiver,17.7,5.399999999999999,16.0,69.5,1013.7,Sec (≤1 mm),337.5,2.393478260869564,6.006884057971014,1.0103969052399626,2.927719139058651,,0,0,0,0
2013-07-20,14.5,20.4,0.8,2.4,8.9,NNW,48.0,N,NW,17,26,65,38,1009.3,1005.4,2,2,16.5,19.8,No,No,0,0,1,2013,7,Jul,2013-07-01,Q3,201,Hiver,17.45,5.899999999999999,21.5,51.5,1007.3499999999999,Sec (≤1 mm),337.5,2.393478260869564,5.506884057971014,1.0103969052399626,2.6840221481725335,,0,0,0,0
2013-07-21,8.5,16.3,0.2,6.4,10.1,NW,54.0,NW,WNW,24,31,49,29,1016.0,1013.2,1,1,11.0,16.0,No,No,0,0,1,2013,7,Jul,2013-07-01,Q3,202,Hiver,12.4,7.800000000000001,27.5,39.0,1014.6,Sec (≤1 mm),315.0,-1.7065217391304337,-0.4931159420289859,-0.7204010632274028,-0.24034174246087384,,0,0,0,0
2013-07-22,8.7,17.2,0.0,3.8,9.9,WNW,54.0,WNW,W,17,26,54,28,1019.4,1016.3,2,2,12.2,16.6,No,No,0,0,1,2013,7,Jul,2013-07-01,Q3,203,Hiver,12.95,8.5,21.5,41.0,1017.8499999999999,Sec (≤1 mm),292.5,-0.8065217391304351,-0.2931159420289866,-0.34046980185651815,-0.14286294610642727,,0,0,0,0
2013-07-23,7.1,17.7,0.0,3.2,8.0,WSW,44.0,W,WSW,17,19,60,42,1019.9,1018.5,1,7,11.0,15.9,No,No,0,0,1,2013,7,Jul,2013-07-01,Q3,204,Hiver,12.399999999999999,10.6,18.0,51.0,1019.2,Sec (≤1 mm),247.5,-0.3065217391304351,-1.8931159420289863,-0.12939687887269297,-0.9226933169420024,,0,0,0,0
2013-07-24,10.1,17.0,0.0,4.0,4.8,SSW,48.0,WSW,SSW,17,20,61,46,1026.6,1026.4,1,6,12.3,16.6,No,No,0,0,1,2013,7,Jul,2013-07-01,Q3,205,Hiver,13.55,6.9,18.5,53.5,1026.5,Sec (≤1 mm),202.5,-1.0065217391304344,1.1068840579710137,-0.4248989710500479,0.5394886283747014,,0,0,0,0
2013-07-25,7.4,19.6,0.0,3.0,8.6,WNW,33.0,W,E,20,9,72,38,1029.8,1026.6,1,3,8.8,17.9,No,No,0,0,1,2013,7,Jul,2013-07-01,Q3,206,Hiver,13.5,12.200000000000001,14.5,55.0,1028.1999999999998,Sec (≤1 mm),292.5,1.593478260869567,-1.5931159420289855,0.6726802284658436,-0.7764751224103317,,0,0,0,0
2013-07-26,7.9,20.3,0.0,3.4,9.3,WNW,22.0,WNW,WNW,15,7,75,32,1025.9,1023.3,5,1,9.2,19.5,No,No,0,0,1,2013,7,Jul,2013-07-01,Q3,207,Hiver,14.100000000000001,12.4,11.0,53.5,1024.6,Sec (≤1 mm),292.5,2.2934782608695663,-1.0931159420289855,0.9681823206431985,-0.5327781315242144,,0,0,0,0
2013-07-27,7.4,18.7,0.0,1.8,9.9,W,28.0,W,E,22,15,62,56,1031.0,1028.2,1,1,9.4,17.8,No,No,0,0,1,2013,7,Jul,2013-07-01,Q3,208,Hiver,13.05,11.299999999999999,18.5,59.0,1029.6,Sec (≤1 mm),270.0,0.6934782608695649,-1.5931159420289855,0.2927489670949574,-0.7764751224103317,,0,0,0,0
2013-07-28,8.3,18.8,0.0,3.6,6.8,NNE,26.0,WNW,E,7,17,84,64,1029.8,1025.8,6,6,9.7,18.1,No,No,0,0,1,2013,7,Jul,2013-07-01,Q3,209,Hiver,13.55,10.5,12.0,74.0,1027.8,Sec (≤1 mm),22.5,0.7934782608695663,-0.6931159420289852,0.334963551691723,-0.33782053881532037,,0,0,0,0
2013-07-29,9.7,24.0,0.0,2.6,10.2,NNW,37.0,N,N,22,11,53,35,1025.2,1020.8,6,1,17.6,23.3,No,No,0,0,1,2013,7,Jul,2013-07-01,Q3,210,Hiver,16.85,14.3,16.5,44.0,1023.0,Sec (≤1 mm),337.5,5.993478260869566,0.7068840579710134,2.5301219507235047,0.3445310356658073,,0,0,0,0
2013-07-30,11.1,21.5,0.0,3.4,3.4,SSW,48.0,W,ENE,13,6,73,49,1019.9,1017.8,6,5,12.8,19.7,No,Yes,0,1,1,2013,7,Jul,2013-07-01,Q3,211,Hiver,16.3,10.4,9.5,61.0,1018.8499999999999,Sec (≤1 mm),202.5,3.4934782608695656,2.1068840579710137,1.4747573358043786,1.026882610146936,,0,0,0,0
2013-07-31,12.6,18.4,5.6,2.6,8.1,S,43.0,SSW,S,20,22,82,61,1023.9,1022.7,7,4,13.9,17.0,Yes,No,1,0,1,2013,7,Jul,2013-07-01,Q3,212,Hiver,15.5,5.799999999999999,21.0,71.5,1023.3,Faible (1-10),180.0,0.39347826086956417,3.6068840579710137,0.16610521330466196,1.7579735828052878,,0,0,0,0
2013-08-01,8.1,19.6,0.0,3.4,10.1,W,30.0,WNW,ESE,24,15,71,54,1023.3,1020.1,2,3,11.0,17.5,No,No,0,0,1,2013,8,Aug,2013-08-01,Q3,213,Hiver,13.850000000000001,11.500000000000002,19.5,62.5,1021.7,Sec (≤1 mm),270.0,0.21821561338290252,-1.6494423791821564,0.07896536633370757,-0.747258391337845,,0,0,0,0
2013-08-02,9.1,20.3,0.0,2.2,6.8,W,31.0,W,W,15,19,83,31,1018.0,1012.7,7,3,10.9,19.7,No,No,0,0,1,2013,8,Aug,2013-08-01,Q3,214,Hiver,14.7,11.200000000000001,17.0,57.0,1015.35,Sec (≤1 mm),270.0,0.9182156133829018,-0.6494423791821564,0.3322733472644899,-0.2942214130419688,,0,0,0,0
2013-08-03,10.4,19.6,0.0,3.6,10.0,NW,37.0,W,W,7,4,51,29,1016.0,1012.1,4,1,13.5,19.2,No,No,0,0,1,2013,8,Aug,2013-08-01,Q3,215,Hiver,15.0,9.200000000000001,5.5,40.0,1014.05,Sec (≤1 mm),315.0,0.21821561338290252,0.6505576208178443,0.07896536633370757,0.29472665874267057,,0,0,0,0
2013-08-04,10.9,19.9,0.0,4.2,8.5,WSW,44.0,NW,WSW,9,24,54,29,1013.6,1012.2,6,5,14.0,18.0,No,No,0,0,1,2013,8,Aug,2013-08-01,Q3,216,Hiver,15.399999999999999,8.999999999999998,16.5,41.5,1012.9000000000001,Sec (≤1 mm),247.5,0.5182156133828997,1.1505576208178443,0.18752592958975625,0.5212451478906087,,0,0,0,0
2013-08-05,9.5,21.0,0.0,3.8,10.0,WNW,50.0,WNW,WNW,11,15,52,34,1017.6,1013.6,1,2,13.1,20.4,No,No,0,0,1,2013,8,Aug,2013-08-01,Q3,217,Hiver,15.25,11.5,13.0,43.0,1015.6,Sec (≤1 mm),292.5,1.618215613382901,-0.24944237918215606,0.5855813281952723,-0.11300662172361815,,0,0,0,0
2013-08-06,11.9,23.9,0.0,5.6,8.7,NNW,52.0,NW,WNW,20,17,48,30,1011.9,1008.0,5,5,16.4,22.1,No,No,0,0,1,2013,8,Aug,2013-08-01,Q3,218,Hiver,17.9,11.999999999999998,18.5,39.0,1009.95,Sec (≤1 mm),337.5,4.5182156133829,2.1505576208178443,1.6350001063370856,0.9742821261864849,,0,0,0,0
2013-08-07,10.8,17.9,0.8,4.8,8.3,WSW,35.0,W,ESE,17,15,57,49,1013.6,1009.3,2,7,13.0,16.0,No,Yes,0,1,1,2013,8,Aug,2013-08-01,Q3,219,Hiver,14.35,7.099999999999998,16.0,53.0,1011.45,Sec (≤1 mm),247.5,-1.4817843866171003,1.0505576208178447,-0.5362111587839083,0.47594145006102123,,0,0,0,0
2013-08-08,9.3,13.1,9.6,3.8,1.3,SSW,57.0,W,SSW,24,24,85,74,1008.3,1009.8,7,7,9.3,12.6,Yes,Yes,1,1,1,2013,8,Aug,2013-08-01,Q3,220,Hiver,11.2,3.799999999999999,24.0,79.5,1009.05,Faible (1-10),202.5,-6.281784386617099,-0.44944237918215535,-2.273180170880703,-0.20361401738279308,,0,0,0,0
2013-08-09,7.0,17.4,4.2,0.6,6.7,W,35.0,W,NW,20,9,60,43,1018.9,1014.0,4,7,11.2,17.1,Yes,No,1,0,1,2013,8,Aug,2013-08-01,Q3,221,Hiver,12.2,10.399999999999999,14.5,51.5,1016.45,Faible (1-10),270.0,-1.9817843866171003,-2.749442379182156,-0.7171454308773245,-1.2455990674633086,,0,0,0,0
2013-08-10,10.5,23.5,0.0,4.0,10.6,W,31.0,W,NW,11,11,46,33,1016.0,1013.4,0,1,13.4,23.5,No,No,0,0,1,2013,8,Aug,2013-08-01,Q3,222,Hiver,17.0,13.0,11.0,39.5,1014.7,Sec (≤1 mm),270.0,4.118215613382901,0.7505576208178439,1.490252688662353,0.34003035657225805,,0,0,0,0
2013-08-11,9.0,21.8,0.0,3.8,10.4,WSW,31.0,WNW,E,13,11,61,38,1018.2,1013.5,1,1,12.7,19.2,No,No,0,0,1,2013,8,Aug,2013-08-01,Q3,223,Hiver,15.4,12.8,12.0,49.5,1015.85,Sec (≤1 mm),247.5,2.418215613382902,-0.7494423791821561,0.8750761635447384,-0.33952511087155623,,0,0,0,0
2013-08-12,12.0,24.4,0.2,3.8,5.4,W,94.0,N,W,9,48,40,40,1005.8,1004.2,3,7,19.6,18.9,No,No,0,0,1,2013,8,Aug,2013-08-01,Q3,224,Hiver,18.2,12.399999999999999,28.5,40.0,1005.0,Sec (≤1 mm),270.0,5.0182156133829,2.250557620817844,1.8159343784305015,1.0195858240160722,,0,1,0,0
2013-08-13,9.6,22.8,0.0,5.8,10.8,W,35.0,NNW,WNW,13,9,35,25,1013.7,1012.2,1,1,14.5,22.2,No,No,0,0,1,2013,8,Aug,2013-08-01,Q3,225,Hiver,16.2,13.200000000000001,11.0,30.0,1012.95,Sec (≤1 mm),270.0,3.418215613382902,-0.14944237918215642,1.2369447077315707,-0.0677029238940307,,0,0,0,0
2013-08-14,12.5,24.1,0.0,4.2,10.7,NNW,39.0,NNW,WNW,24,17,39,22,1013.6,1007.7,2,1,15.9,23.9,No,No,0,0,1,2013,8,Aug,2013-08-01,Q3,226,Hiver,18.3,11.600000000000001,20.5,30.5,1010.6500000000001,Sec (≤1 mm),337.5,4.7182156133829025,2.750557620817844,1.707373815174453,1.2461043131640104,,0,0,0,0
2013-08-15,10.5,18.7,0.0,8.0,10.7,W,57.0,WSW,S,24,19,42,29,1019.0,1019.8,1,1,12.3,17.7,No,No,0,0,1,2013,8,Aug,2013-08-01,Q3,227,Hiver,14.6,8.2,21.5,35.5,1019.4,Sec (≤1 mm),270.0,-0.6817843866170996,0.7505576208178439,-0.24671632343444228,0.34003035657225805,,0,0,0,0
2013-08-16,7.3,20.6,0.0,3.6,10.7,NE,41.0,WNW,ENE,17,26,61,36,1023.7,1016.9,0,0,10.8,19.1,No,No,0,0,1,2013,8,Aug,2013-08-01,Q3,228,Hiver,13.950000000000001,13.3,21.5,48.5,1020.3,Sec (≤1 mm),45.0,1.2182156133829025,-2.4494423791821562,0.4408339105205399,-1.1096879739745458,,0,0,0,0
2013-08-17,10.7,24.4,0.0,6.2,10.5,WNW,57.0,NNE,W,20,26,41,34,1010.1,1006.7,1,4,17.6,22.6,No,No,0,0,1,2013,8,Aug,2013-08-01,Q3,229,Hiver,17.549999999999997,13.7,23.0,37.5,1008.4000000000001,Sec (≤1 mm),292.5,5.0182156133829,0.9505576208178432,1.8159343784305015,0.43063775223143297,,0,0,0,0
2013-08-18,11.3,23.3,0.0,6.6,10.7,WNW,39.0,NW,NNW,15,20,38,28,1016.9,1011.9,0,1,16.2,22.8,No,No,0,0,1,2013,8,Aug,2013-08-01,Q3,230,Hiver,17.3,12.0,17.5,33.0,1014.4,Sec (≤1 mm),292.5,3.918215613382902,1.5505576208178447,1.417878979824987,0.7024599392089593,,0,0,0,0
2013-08-19,13.6,20.9,0.0,7.8,9.9,W,59.0,N,WNW,7,39,33,25,1009.7,1007.0,2,5,17.0,19.8,No,No,0,0,1,2013,8,Aug,2013-08-01,Q3,231,Hiver,17.25,7.299999999999999,23.0,29.0,1008.35,Sec (≤1 mm),270.0,1.5182156133828997,3.8505576208178436,0.5493944737765886,1.744444989289474,,0,0,0,0
2013-08-20,8.4,16.6,0.0,6.2,10.8,WSW,56.0,WSW,WSW,26,22,43,26,1013.7,1011.9,1,1,10.7,15.4,No,No,0,0,1,2013,8,Aug,2013-08-01,Q3,232,Hiver,12.5,8.200000000000001,24.0,34.5,1012.8,Sec (≤1 mm),247.5,-2.7817843866170975,-1.3494423791821557,-1.0066402662267893,-0.6113472978490818,,0,0,0,0
2013-08-21,7.6,18.1,0.0,3.0,10.3,W,50.0,W,W,20,20,50,30,1016.3,1013.4,2,3,11.3,17.5,No,No,0,0,1,2013,8,Aug,2013-08-01,Q3,233,Hiver,12.850000000000001,10.500000000000002,20.0,40.0,1014.8499999999999,Sec (≤1 mm),270.0,-1.2817843866170975,-2.1494423791821564,-0.4638374499465409,-0.973776880485783,,0,0,0,0
2013-08-22,7.6,18.1,0.0,5.6,6.7,W,50.0,N,WNW,19,24,48,32,1013.8,1010.2,7,7,12.5,17.7,No,No,0,0,1,2013,8,Aug,2013-08-01,Q3,234,Hiver,12.850000000000001,10.500000000000002,21.5,40.0,1012.0,Sec (≤1 mm),270.0,-1.2817843866170975,-2.1494423791821564,-0.4638374499465409,-0.973776880485783,,0,0,0,0
2013-08-23,11.8,18.6,0.0,4.0,2.5,WNW,56.0,NW,WNW,20,28,50,42,1010.2,1008.5,7,7,14.8,17.4,No,No,0,0,1,2013,8,Aug,2013-08-01,Q3,235,Hiver,15.200000000000001,6.800000000000001,24.0,46.0,1009.35,Sec (≤1 mm),292.5,-0.7817843866170975,2.0505576208178447,-0.28290317785312474,0.9289784283568974,,0,0,0,0
2013-08-24,12.2,22.7,0.0,4.0,10.8,W,35.0,WSW,ESE,26,19,52,42,1020.1,1020.0,2,4,15.9,21.8,No,No,0,0,1,2013,8,Aug,2013-08-01,Q3,236,Hiver,17.45,10.5,22.5,47.0,1020.05,Sec (≤1 mm),270.0,3.3182156133829004,2.4505576208178432,1.2007578533128869,1.1101932196752473,,0,0,0,0
2013-08-25,9.9,23.6,0.0,4.2,10.7,SW,35.0,WNW,E,17,17,72,53,1024.0,1020.4,1,1,12.7,19.6,No,No,0,0,1,2013,8,Aug,2013-08-01,Q3,237,Hiver,16.75,13.700000000000001,17.0,62.5,1022.2,Sec (≤1 mm),225.0,4.2182156133829025,0.1505576208178443,1.526439543081037,0.06820816959473248,,0,0,0,0
2013-08-26,10.3,22.0,0.0,3.6,9.6,W,33.0,WNW,WNW,20,11,54,30,1024.6,1020.4,3,6,14.2,21.6,No,No,0,0,1,2013,8,Aug,2013-08-01,Q3,238,Hiver,16.15,11.7,15.5,42.0,1022.5,Sec (≤1 mm),270.0,2.618215613382901,0.5505576208178447,0.9474498723821047,0.2494229609130831,,0,0,0,0
2013-08-27,11.5,21.9,0.0,2.2,9.4,W,24.0,W,ESE,15,15,58,60,1022.0,1018.6,4,2,15.4,19.9,No,No,0,0,1,2013,8,Aug,2013-08-01,Q3,239,Hiver,16.7,10.399999999999999,15.0,59.0,1020.3,Sec (≤1 mm),270.0,2.5182156133828997,1.750557620817844,0.9112630179634209,0.7930673348681342,,0,0,0,0
2013-08-28,11.8,23.3,0.0,3.0,10.8,SSE,39.0,W,SSE,20,24,72,38,1021.5,1020.2,1,2,14.9,22.1,No,No,0,0,1,2013,8,Aug,2013-08-01,Q3,240,Hiver,17.55,11.5,22.0,55.0,1020.85,Sec (≤1 mm),157.5,3.918215613382902,2.0505576208178447,1.417878979824987,0.9289784283568974,,0,0,0,0
2013-08-29,11.4,21.8,0.0,3.8,6.7,NNE,56.0,WNW,NE,17,17,69,59,1024.4,1019.4,6,7,15.3,20.0,No,No,0,0,1,2013,8,Aug,2013-08-01,Q3,241,Hiver,16.6,10.4,17.0,64.0,1021.9000000000001,Sec (≤1 mm),22.5,2.418215613382902,1.6505576208178443,0.8750761635447384,0.7477636370385468,,0,0,0,0
2013-08-30,15.2,24.7,0.0,5.2,10.2,N,39.0,N,ENE,22,6,46,53,1015.1,1011.4,1,1,21.7,23.5,No,No,0,0,1,2013,8,Aug,2013-08-01,Q3,242,Hiver,19.95,9.5,14.0,49.5,1013.25,Sec (≤1 mm),0.0,5.3182156133829,5.450557620817843,1.9244949416865516,2.469304154562876,,0,0,0,0
2013-08-31,14.9,24.5,0.0,5.8,8.2,W,30.0,WNW,SE,22,11,60,34,1021.5,1020.0,7,4,15.9,23.6,No,No,0,0,1,2013,8,Aug,2013-08-01,Q3,243,Hiver,19.7,9.6,16.5,47.0,1020.75,Sec (≤1 mm),270.0,5.118215613382901,5.150557620817844,1.8521212328491854,2.3333930610741134,,0,0,0,0
2013-09-01,11.4,22.2,0.0,4.8,10.1,ENE,26.0,WNW,E,17,20,57,62,1028.5,1026.6,1,1,15.8,20.6,No,No,0,0,1,2013,9,Sep,2013-09-01,Q3,244,Printemps,16.8,10.799999999999999,18.5,59.5,1027.55,Sec (≤1 mm),67.5,0.21230769230768942,-1.2119230769230764,0.05645384924078271,-0.4679246225912551,,0,0,0,0
2013-09-02,12.2,22.0,0.0,4.0,11.0,NE,28.0,W,NE,19,17,71,41,1031.2,1029.1,6,2,15.9,21.4,No,No,0,0,1,2013,9,Sep,2013-09-01,Q3,245,Printemps,17.1,9.8,18.0,56.0,1030.15,Sec (≤1 mm),45.0,0.012307692307690132,-0.4119230769230775,0.0032726869125086085,-0.1590438815598969,,0,0,0,0
2013-09-03,12.0,21.9,0.0,4.2,10.4,ENE,31.0,WNW,ENE,11,20,66,56,1034.0,1031.3,1,1,16.4,21.2,No,No,0,0,1,2013,9,Sep,2013-09-01,Q3,246,Printemps,16.95,9.899999999999999,15.5,61.0,1032.65,Sec (≤1 mm),67.5,-0.08769230769231129,-0.6119230769230768,-0.02331789425162891,-0.23626406681773626,,0,0,0,0
2013-09-04,12.2,21.1,0.0,3.8,10.1,NE,41.0,W,NE,13,20,75,52,1033.6,1028.7,1,1,15.7,20.7,No,No,0,0,1,2013,9,Sep,2013-09-01,Q3,247,Printemps,16.65,8.900000000000002,16.5,63.5,1031.15,Sec (≤1 mm),45.0,-0.8876923076923084,-0.4119230769230775,-0.2360425435647253,-0.1590438815598969,,0,0,0,0
2013-09-05,12.2,28.8,0.0,5.8,10.1,W,28.0,W,WNW,13,11,62,29,1027.3,1023.0,1,5,17.7,28.5,No,No,0,0,1,2013,9,Sep,2013-09-01,Q3,248,Printemps,20.5,16.6,12.0,45.5,1025.15,Sec (≤1 mm),270.0,6.812307692307691,-0.4119230769230775,1.8114322060738346,-0.1590438815598969,,0,0,0,0
2013-09-06,16.0,23.3,0.0,5.0,8.5,WNW,24.0,SSW,E,13,15,74,70,1026.9,1023.1,7,7,20.5,21.2,No,No,0,0,1,2013,9,Sep,2013-09-01,Q3,249,Printemps,19.65,7.300000000000001,14.0,72.0,1025.0,Sec (≤1 mm),292.5,1.3123076923076908,3.388076923076923,0.34895024204629166,1.3081396383390569,,0,0,0,0
2013-09-07,15.4,31.1,0.0,3.2,9.1,SSE,39.0,W,ENE,13,15,74,23,1022.4,1018.1,5,4,19.2,29.9,No,No,0,0,1,2013,9,Sep,2013-09-01,Q3,250,Printemps,23.25,15.700000000000001,14.0,48.5,1020.25,Sec (≤1 mm),157.5,9.112307692307692,2.7880769230769236,2.423015572848989,1.076479082565538,,0,0,0,0
2013-09-08,17.0,21.2,0.0,4.6,1.7,SSE,41.0,SSE,ESE,13,13,78,73,1026.2,1023.0,7,7,17.5,18.7,No,No,0,0,1,2013,9,Sep,2013-09-01,Q3,251,Printemps,19.1,4.199999999999999,13.0,75.5,1024.6,Sec (≤1 mm),157.5,-0.7876923076923106,4.388076923076923,-0.20945196240058872,1.694240564628255,,0,0,0,0
2013-09-09,15.3,26.1,0.0,2.2,5.1,NNW,33.0,N,NE,9,11,70,69,1021.0,1014.0,2,7,21.1,22.5,No,No,0,0,1,2013,9,Sep,2013-09-01,Q3,252,Printemps,20.700000000000003,10.8,10.0,69.5,1017.5,Sec (≤1 mm),337.5,4.1123076923076916,2.688076923076924,1.0934865146421318,1.0378689899366182,,0,0,0,0
2013-09-10,20.1,31.6,0.0,7.4,9.7,NNW,74.0,NW,WNW,33,31,24,14,1005.5,1000.4,2,4,25.9,30.6,No,No,0,0,1,2013,9,Sep,2013-09-01,Q3,253,Printemps,25.85,11.5,32.0,19.0,1002.95,Sec (≤1 mm),337.5,9.612307692307692,7.488076923076925,2.5559684786696746,2.89115343612477,,0,0,0,0
2013-09-11,14.7,25.0,0.0,11.6,6.8,WNW,43.0,W,WSW,28,15,38,22,1011.7,1008.7,5,3,16.9,24.5,No,No,0,0,1,2013,9,Sep,2013-09-01,Q3,254,Printemps,19.85,10.3,21.5,30.0,1010.2,Sec (≤1 mm),292.5,3.01230769230769,2.0880769230769225,0.8009901218366229,0.8062084341630987,,0,0,0,0
2013-09-12,12.1,23.6,0.0,6.4,10.2,S,74.0,W,SW,15,6,41,27,1015.2,1010.1,1,4,17.5,22.4,No,No,0,0,1,2013,9,Sep,2013-09-01,Q3,255,Printemps,17.85,11.500000000000002,10.5,34.0,1012.6500000000001,Sec (≤1 mm),180.0,1.6123076923076916,-0.5119230769230771,0.4287219855387033,-0.19765397418881658,,0,0,0,0
2013-09-13,10.0,18.5,0.0,5.6,6.1,SSW,41.0,SW,ENE,20,24,67,56,1021.9,1018.1,7,7,14.9,16.9,No,Yes,0,1,1,2013,9,Sep,2013-09-01,Q3,256,Printemps,14.25,8.5,22.0,61.5,1020.0,Sec (≤1 mm),202.5,-3.48769230769231,-2.611923076923077,-0.9273976538322913,-1.0084659193961327,,0,0,0,0
2013-09-14,14.1,22.9,2.2,3.4,8.4,ENE,54.0,W,S,17,24,75,59,1011.2,1009.1,5,3,17.0,20.2,Yes,No,1,0,1,2013,9,Sep,2013-09-01,Q3,257,Printemps,18.5,8.799999999999999,20.5,67.0,1010.1500000000001,Faible (1-10),67.5,0.9123076923076887,1.4880769230769229,0.2425879173897425,0.57454787838958,,0,0,0,0
2013-09-15,12.8,18.8,0.0,4.0,6.2,WSW,33.0,S,ENE,6,17,74,66,1018.4,1016.3,7,5,16.4,17.9,No,Yes,0,1,1,2013,9,Sep,2013-09-01,Q3,258,Printemps,15.8,6.0,11.5,70.0,1017.3499999999999,Sec (≤1 mm),247.5,-3.187692307692309,0.18807692307692392,-0.8476259103398798,0.07261667421362261,,0,0,0,0
2013-09-16,14.6,17.7,1.2,2.2,0.0,ENE,80.0,S,ENE,6,35,75,91,1016.0,1010.0,8,8,16.5,16.5,Yes,Yes,1,1,1,2013,9,Sep,2013-09-01,Q3,259,Printemps,16.15,3.0999999999999996,20.5,83.0,1013.0,Faible (1-10),67.5,-4.287692307692311,1.9880769230769229,-1.1401223031453886,0.767598341534179,,0,1,0,0
2013-09-17,15.2,23.9,32.2,4.8,5.7,WNW,57.0,N,NNW,22,28,73,42,1000.8,998.3,6,5,17.7,23.2,Yes,No,1,0,1,2013,9,Sep,2013-09-01,Q3,260,Printemps,19.549999999999997,8.7,25.0,57.5,999.55,Forte (>30),292.5,1.9123076923076887,2.5880769230769225,0.5084937290311139,0.9992588973076979,,0,0,0,0
2013-09-18,15.2,25.3,0.0,6.8,10.7,W,48.0,NW,W,20,28,53,28,1002.0,1000.0,6,1,20.7,24.7,No,No,0,0,1,2013,9,Sep,2013-09-01,Q3,261,Printemps,20.25,10.100000000000001,24.0,40.5,1001.0,Sec (≤1 mm),270.0,3.312307692307691,2.5880769230769225,0.8807618653290346,0.9992588973076979,,0,0,0,0
2013-09-19,14.2,23.4,0.2,7.6,11.2,WNW,63.0,W,WNW,9,46,31,21,1005.7,1002.9,0,1,19.9,22.9,No,No,0,0,1,2013,9,Sep,2013-09-01,Q3,262,Printemps,18.799999999999997,9.2,27.5,26.0,1004.3,Sec (≤1 mm),292.5,1.4123076923076887,1.5880769230769225,0.3755408232104282,0.6131579710184997,,0,0,0,0
2013-09-20,11.4,21.6,0.0,6.2,10.3,WSW,69.0,NNW,SW,13,24,34,30,1007.9,1006.2,2,6,18.6,18.9,No,No,0,0,1,2013,9,Sep,2013-09-01,Q3,263,Printemps,16.5,10.200000000000001,18.5,32.0,1007.05,Sec (≤1 mm),247.5,-0.38769230769230845,-1.2119230769230764,-0.10308963774403958,-0.4679246225912551,,0,0,0,0
2013-09-21,11.3,22.0,0.0,7.0,11.0,W,37.0,W,ESE,22,19,49,42,1014.8,1012.2,1,2,16.8,20.1,No,No,0,0,1,2013,9,Sep,2013-09-01,Q3,264,Printemps,16.65,10.7,20.5,45.5,1013.5,Sec (≤1 mm),270.0,0.012307692307690132,-1.311923076923076,0.0032726869125086085,-0.5065347152201748,,0,0,0,0
2013-09-22,11.0,25.2,0.0,4.6,10.5,E,28.0,WNW,ENE,11,20,57,51,1014.9,1011.6,1,2,16.9,21.6,No,No,0,0,1,2013,9,Sep,2013-09-01,Q3,265,Printemps,18.1,14.2,15.5,54.0,1013.25,Sec (≤1 mm),90.0,3.2123076923076894,-1.6119230769230768,0.854171284164897,-0.6223649931069345,,0,0,0,0
2013-09-23,12.9,24.4,0.0,5.4,10.9,ENE,24.0,W,E,7,13,55,54,1012.0,1007.3,1,1,19.1,22.8,No,No,0,0,1,2013,9,Sep,2013-09-01,Q3,266,Printemps,18.65,11.499999999999998,10.0,54.5,1009.65,Sec (≤1 mm),67.5,2.4123076923076887,0.28807692307692356,0.6414466348517996,0.1112267668425423,,0,0,0,0
2013-09-24,17.5,28.4,0.0,7.4,5.3,WSW,39.0,E,ENE,2,9,32,32,1004.1,1000.4,7,5,22.4,26.9,No,No,0,0,1,2013,9,Sep,2013-09-01,Q3,267,Printemps,22.95,10.899999999999999,5.5,32.0,1002.25,Sec (≤1 mm),247.5,6.412307692307689,4.888076923076923,1.7050698814172853,1.8872910277728543,,0,0,0,0
2013-09-25,15.6,28.8,0.0,6.4,10.7,NNE,43.0,W,NE,9,20,40,32,1009.8,1006.0,0,1,23.4,27.3,No,No,0,0,1,2013,9,Sep,2013-09-01,Q3,268,Printemps,22.2,13.200000000000001,14.5,36.0,1007.9,Sec (≤1 mm),22.5,6.812307692307691,2.988076923076923,1.8114322060738346,1.1536992678233773,,0,0,0,0
2013-09-26,16.2,31.8,0.0,8.4,11.4,W,41.0,NW,WNW,17,35,30,20,1002.9,1005.8,0,0,26.9,26.3,No,No,0,0,1,2013,9,Sep,2013-09-01,Q3,269,Printemps,24.0,15.600000000000001,26.0,25.0,1004.3499999999999,Sec (≤1 mm),270.0,9.81230769230769,3.5880769230769225,2.609149640997949,1.3853598235968962,,0,0,0,0
2013-09-27,12.7,22.6,0.0,12.2,11.4,W,46.0,W,E,19,19,29,39,1019.9,1016.6,0,0,18.1,19.9,No,No,0,0,1,2013,9,Sep,2013-09-01,Q3,270,Printemps,17.65,9.900000000000002,19.0,34.0,1018.25,Sec (≤1 mm),270.0,0.6123076923076916,0.0880769230769225,0.16281617389733183,0.03400658158470224,,0,0,0,0
2013-09-28,11.7,29.3,0.0,8.0,11.5,W,76.0,W,W,13,39,47,13,1011.1,1005.2,1,1,18.9,27.9,No,No,0,0,1,2013,9,Sep,2013-09-01,Q3,271,Printemps,20.5,17.6,26.0,30.0,1008.1500000000001,Sec (≤1 mm),270.0,7.312307692307691,-0.9119230769230775,1.9443851118945201,-0.352094344704496,,0,0,0,0
2013-09-29,14.4,22.8,0.0,9.8,10.8,W,41.0,W,E,13,22,34,35,1017.4,1014.8,1,1,19.4,20.8,No,No,0,0,1,2013,9,Sep,2013-09-01,Q3,272,Printemps,18.6,8.4,17.5,34.5,1016.0999999999999,Sec (≤1 mm),270.0,0.8123076923076908,1.7880769230769236,0.21599733622560593,0.6903781562763397,,0,0,0,0
2013-09-30,12.4,27.4,0.0,6.4,10.6,NNE,35.0,W,NE,6,17,46,35,1016.6,1010.7,6,3,20.3,26.2,No,No,0,0,1,2013,9,Sep,2013-09-01,Q3,273,Printemps,19.9,14.999999999999998,11.5,40.5,1013.6500000000001,Sec (≤1 mm),22.5,5.412307692307689,-0.21192307692307644,1.4391640697759138,-0.08182369630205683,,0,0,0,0
2013-10-01,20.2,32.2,0.0,8.6,3.0,NW,85.0,NNW,WNW,35,41,33,32,1003.8,1005.0,7,7,24.7,26.4,No,No,0,0,1,2013,10,Oct,2013-10-01,Q4,274,Printemps,26.200000000000003,12.000000000000004,38.0,32.5,1004.4,Sec (≤1 mm),315.0,8.64732824427481,5.426335877862595,1.9380108897129595,1.895194124474406,,0,1,0,0
2013-10-02,13.0,26.6,0.0,9.8,11.2,NNW,48.0,NNW,ENE,17,15,31,26,1015.6,1007.6,1,7,20.8,26.0,No,No,0,0,1,2013,10,Oct,2013-10-01,Q4,275,Printemps,19.8,13.600000000000001,16.0,28.5,1011.6,Sec (≤1 mm),337.5,3.0473282442748086,-1.7736641221374043,0.6829572273776601,-0.619467334629849,,0,0,0,0
2013-10-03,15.2,18.9,0.0,10.0,3.7,WSW,65.0,WSW,S,30,24,41,41,1010.9,1014.3,2,4,17.7,17.2,No,Yes,0,1,1,2013,10,Oct,2013-10-01,Q4,276,Printemps,17.049999999999997,3.6999999999999993,27.0,41.0,1012.5999999999999,Sec (≤1 mm),247.5,-4.652671755725194,0.42633587786259497,-1.0427415583333772,0.14890144454089538,,0,0,0,0
2013-10-04,9.7,20.4,5.0,3.8,10.6,WSW,39.0,WNW,ESE,15,15,45,37,1022.4,1019.1,2,1,16.1,19.3,Yes,No,1,0,1,2013,10,Oct,2013-10-01,Q4,277,Printemps,15.049999999999999,10.7,15.0,41.0,1020.75,Faible (1-10),247.5,-3.152671755725194,-5.073664122137405,-0.7065664702078506,-1.7720205033859664,,0,0,0,0
2013-10-05,11.3,25.0,0.0,5.2,9.2,E,28.0,W,E,15,13,56,41,1016.5,1010.4,4,6,17.8,23.4,No,No,0,0,1,2013,10,Oct,2013-10-01,Q4,278,Printemps,18.15,13.7,14.0,48.5,1013.45,Sec (≤1 mm),90.0,1.4473282442748072,-3.4736641221374036,0.32437046671043135,-1.2132068458072425,,0,0,0,0
2013-10-06,14.1,29.8,0.0,5.6,11.2,SSW,33.0,WNW,E,9,17,41,24,1010.5,1005.0,2,3,20.1,28.9,No,No,0,0,1,2013,10,Oct,2013-10-01,Q4,279,Printemps,21.95,15.700000000000001,13.0,32.5,1007.75,Sec (≤1 mm),202.5,6.247328244274808,-0.6736641221374047,1.4001307487121166,-0.23528294504447683,,0,0,0,0
2013-10-07,15.8,21.9,0.0,9.8,10.4,SE,52.0,SSW,SSE,26,33,60,44,1011.2,1010.8,2,2,18.3,20.3,No,No,0,0,1,2013,10,Oct,2013-10-01,Q4,280,Printemps,18.85,6.099999999999998,29.5,52.0,1011.0,Sec (≤1 mm),135.0,-1.6526717557251942,1.0263358778625964,-0.37039138208232397,0.35845656613291715,,0,0,0,0
2013-10-08,14.3,21.9,0.0,5.8,11.2,SSE,44.0,WNW,SSE,9,22,58,49,1014.0,1015.8,1,5,17.7,19.8,No,No,0,0,1,2013,10,Oct,2013-10-01,Q4,281,Printemps,18.1,7.599999999999998,15.5,53.5,1014.9,Sec (≤1 mm),157.5,-1.6526717557251942,-0.4736641221374036,-0.37039138208232397,-0.16543123784713604,,0,0,0,0
2013-10-09,12.3,27.3,0.0,5.0,11.9,ENE,30.0,W,NE,13,15,59,36,1019.0,1013.1,0,0,17.6,25.7,No,No,0,0,1,2013,10,Oct,2013-10-01,Q4,282,Printemps,19.8,15.0,14.0,47.5,1016.05,Sec (≤1 mm),67.5,3.747328244274808,-2.4736641221374036,0.8398389351695723,-0.8639483098205403,,0,0,0,0
2013-10-10,17.6,37.3,0.0,10.0,10.0,S,74.0,NW,WNW,15,22,22,10,1009.7,1003.1,7,1,27.3,37.1,No,No,0,0,1,2013,10,Oct,2013-10-01,Q4,283,Printemps,27.45,19.699999999999996,18.5,16.0,1006.4000000000001,Sec (≤1 mm),180.0,13.747328244274804,2.826335877862597,3.0810061893397487,0.9871219309089811,Chaleur extrême,0,0,0,0
2013-10-11,17.9,22.1,0.0,13.2,10.0,SSE,61.0,SSE,ENE,24,19,64,49,1013.1,1012.7,5,1,18.4,20.5,No,No,0,0,1,2013,10,Oct,2013-10-01,Q4,284,Printemps,20.0,4.200000000000003,21.5,56.5,1012.9000000000001,Sec (≤1 mm),157.5,-1.4526717557251914,3.1263358778625943,-0.3255680369989198,1.091899491704991,,0,0,0,0
2013-10-12,14.3,24.7,0.0,5.8,11.2,ENE,31.0,WNW,ENE,13,24,63,62,1016.0,1009.5,0,0,18.5,23.3,No,No,0,0,1,2013,10,Oct,2013-10-01,Q4,285,Printemps,19.5,10.399999999999999,18.5,62.5,1012.75,Sec (≤1 mm),67.5,1.1473282442748065,-0.4736641221374036,0.2571354490853259,-0.16543123784713604,,0,0,0,0
2013-10-13,17.5,35.0,0.0,6.6,10.8,WNW,80.0,WNW,WNW,11,46,45,10,1002.2,996.3,2,1,24.7,34.2,No,Yes,0,1,1,2013,10,Oct,2013-10-01,Q4,286,Printemps,26.25,17.5,28.5,27.5,999.25,Sec (≤1 mm),292.5,11.447328244274807,2.7263358778625957,2.5655377208806085,0.9521960773103105,,0,1,0,0
2013-10-14,13.1,20.7,5.0,15.2,6.7,WSW,44.0,SSW,ESE,28,24,44,34,1014.5,1014.4,5,2,14.8,19.3,Yes,No,1,0,1,2013,10,Oct,2013-10-01,Q4,287,Printemps,16.9,7.6,26.0,39.0,1014.45,Faible (1-10),247.5,-2.8526717557251935,-1.6736641221374047,-0.639331452582745,-0.584541481031179,,0,0,0,0
2013-10-15,10.7,24.3,0.0,5.8,12.1,E,33.0,WNW,NE,15,20,40,32,1022.6,1018.7,1,0,15.4,21.5,No,No,0,0,1,2013,10,Oct,2013-10-01,Q4,288,Printemps,17.5,13.600000000000001,17.5,36.0,1020.6500000000001,Sec (≤1 mm),90.0,0.7473282442748079,-4.073664122137405,0.16748875891851908,-1.4227619673992642,,0,0,0,0
2013-10-16,12.7,28.3,0.0,6.4,11.7,NE,48.0,NNE,ENE,9,35,33,32,1018.9,1012.4,1,1,21.1,25.1,No,No,0,0,1,2013,10,Oct,2013-10-01,Q4,289,Printemps,20.5,15.600000000000001,22.0,32.5,1015.65,Sec (≤1 mm),45.0,4.747328244274808,-2.073664122137405,1.06395566058659,-0.7242448954258599,,0,0,0,0
2013-10-17,19.6,33.6,0.0,11.2,5.2,NW,80.0,N,WNW,31,43,23,10,1005.9,1003.3,7,7,27.5,31.5,No,No,0,0,1,2013,10,Oct,2013-10-01,Q4,290,Printemps,26.6,14.0,37.0,16.5,1004.5999999999999,Sec (≤1 mm),315.0,10.047328244274809,4.826335877862597,2.251774305296784,1.6856390028823853,,0,1,0,0
2013-10-18,13.7,22.1,0.0,13.4,11.2,SW,41.0,W,E,15,22,30,43,1025.8,1025.1,2,2,17.9,19.7,No,No,0,0,1,2013,10,Oct,2013-10-01,Q4,291,Printemps,17.9,8.400000000000002,18.5,36.5,1025.4499999999998,Sec (≤1 mm),225.0,-1.4526717557251914,-1.073664122137405,-0.3255680369989198,-0.3749863594391578,,0,0,0,0
2013-10-19,12.6,22.4,0.0,6.8,12.1,ENE,37.0,WNW,E,13,28,57,43,1028.1,1024.4,0,0,17.6,21.3,No,No,0,0,1,2013,10,Oct,2013-10-01,Q4,292,Printemps,17.5,9.799999999999999,20.5,50.0,1026.25,Sec (≤1 mm),67.5,-1.1526717557251942,-2.1736641221374047,-0.2583330193738151,-0.75917074902453,,0,0,0,0
2013-10-20,15.5,24.4,0.0,7.2,10.9,NNE,48.0,W,ENE,4,19,65,59,1021.5,1016.5,0,5,20.7,23.4,No,No,0,0,1,2013,10,Oct,2013-10-01,Q4,293,Printemps,19.95,8.899999999999999,11.5,62.0,1019.0,Sec (≤1 mm),22.5,0.8473282442748058,0.7263358778625957,0.18990043146022037,0.25367900533690624,,0,0,0,0
2013-10-21,16.6,28.9,0.0,6.2,10.3,NNE,37.0,W,ESE,11,15,56,48,1016.3,1011.9,0,6,21.4,26.7,No,No,0,0,1,2013,10,Oct,2013-10-01,Q4,294,Printemps,22.75,12.299999999999997,13.0,52.0,1014.0999999999999,Sec (≤1 mm),22.5,5.347328244274806,1.826335877862597,1.1984256958368003,0.6378633949222791,,0,0,0,0
2013-10-22,19.5,27.0,0.0,9.4,0.6,SW,50.0,SSW,ESE,20,7,72,65,1016.2,1011.7,7,8,21.4,24.2,No,Yes,0,1,1,2013,10,Oct,2013-10-01,Q4,295,Printemps,23.25,7.5,13.5,68.5,1013.95,Sec (≤1 mm),225.0,3.447328244274807,4.726335877862596,0.7726039175444668,1.6507131492837148,,0,0,0,0
2013-10-23,20.1,33.6,3.6,2.8,11.9,NW,63.0,NNW,W,28,31,47,16,1004.8,1002.3,3,1,27.0,32.9,Yes,No,1,0,1,2013,10,Oct,2013-10-01,Q4,296,Printemps,26.85,13.5,29.5,31.5,1003.55,Faible (1-10),315.0,10.047328244274809,5.326335877862597,2.251774305296784,1.8602682708757365,,0,0,0,0
2013-10-24,16.4,25.9,0.0,12.4,12.5,W,70.0,WSW,WSW,20,31,41,18,1011.7,1012.9,1,1,20.2,23.7,No,No,0,0,1,2013,10,Oct,2013-10-01,Q4,297,Printemps,21.15,9.5,25.5,29.5,1012.3,Sec (≤1 mm),270.0,2.347328244274806,1.6263358778625943,0.5260755195857469,0.5680116877249377,,0,0,0,0
2013-10-25,12.2,23.4,0.0,10.8,10.4,E,35.0,WSW,E,20,26,28,31,1023.2,1019.2,1,0,16.0,20.7,No,No,0,0,1,2013,10,Oct,2013-10-01,Q4,298,Printemps,17.799999999999997,11.2,23.0,29.5,1021.2,Sec (≤1 mm),90.0,-0.1526717557251942,-2.573664122137405,-0.03421629395679735,-0.898874163419211,,0,0,0,0
2013-10-26,14.0,23.9,0.0,8.8,11.6,WSW,44.0,WSW,ESE,28,26,34,42,1020.9,1019.1,7,1,17.2,21.6,No,No,0,0,1,2013,10,Oct,2013-10-01,Q4,299,Printemps,18.95,9.899999999999999,27.0,38.0,1020.0,Sec (≤1 mm),247.5,0.3473282442748058,-0.7736641221374043,0.07784206875171151,-0.27020879864314695,,0,0,0,0
2013-10-27,14.6,22.3,0.0,6.0,9.1,ESE,37.0,NW,E,17,20,51,55,1022.5,1020.4,3,7,20.5,20.5,No,Yes,0,1,1,2013,10,Oct,2013-10-01,Q4,300,Printemps,18.45,7.700000000000001,18.5,53.0,1021.45,Sec (≤1 mm),112.5,-1.252671755725192,-0.17366412213740468,-0.2807446919155164,-0.06065367705112578,,0,0,0,0
2013-10-28,15.6,22.3,28.2,3.2,5.7,ENE,61.0,ENE,E,15,19,81,61,1019.5,1014.3,7,2,19.5,22.2,Yes,No,1,0,1,2013,10,Oct,2013-10-01,Q4,301,Printemps,18.95,6.700000000000001,17.0,71.0,1016.9,Modérée (10-30),67.5,-1.252671755725192,0.8263358778625953,-0.2807446919155164,0.28860485893557636,,0,0,0,0
2013-10-29,16.4,26.3,0.0,4.8,5.0,S,93.0,W,E,15,0,78,68,1006.6,1008.7,7,7,19.5,18.9,No,No,0,0,1,2013,10,Oct,2013-10-01,Q4,302,Printemps,21.35,9.900000000000002,7.5,73.0,1007.6500000000001,Sec (≤1 mm),180.0,2.747328244274808,1.6263358778625943,0.6157222097525545,0.5680116877249377,,0,1,0,0
2013-10-30,13.2,22.2,0.4,7.4,12.0,W,41.0,W,E,0,0,57,49,1019.6,1018.0,6,2,16.7,21.7,No,No,0,0,1,2013,10,Oct,2013-10-01,Q4,303,Printemps,17.7,9.0,0.0,53.0,1018.8,Sec (≤1 mm),270.0,-1.3526717557251935,-1.573664122137405,-0.30315636445721844,-0.5496156274325089,,0,0,0,0
2013-10-31,15.4,22.2,0.0,5.4,9.8,W,41.0,W,E,0,0,62,56,1022.0,1019.3,5,1,18.2,21.1,No,No,0,0,1,2013,10,Oct,2013-10-01,Q4,304,Printemps,18.8,6.799999999999999,0.0,59.0,1020.65,Sec (≤1 mm),270.0,-1.3526717557251935,0.626335877862596,-0.30315636445721844,0.21875315173823617,,0,0,0,0
2013-11-01,17.3,21.7,0.0,8.0,7.7,W,41.0,W,E,0,0,63,61,1023.8,1020.2,7,7,19.0,21.0,No,No,0,0,1,2013,11,Nov,2013-11-01,Q4,305,Printemps,19.5,4.399999999999999,0.0,62.0,1022.0,Sec (≤1 mm),270.0,-3.1264591439688694,-0.018287937743192373,-0.8036939253869099,-0.0079673428667837,,0,0,0,0
2013-11-02,15.9,26.1,0.0,5.6,7.1,W,41.0,W,E,0,0,71,63,1018.2,1012.5,7,7,19.3,23.5,No,No,0,0,1,2013,11,Nov,2013-11-01,Q4,306,Printemps,21.0,10.200000000000001,0.0,67.0,1015.35,Sec (≤1 mm),270.0,1.2735408560311328,-1.4182879377431927,0.3273789941246256,-0.6178928670090192,,0,0,0,0
2013-11-03,18.7,34.2,0.0,7.6,7.4,W,41.0,W,E,0,0,49,11,1010.3,1006.1,7,6,23.8,32.8,No,No,0,0,1,2013,11,Nov,2013-11-01,Q4,307,Printemps,26.450000000000003,15.500000000000004,0.0,30.0,1008.2,Sec (≤1 mm),270.0,9.373540856031134,1.3817120622568062,2.409581414134497,0.6019581812754511,,0,0,0,0
2013-11-04,14.8,20.5,0.0,11.2,11.7,W,41.0,W,E,0,0,34,38,1022.5,1024.0,1,1,17.0,19.0,No,No,0,0,1,2013,11,Nov,2013-11-01,Q4,308,Printemps,17.65,5.699999999999999,0.0,36.0,1023.25,Sec (≤1 mm),270.0,-4.326459143968869,-2.5182879377431924,-1.1121683579809647,-1.0971200645493469,,0,0,0,0
2013-11-05,15.0,21.4,0.0,9.8,4.3,ESE,33.0,W,ESE,0,20,58,47,1028.0,1026.5,7,5,16.6,19.1,No,No,0,0,1,2013,11,Nov,2013-11-01,Q4,309,Printemps,18.2,6.399999999999999,10.0,52.5,1027.25,Sec (≤1 mm),112.5,-3.42645914396887,-2.318287937743193,-0.8808125335354238,-1.0099878468147423,,0,0,0,0
2013-11-06,11.8,21.4,0.0,4.6,12.2,ENE,43.0,W,E,11,30,58,51,1024.3,1019.2,1,1,17.4,20.7,No,No,0,0,1,2013,11,Nov,2013-11-01,Q4,310,Printemps,16.6,9.599999999999998,20.5,54.5,1021.75,Sec (≤1 mm),67.5,-3.42645914396887,-5.518287937743192,-0.8808125335354238,-2.404103330568423,,0,0,0,0
2013-11-07,15.0,26.2,0.0,8.0,11.9,NNE,48.0,W,ENE,11,22,59,51,1017.1,1012.2,0,1,20.6,24.7,No,No,0,0,1,2013,11,Nov,2013-11-01,Q4,311,Printemps,20.6,11.2,16.5,55.0,1014.6500000000001,Sec (≤1 mm),22.5,1.3735408560311306,-2.318287937743193,0.3530851968407963,-1.0099878468147423,,0,0,0,0
2013-11-08,17.9,28.1,0.0,9.4,8.3,W,63.0,W,NNE,4,28,43,44,1011.0,1006.4,3,6,24.5,27.6,No,No,0,0,1,2013,11,Nov,2013-11-01,Q4,312,Printemps,23.0,10.200000000000003,16.0,43.5,1008.7,Sec (≤1 mm),270.0,3.2735408560311328,0.5817120622568055,0.8415030484480506,0.25342931033703053,,0,0,0,0
2013-11-09,22.3,33.3,0.0,10.4,9.5,SSE,48.0,WNW,SE,9,20,46,37,1006.4,1006.6,4,3,24.8,28.4,No,Yes,0,1,1,2013,11,Nov,2013-11-01,Q4,313,Printemps,27.799999999999997,10.999999999999996,14.5,41.5,1006.5,Sec (≤1 mm),157.5,8.473540856031128,4.981712062256808,2.1782255896889544,2.1703381004983426,,0,0,0,0
2013-11-10,15.7,18.9,11.6,9.6,0.7,SE,50.0,SSW,SE,15,22,87,62,1017.5,1017.2,8,7,15.8,18.7,Yes,Yes,1,1,1,2013,11,Nov,2013-11-01,Q4,314,Printemps,17.299999999999997,3.1999999999999993,18.5,74.5,1017.35,Modérée (10-30),135.0,-5.92645914396887,-1.6182879377431938,-1.523467601439705,-0.7050250847436248,,0,0,0,0
2013-11-11,15.1,18.4,39.6,9.4,0.0,SE,54.0,SSE,SSE,31,28,91,91,1018.1,1016.4,8,7,16.0,17.3,Yes,Yes,1,1,1,2013,11,Nov,2013-11-01,Q4,315,Printemps,16.75,3.299999999999999,29.5,91.0,1017.25,Forte (>30),135.0,-6.42645914396887,-2.2182879377431934,-1.6519986150205612,-0.9664217379474398,,0,0,0,0
2013-11-12,15.6,22.8,20.2,1.8,4.9,ENE,28.0,N,E,4,6,92,66,1013.2,1011.8,8,7,17.4,21.9,Yes,Yes,1,1,1,2013,11,Nov,2013-11-01,Q4,316,Printemps,19.2,7.200000000000001,5.0,79.0,1012.5,Modérée (10-30),67.5,-2.026459143968868,-1.7182879377431934,-0.5209256955090258,-0.7485911936109272,,0,0,0,0
2013-11-13,15.1,27.6,7.4,3.2,13.0,ENE,37.0,W,E,20,24,59,59,1014.4,1011.2,1,3,20.7,23.2,Yes,No,1,0,1,2013,11,Nov,2013-11-01,Q4,317,Printemps,21.35,12.500000000000002,22.0,59.0,1012.8,Faible (1-10),67.5,2.7735408560311328,-2.2182879377431934,0.7129720348671943,-0.9664217379474398,,0,0,0,0
2013-11-14,16.9,27.0,0.0,9.6,13.2,ENE,33.0,WNW,E,15,20,32,45,1014.1,1011.3,0,1,22.5,23.7,No,No,0,0,1,2013,11,Nov,2013-11-01,Q4,318,Printemps,21.95,10.100000000000001,17.5,38.5,1012.7,Sec (≤1 mm),67.5,2.1735408560311313,-0.4182879377431945,0.5587348185701665,-0.18223177833599474,,0,0,0,0
2013-11-15,15.9,23.3,0.0,7.8,8.0,ESE,69.0,NNW,SE,2,26,68,62,1015.8,1014.6,3,6,20.7,22.6,No,Yes,0,1,1,2013,11,Nov,2013-11-01,Q4,319,Printemps,19.6,7.4,14.0,65.0,1015.2,Sec (≤1 mm),112.5,-1.526459143968868,-1.4182879377431927,-0.3923946819281695,-0.6178928670090192,,0,0,0,0
2013-11-16,15.7,21.7,23.0,4.8,5.6,SSE,50.0,SSE,SSE,19,33,74,75,1016.0,1014.5,7,7,18.0,18.8,Yes,Yes,1,1,1,2013,11,Nov,2013-11-01,Q4,320,Printemps,18.7,6.0,26.0,74.5,1015.25,Modérée (10-30),157.5,-3.1264591439688694,-1.6182879377431938,-0.8036939253869099,-0.7050250847436248,,0,0,0,0
2013-11-17,14.8,18.0,40.8,5.6,0.0,SSE,50.0,SSW,SSE,22,17,83,83,1015.5,1014.5,7,8,16.4,16.8,Yes,Yes,1,1,1,2013,11,Nov,2013-11-01,Q4,321,Printemps,16.4,3.1999999999999993,19.5,83.0,1015.0,Forte (>30),157.5,-6.826459143968869,-2.5182879377431924,-1.7548234258852458,-1.0971200645493469,,0,0,0,0
2013-11-18,15.2,20.0,11.2,4.0,0.0,S,59.0,S,SSE,30,24,80,91,1013.3,1010.5,8,8,17.9,18.4,Yes,Yes,1,1,1,2013,11,Nov,2013-11-01,Q4,322,Printemps,17.6,4.800000000000001,27.0,85.5,1011.9,Modérée (10-30),180.0,-4.826459143968869,-2.118287937743194,-1.2406993715618209,-0.9228556290801374,,0,0,0,0
2013-11-19,16.4,25.4,17.6,2.0,10.3,S,39.0,SSW,SSE,17,17,79,55,1011.4,1010.3,6,2,20.0,24.5,Yes,No,1,0,1,2013,11,Nov,2013-11-01,Q4,323,Printemps,20.9,9.0,17.0,67.0,1010.8499999999999,Modérée (10-30),180.0,0.5735408560311299,-0.9182879377431945,0.14743557511142616,-0.4000623226725074,,0,0,0,0
2013-11-20,16.6,24.9,0.2,6.8,12.0,E,33.0,W,E,11,22,71,66,1012.4,1010.7,4,1,20.8,24.2,No,No,0,0,1,2013,11,Nov,2013-11-01,Q4,324,Printemps,20.75,8.299999999999997,16.5,68.5,1011.55,Sec (≤1 mm),90.0,0.07354085603112992,-0.7182879377431917,0.018904561530569908,-0.3129301049379011,,0,0,0,0
2013-11-21,20.1,24.6,0.0,6.2,9.8,ENE,52.0,NNE,NE,15,24,64,64,1012.8,1010.4,6,5,23.6,23.5,No,Yes,0,1,1,2013,11,Nov,2013-11-01,Q4,325,Printemps,22.35,4.5,19.5,64.0,1011.5999999999999,Sec (≤1 mm),67.5,-0.22645914396886724,2.7817120622568083,-0.058214046617943105,1.2118837054176874,,0,0,0,0
2013-11-22,19.9,24.3,3.0,9.8,2.9,NE,69.0,NE,NNE,28,39,79,67,1009.1,1006.6,7,7,21.1,22.6,Yes,Yes,1,1,1,2013,11,Nov,2013-11-01,Q4,326,Printemps,22.1,4.400000000000002,33.5,73.0,1007.85,Faible (1-10),45.0,-0.526459143968868,2.5817120622568055,-0.13533265476645703,1.124751487683081,,0,0,0,0
2013-11-23,18.1,25.0,7.4,4.0,9.3,NE,31.0,WNW,NE,9,7,78,60,1005.8,1003.2,3,5,21.7,22.6,Yes,Yes,1,1,1,2013,11,Nov,2013-11-01,Q4,327,Printemps,21.55,6.899999999999999,8.0,69.0,1004.5,Faible (1-10),45.0,0.17354085603113134,0.7817120622568083,0.04461076424674152,0.34056152807163687,,0,0,0,0
2013-11-24,16.8,23.8,3.6,5.0,13.0,SE,41.0,SSE,SE,7,20,58,51,1006.3,1005.2,1,2,20.8,22.7,Yes,No,1,0,1,2013,11,Nov,2013-11-01,Q4,328,Printemps,20.3,7.0,13.5,54.5,1005.75,Faible (1-10),135.0,-1.026459143968868,-0.5182879377431924,-0.2638636683473133,-0.22579788720329635,,0,0,0,0
2013-11-25,16.4,23.3,0.0,8.2,10.3,SSW,61.0,SW,S,6,35,57,69,1008.1,1009.1,3,7,20.8,20.0,No,Yes,0,1,1,2013,11,Nov,2013-11-01,Q4,329,Printemps,19.85,6.900000000000002,20.5,63.0,1008.6,Sec (≤1 mm),202.5,-1.526459143968868,-0.9182879377431945,-0.3923946819281695,-0.4000623226725074,,0,0,0,0
2013-11-26,14.7,22.9,4.2,7.4,7.7,SSE,41.0,WSW,SSE,13,22,61,46,1016.7,1016.4,7,1,17.0,22.2,Yes,No,1,0,1,2013,11,Nov,2013-11-01,Q4,330,Printemps,18.799999999999997,8.2,17.5,53.5,1016.55,Faible (1-10),157.5,-1.92645914396887,-2.618287937743194,-0.49521949279285504,-1.14068617341665,,0,0,0,0
2013-11-27,13.7,23.9,0.0,5.6,12.6,E,30.0,WNW,E,13,20,52,48,1018.3,1014.8,1,1,19.5,22.5,No,No,0,0,1,2013,11,Nov,2013-11-01,Q4,331,Printemps,18.799999999999997,10.2,16.5,50.0,1016.55,Sec (≤1 mm),90.0,-0.9264591439688701,-3.618287937743194,-0.23815746563114257,-1.5763472620896755,,0,0,0,0
2013-11-28,16.6,26.5,0.0,8.0,11.2,NNE,46.0,NNE,NE,9,19,56,60,1011.7,1005.0,6,7,23.3,25.6,No,No,0,0,1,2013,11,Nov,2013-11-01,Q4,332,Printemps,21.55,9.899999999999999,14.0,58.0,1008.35,Sec (≤1 mm),22.5,1.6735408560311313,-0.7182879377431917,0.4302038049893102,-0.3129301049379011,,0,0,0,0
2013-11-29,19.5,20.9,0.2,10.6,0.0,S,59.0,SSE,S,13,19,72,83,1005.8,1008.8,8,7,20.9,17.1,No,Yes,0,1,1,2013,11,Nov,2013-11-01,Q4,333,Printemps,20.2,1.3999999999999986,16.0,77.5,1007.3,Sec (≤1 mm),180.0,-3.92645914396887,2.181712062256807,-1.00934354711628,0.9504870522138716,,0,0,0,0
2013-11-30,14.9,22.9,2.8,3.4,7.3,SW,44.0,S,SE,22,20,59,49,1018.8,1019.5,7,2,18.5,21.9,Yes,No,1,0,1,2013,11,Nov,2013-11-01,Q4,334,Printemps,18.9,7.999999999999998,21.0,54.0,1019.15,Faible (1-10),225.0,-1.92645914396887,-2.4182879377431927,-0.49521949279285504,-1.0535539556820446,,0,0,0,0
2013-12-01,14.0,22.7,0.0,7.0,7.5,ESE,35.0,WNW,E,6,17,64,49,1025.1,1024.3,5,4,19.0,21.8,No,No,0,0,1,2013,12,Dec,2013-12-01,Q4,335,Été,18.35,8.7,11.5,56.5,1024.6999999999998,Sec (≤1 mm),112.5,-3.128333333333334,-4.582083333333333,-0.9081258694324817,-2.0376308038652855,,0,0,0,0
2013-12-02,15.2,24.1,0.0,5.0,12.1,ENE,37.0,E,ENE,11,22,52,44,1022.5,1019.6,4,5,21.3,23.3,No,No,0,0,1,2013,12,Dec,2013-12-01,Q4,336,Été,19.65,8.900000000000002,16.5,48.0,1021.05,Sec (≤1 mm),67.5,-1.7283333333333317,-3.382083333333334,-0.501718980608142,-1.5039964749453965,,0,0,0,0
2013-12-03,15.2,24.6,0.0,8.0,13.3,ENE,48.0,N,NE,11,30,51,52,1017.6,1013.5,2,1,22.8,23.4,No,No,0,0,1,2013,12,Dec,2013-12-01,Q4,337,Été,19.9,9.400000000000002,20.5,51.5,1015.55,Sec (≤1 mm),67.5,-1.2283333333333317,-3.382083333333334,-0.356573663170878,-1.5039964749453965,,0,0,0,0
2013-12-04,17.8,27.8,0.0,8.8,7.9,NNE,54.0,ENE,E,13,15,61,63,1006.3,1000.5,5,7,23.5,24.9,No,Yes,0,1,1,2013,12,Dec,2013-12-01,Q4,338,Été,22.8,10.0,14.0,62.0,1003.4,Sec (≤1 mm),22.5,1.9716666666666676,-0.7820833333333326,0.5723563684276112,-0.3477887622856358,,0,0,0,0
2013-12-05,19.0,26.3,4.0,8.0,8.4,W,78.0,SSW,W,4,48,80,32,996.7,996.9,7,6,21.5,22.3,Yes,No,1,0,1,2013,12,Dec,2013-12-01,Q4,339,Été,22.65,7.300000000000001,26.0,56.0,996.8,Faible (1-10),270.0,0.47166666666666757,0.4179166666666667,0.1369204161158193,0.1858455666342531,,0,1,0,0
2013-12-06,12.7,22.9,0.0,10.0,13.6,WSW,59.0,W,ESE,26,24,37,39,1011.7,1013.3,1,1,17.1,22.0,No,No,0,0,1,2013,12,Dec,2013-12-01,Q4,340,Été,17.799999999999997,10.2,25.0,38.0,1012.5,Sec (≤1 mm),247.5,-2.9283333333333346,-5.882083333333334,-0.8500677424575764,-2.6157346601951654,,0,0,0,0
2013-12-07,13.6,25.0,0.0,7.6,12.6,NNE,30.0,W,E,13,22,47,45,1020.4,1018.3,3,6,20.0,23.9,No,No,0,0,1,2013,12,Dec,2013-12-01,Q4,341,Été,19.3,11.4,17.5,46.0,1019.3499999999999,Sec (≤1 mm),22.5,-0.8283333333333331,-4.982083333333334,-0.24045740922106726,-2.2155089135052486,,0,0,0,0
2013-12-08,16.2,25.6,0.0,7.2,11.4,NE,46.0,E,NE,9,26,58,45,1019.0,1013.5,3,2,22.6,25.3,No,No,0,0,1,2013,12,Dec,2013-12-01,Q4,342,Été,20.9,9.400000000000002,17.5,51.5,1016.25,Sec (≤1 mm),45.0,-0.22833333333333172,-2.382083333333334,-0.06628302829635008,-1.0593012008454887,,0,0,0,0
2013-12-09,19.3,29.8,0.0,10.0,4.1,N,56.0,ESE,NE,6,6,52,46,1009.1,1004.0,7,7,25.4,29.2,No,No,0,0,1,2013,12,Dec,2013-12-01,Q4,343,Été,24.55,10.5,6.0,49.0,1006.55,Sec (≤1 mm),0.0,3.9716666666666676,0.7179166666666674,1.1529376381766672,0.3192541488642257,,0,0,0,0
2013-12-10,23.0,33.0,0.0,8.0,12.0,W,54.0,WNW,ESE,24,13,34,33,1002.5,1002.6,1,1,28.6,30.4,No,No,0,0,1,2013,12,Dec,2013-12-01,Q4,344,Été,28.0,10.0,18.5,33.5,1002.55,Sec (≤1 mm),270.0,7.171666666666667,4.417916666666667,2.0818676697751566,1.9646266630338838,,0,0,0,0
2013-12-11,18.1,28.0,0.0,11.2,13.2,ENE,31.0,WSW,E,13,24,31,40,1009.7,1005.0,1,3,23.7,24.9,No,No,0,0,1,2013,12,Dec,2013-12-01,Q4,345,Été,23.05,9.899999999999999,18.5,35.5,1007.35,Sec (≤1 mm),67.5,2.171666666666667,-0.48208333333333186,0.6304144954025166,-0.21438018005566317,,0,0,0,0
2013-12-12,19.9,24.8,0.0,10.4,9.7,NE,46.0,E,ENE,15,28,69,59,1011.9,1009.8,6,2,20.6,24.0,No,No,0,0,1,2013,12,Dec,2013-12-01,Q4,346,Été,22.35,4.900000000000002,21.5,64.0,1010.8499999999999,Sec (≤1 mm),45.0,-1.0283333333333324,1.3179166666666653,-0.29851553619597265,0.5860713133241694,,0,0,0,0
2013-12-13,18.9,26.3,0.0,6.8,13.0,ENE,46.0,ESE,ENE,9,30,63,63,1012.5,1009.8,1,1,24.3,25.1,No,No,0,0,1,2013,12,Dec,2013-12-01,Q4,347,Été,22.6,7.400000000000002,19.5,63.0,1011.15,Sec (≤1 mm),67.5,0.47166666666666757,0.3179166666666653,0.1369204161158193,0.1413760392242617,,0,0,0,0
2013-12-14,20.6,26.7,0.0,8.8,9.8,SSE,50.0,S,SSE,30,31,65,56,1014.8,1015.0,3,5,23.7,23.6,No,Yes,0,1,1,2013,12,Dec,2013-12-01,Q4,348,Été,23.65,6.099999999999998,30.5,60.5,1014.9,Sec (≤1 mm),157.5,0.8716666666666661,2.017916666666668,0.2530366700656301,0.897358005194106,,0,0,0,0
2013-12-15,19.1,24.6,1.2,7.8,2.0,ESE,30.0,NE,E,2,19,81,59,1018.6,1016.9,7,5,20.1,23.8,Yes,Yes,1,1,1,2013,12,Dec,2013-12-01,Q4,349,Été,21.85,5.5,10.5,70.0,1017.75,Faible (1-10),112.5,-1.2283333333333317,0.5179166666666681,-0.356573663170878,0.23031509404424452,,0,0,0,0
2013-12-16,18.7,24.8,2.2,7.0,6.4,ENE,35.0,NE,ENE,9,24,83,60,1020.6,1019.2,7,3,20.1,23.9,Yes,No,1,0,1,2013,12,Dec,2013-12-01,Q4,350,Été,21.75,6.100000000000001,16.5,71.5,1019.9000000000001,Faible (1-10),67.5,-1.0283333333333324,0.117916666666666,-0.29851553619597265,0.05243698440428049,,0,0,0,0
2013-12-17,18.7,26.0,0.2,3.6,11.9,NE,44.0,NNE,ENE,9,30,60,52,1021.8,1019.5,6,1,22.5,24.7,No,No,0,0,1,2013,12,Dec,2013-12-01,Q4,351,Été,22.35,7.300000000000001,19.5,56.0,1020.65,Sec (≤1 mm),45.0,0.17166666666666686,0.117916666666666,0.04983322565346069,0.05243698440428049,,0,0,0,0
2013-12-18,20.6,26.0,0.0,10.0,12.9,ENE,33.0,ENE,ENE,15,26,57,54,1024.2,1022.9,3,1,24.5,24.5,No,No,0,0,1,2013,12,Dec,2013-12-01,Q4,352,Été,23.3,5.399999999999999,20.5,55.5,1023.55,Sec (≤1 mm),67.5,0.17166666666666686,2.017916666666668,0.04983322565346069,0.897358005194106,,0,0,0,0
2013-12-19,18.9,26.4,0.0,9.0,12.9,NNE,56.0,NE,NE,17,28,60,59,1022.5,1018.8,2,1,23.1,25.1,No,No,0,0,1,2013,12,Dec,2013-12-01,Q4,353,Été,22.65,7.5,22.5,59.5,1020.65,Sec (≤1 mm),22.5,0.5716666666666654,0.3179166666666653,0.16594947960327147,0.1413760392242617,,0,0,0,0
2013-12-20,20.3,33.5,0.0,10.0,10.1,ENE,43.0,E,E,6,9,59,40,1016.3,1011.6,2,3,26.2,31.4,No,No,0,0,1,2013,12,Dec,2013-12-01,Q4,354,Été,26.9,13.2,7.5,49.5,1013.95,Sec (≤1 mm),67.5,7.671666666666667,1.7179166666666674,2.2270129872124205,0.7639494229641334,,0,0,0,0
2013-12-21,21.5,27.8,0.0,11.6,9.9,SSE,57.0,SSW,SSE,28,37,59,57,1016.8,1015.4,6,1,25.1,26.5,No,No,0,0,1,2013,12,Dec,2013-12-01,Q4,355,Été,24.65,6.300000000000001,32.5,58.0,1016.0999999999999,Sec (≤1 mm),157.5,1.9716666666666676,2.9179166666666667,0.5723563684276112,1.2975837518840223,,0,0,0,0
2013-12-22,21.7,28.7,0.0,8.0,6.9,NNE,52.0,NE,E,9,9,67,66,1012.6,1008.3,7,7,25.5,26.8,No,No,0,0,1,2013,12,Dec,2013-12-01,Q4,356,Été,25.2,7.0,9.0,66.5,1010.45,Sec (≤1 mm),22.5,2.871666666666666,3.117916666666666,0.833617939814686,1.3865228067040036,,0,0,0,0
2013-12-23,22.4,36.0,0.0,7.6,4.0,S,57.0,ESE,ESE,11,9,61,34,1007.2,1004.3,7,7,27.5,31.5,No,No,0,0,1,2013,12,Dec,2013-12-01,Q4,357,Été,29.2,13.600000000000001,10.0,47.5,1005.75,Sec (≤1 mm),180.0,10.171666666666667,3.8179166666666653,2.9527395743987404,1.6978094985739387,,0,0,0,0
2013-12-24,19.2,22.9,0.0,6.6,0.0,SSE,41.0,SSE,SSE,24,17,58,56,1018.3,1018.5,7,7,21.8,22.1,No,No,0,0,1,2013,12,Dec,2013-12-01,Q4,358,Été,21.049999999999997,3.6999999999999993,20.5,57.0,1018.4,Sec (≤1 mm),157.5,-2.9283333333333346,0.617916666666666,-0.8500677424575764,0.2747846214542343,,0,0,0,0
2013-12-25,18.7,21.5,0.6,3.6,0.0,ENE,35.0,W,NE,6,13,85,88,1019.3,1016.4,8,8,18.9,20.1,No,Yes,0,1,1,2013,12,Dec,2013-12-01,Q4,359,Été,20.1,2.8000000000000007,9.5,86.5,1017.8499999999999,Sec (≤1 mm),67.5,-4.328333333333333,0.117916666666666,-1.256474631281915,0.05243698440428049,,0,0,0,0
2013-12-26,18.7,26.6,21.0,1.2,9.5,SW,43.0,SSW,ESE,13,24,82,51,1012.3,1010.5,7,1,21.5,25.2,Yes,Yes,1,1,1,2013,12,Dec,2013-12-01,Q4,360,Été,22.65,7.900000000000002,18.5,66.5,1011.4,Modérée (10-30),225.0,0.7716666666666683,0.117916666666666,0.22400760657817786,0.05243698440428049,,0,0,0,0
2013-12-27,17.9,24.8,1.8,6.2,10.5,ENE,31.0,W,ENE,9,22,78,64,1012.5,1010.7,5,5,21.0,24.3,Yes,No,1,0,1,2013,12,Dec,2013-12-01,Q4,361,Été,21.35,6.900000000000002,15.5,71.0,1011.6,Faible (1-10),67.5,-1.0283333333333324,-0.6820833333333347,-0.29851553619597265,-0.303319234875646,,0,0,0,0
2013-12-28,19.4,25.5,0.0,5.6,12.4,NNE,54.0,ENE,NE,19,28,62,63,1012.3,1007.6,4,1,23.6,24.9,No,No,0,0,1,2013,12,Dec,2013-12-01,Q4,362,Été,22.45,6.100000000000001,23.5,62.5,1009.95,Sec (≤1 mm),22.5,-0.32833333333333314,0.8179166666666653,-0.09531209178380329,0.36372367627421553,,0,0,0,0
2013-12-29,20.0,24.6,0.0,10.2,11.7,SSE,78.0,SSE,SSE,39,28,65,47,1009.5,1012.9,2,1,21.4,23.5,No,No,0,0,1,2013,12,Dec,2013-12-01,Q4,363,Été,22.3,4.600000000000001,33.5,56.0,1011.2,Sec (≤1 mm),157.5,-1.2283333333333317,1.4179166666666667,-0.356573663170878,0.6305408407341608,,0,1,0,0
2013-12-30,18.8,24.2,0.0,11.4,10.2,ENE,43.0,E,ENE,9,24,47,49,1015.3,1011.7,5,1,22.1,23.4,No,No,0,0,1,2013,12,Dec,2013-12-01,Q4,364,Été,21.5,5.399999999999999,16.5,48.0,1013.5,Sec (≤1 mm),67.5,-1.6283333333333339,0.21791666666666742,-0.47268991712068986,0.09690651181427189,,0,0,0,0
2013-12-31,17.5,26.2,0.0,6.4,10.6,ESE,37.0,W,ESE,9,24,60,55,1013.2,1011.0,2,1,22.5,25.9,No,No,0,0,1,2013,12,Dec,2013-12-01,Q4,365,Été,21.85,8.7,16.5,57.5,1012.1,Sec (≤1 mm),112.5,0.37166666666666615,-1.0820833333333333,0.10789135262836608,-0.4811973445156084,,0,0,0,0
2014-01-01,20.5,27.1,0.0,7.4,5.9,W,41.0,NNE,NE,13,24,58,62,1014.6,1011.3,5,8,24.4,24.9,No,No,0,0,1,2014,1,Jan,2014-01-01,Q1,1,Été,23.8,6.600000000000001,18.5,60.0,1012.95,Sec (≤1 mm),270.0,-0.376895306859204,0.19638989169675014,-0.09833160215050336,0.09245201546289747,,0,0,0,0
2014-01-02,22.3,36.5,0.0,8.0,3.5,WSW,52.0,ESE,WSW,6,33,50,22,1003.6,1002.0,7,7,27.1,34.5,No,No,0,0,1,2014,1,Jan,2014-01-01,Q1,2,Été,29.4,14.2,19.5,36.0,1002.8,Sec (≤1 mm),247.5,9.023104693140795,1.9963898916967509,2.354118835392426,0.939815524834237,,0,0,0,0
2014-01-03,21.0,26.2,0.2,5.6,5.6,ENE,37.0,ENE,ENE,13,26,62,52,1005.3,1000.0,7,6,22.2,24.8,No,No,0,0,1,2014,1,Jan,2014-01-01,Q1,3,Été,23.6,5.199999999999999,19.5,57.0,1002.65,Sec (≤1 mm),67.5,-1.2768953068592062,0.6963898916967501,-0.3331406865961036,0.3278307680660473,,0,0,0,0
2014-01-04,20.1,27.5,0.0,7.4,11.2,S,57.0,SSW,E,17,22,60,54,1003.4,1002.3,1,1,22.9,24.6,No,No,0,0,1,2014,1,Jan,2014-01-01,Q1,4,Été,23.8,7.399999999999999,19.5,57.0,1002.8499999999999,Sec (≤1 mm),180.0,0.023104693140794552,-0.20361010830324844,0.006027990936429439,-0.0958509866196217,,0,0,0,0
2014-01-05,20.8,26.0,0.0,8.2,12.2,NNE,59.0,NNE,NE,9,22,63,70,1010.5,1005.7,6,2,24.2,24.9,No,No,0,0,1,2014,1,Jan,2014-01-01,Q1,5,Été,23.4,5.199999999999999,15.5,66.5,1008.1,Sec (≤1 mm),22.5,-1.4768953068592054,0.49638989169675085,-0.38532048313956996,0.23367926702478767,,0,0,0,0
2014-01-06,19.6,32.0,0.0,9.4,12.8,W,43.0,WSW,SE,17,26,30,26,1008.9,1007.3,1,1,25.3,28.9,No,No,0,0,1,2014,1,Jan,2014-01-01,Q1,6,Été,25.8,12.399999999999999,21.5,28.0,1008.0999999999999,Sec (≤1 mm),270.0,4.5231046931407946,-0.7036101083032484,1.1800734131644277,-0.3312297392227715,,0,0,0,0
2014-01-07,18.3,21.6,0.0,11.4,1.7,SSE,44.0,SSE,SE,26,13,55,63,1018.3,1019.4,5,7,20.9,19.5,No,Yes,0,1,1,2014,1,Jan,2014-01-01,Q1,7,Été,19.950000000000003,3.3000000000000007,19.5,59.0,1018.8499999999999,Sec (≤1 mm),157.5,-5.876895306859204,-2.003610108303249,-1.5332760070958344,-0.9432144959909613,,0,0,0,0
2014-01-08,16.2,22.3,5.8,7.6,0.4,SE,35.0,SE,SE,11,15,68,60,1023.7,1022.4,7,7,18.3,20.5,Yes,No,1,0,1,2014,1,Jan,2014-01-01,Q1,8,Été,19.25,6.100000000000001,13.0,64.0,1023.05,Faible (1-10),135.0,-5.176895306859205,-4.103610108303251,-1.3506467191937017,-1.931805256924191,,0,0,0,0
2014-01-09,18.1,23.2,0.0,3.8,2.0,E,33.0,ENE,ENE,17,20,49,53,1024.3,1023.1,7,7,21.1,22.4,No,No,0,0,1,2014,1,Jan,2014-01-01,Q1,9,Été,20.65,5.099999999999998,18.5,51.0,1023.7,Sec (≤1 mm),90.0,-4.276895306859206,-2.2036101083032484,-1.1158376347481025,-1.0373659970322209,,0,0,0,0
2014-01-10,19.0,25.7,0.4,6.6,9.3,ENE,41.0,ESE,ENE,4,26,66,59,1022.2,1019.6,6,3,22.3,23.8,No,No,0,0,1,2014,1,Jan,2014-01-01,Q1,10,Été,22.35,6.699999999999999,15.0,62.5,1020.9000000000001,Sec (≤1 mm),67.5,-1.7768953068592062,-1.3036101083032499,-0.46359017795477003,-0.613684242346552,,0,0,0,0
2014-01-11,19.1,29.1,0.0,7.2,10.9,ENE,35.0,W,NE,6,17,65,49,1018.9,1014.6,1,2,23.5,27.4,No,No,0,0,1,2014,1,Jan,2014-01-01,Q1,11,Été,24.1,10.0,11.5,57.0,1016.75,Sec (≤1 mm),67.5,1.623104693140796,-1.2036101083032484,0.42346636328416254,-0.5666084918259213,,0,0,0,0
2014-01-12,21.1,28.8,0.0,10.4,10.3,ESE,39.0,ENE,ESE,9,19,71,61,1017.7,1017.0,2,3,24.8,26.1,No,No,0,0,1,2014,1,Jan,2014-01-01,Q1,12,Été,24.950000000000003,7.699999999999999,14.0,66.0,1017.35,Sec (≤1 mm),112.5,1.3231046931407953,0.7963898916967516,0.34519666846896246,0.3749065185866779,,0,0,0,0
2014-01-13,19.7,26.8,0.0,7.6,11.5,ESE,33.0,SW,ESE,7,17,66,53,1021.9,1020.2,6,2,21.9,24.7,No,No,0,0,1,2014,1,Jan,2014-01-01,Q1,13,Été,23.25,7.100000000000001,12.0,59.5,1021.05,Sec (≤1 mm),112.5,-0.6768953068592047,-0.6036101083032506,-0.17660129696570342,-0.28415398870214253,,0,0,0,0
2014-01-14,18.3,27.5,0.0,7.2,12.0,ENE,44.0,W,E,7,30,59,53,1022.3,1019.7,4,0,22.8,26.2,No,No,0,0,1,2014,1,Jan,2014-01-01,Q1,14,Été,22.9,9.2,18.5,56.0,1021.0,Sec (≤1 mm),67.5,0.023104693140794552,-2.003610108303249,0.006027990936429439,-0.9432144959909613,,0,0,0,0
2014-01-15,21.2,28.8,0.0,10.0,12.8,NE,56.0,ESE,NE,2,22,62,53,1021.7,1018.2,0,1,25.6,28.2,No,No,0,0,1,2014,1,Jan,2014-01-01,Q1,15,Été,25.0,7.600000000000001,12.0,57.5,1019.95,Sec (≤1 mm),45.0,1.3231046931407953,0.8963898916967494,0.34519666846896246,0.42198226910730685,,0,0,0,0
2014-01-16,21.1,28.1,0.0,10.8,13.1,ENE,41.0,ENE,ENE,9,28,64,58,1019.2,1016.6,0,0,25.3,27.3,No,No,0,0,1,2014,1,Jan,2014-01-01,Q1,16,Été,24.6,7.0,18.5,61.0,1017.9000000000001,Sec (≤1 mm),67.5,0.623104693140796,0.7963898916967516,0.16256738056682957,0.3749065185866779,,0,0,0,0
2014-01-17,21.3,27.7,0.0,10.4,12.8,NE,52.0,NNE,NE,6,26,67,57,1016.7,1014.0,2,0,24.2,27.2,No,No,0,0,1,2014,1,Jan,2014-01-01,Q1,17,Été,24.5,6.399999999999999,16.0,62.0,1015.35,Sec (≤1 mm),45.0,0.22310469314079384,0.9963898916967509,0.05820778747989584,0.4690580196279375,,0,0,0,0
2014-01-18,19.3,28.7,0.0,10.6,13.1,NE,52.0,ENE,ENE,7,22,65,51,1012.6,1009.4,0,0,25.1,28.3,No,No,0,0,1,2014,1,Jan,2014-01-01,Q1,18,Été,24.0,9.399999999999999,14.5,58.0,1011.0,Sec (≤1 mm),45.0,1.2231046931407938,-1.0036101083032491,0.3191067701972288,-0.4724569907846617,,0,0,0,0
2014-01-19,21.2,29.4,0.0,10.8,6.1,SSE,37.0,SE,SE,6,20,65,60,1010.0,1008.9,7,6,24.9,26.4,No,No,0,0,1,2014,1,Jan,2014-01-01,Q1,19,Été,25.299999999999997,8.2,13.0,62.5,1009.45,Sec (≤1 mm),157.5,1.9231046931407931,0.8963898916967494,0.5017360580993616,0.42198226910730685,,0,0,0,0
2014-01-20,21.7,25.9,0.0,4.2,2.8,S,37.0,SSE,ESE,11,24,71,65,1009.2,1008.0,6,7,24.1,25.1,No,Yes,0,1,1,2014,1,Jan,2014-01-01,Q1,20,Été,23.799999999999997,4.199999999999999,17.5,68.0,1008.6,Sec (≤1 mm),180.0,-1.5768953068592069,1.3963898916967494,-0.41141038141130365,0.6573610217104566,,0,0,0,0
2014-01-21,19.8,25.0,5.0,5.0,0.6,E,33.0,E,E,20,15,79,68,1010.2,1008.0,7,7,21.6,23.9,Yes,Yes,1,1,1,2014,1,Jan,2014-01-01,Q1,21,Été,22.4,5.199999999999999,17.5,73.5,1009.1,Faible (1-10),90.0,-2.4768953068592054,-0.5036101083032491,-0.6462194658569029,-0.2370782381815119,,0,0,0,0
2014-01-22,19.8,22.8,3.0,2.8,0.0,SSE,43.0,SE,SSE,15,24,74,60,1017.7,1019.9,7,7,21.8,22.3,Yes,No,1,0,1,2014,1,Jan,2014-01-01,Q1,22,Été,21.3,3.0,19.5,67.0,1018.8,Faible (1-10),157.5,-4.676895306859205,-0.5036101083032491,-1.2201972278350353,-0.2370782381815119,,0,0,0,0
2014-01-23,20.2,24.7,0.2,4.4,4.6,E,31.0,E,E,20,20,60,54,1023.2,1021.0,5,7,22.4,23.5,No,No,0,0,1,2014,1,Jan,2014-01-01,Q1,23,Été,22.45,4.5,20.0,57.0,1022.1,Sec (≤1 mm),90.0,-2.776895306859206,-0.10361010830325057,-0.724489160672103,-0.048775236098992744,,0,0,0,0
2014-01-24,19.7,26.3,0.0,7.4,1.5,NNE,52.0,NNE,NE,20,28,69,61,1014.0,1008.0,8,8,23.9,26.0,No,Yes,0,1,1,2014,1,Jan,2014-01-01,Q1,24,Été,23.0,6.600000000000001,24.0,65.0,1011.0,Sec (≤1 mm),22.5,-1.1768953068592047,-0.6036101083032506,-0.3070507883243699,-0.28415398870214253,,0,0,0,0
2014-01-25,19.3,25.3,2.4,5.6,8.0,SE,56.0,S,SSE,20,37,63,45,1012.0,1014.8,4,4,22.5,23.3,Yes,No,1,0,1,2014,1,Jan,2014-01-01,Q1,25,Été,22.3,6.0,28.5,54.0,1013.4,Faible (1-10),135.0,-2.1768953068592047,-1.0036101083032491,-0.5679497710417029,-0.4724569907846617,,0,0,0,0
2014-01-26,17.2,22.3,0.2,8.6,2.3,SSE,31.0,SSW,E,7,19,77,48,1023.8,1024.1,7,7,18.1,21.1,No,No,0,0,1,2014,1,Jan,2014-01-01,Q1,26,Été,19.75,5.100000000000001,13.0,62.5,1023.9499999999999,Sec (≤1 mm),157.5,-5.176895306859205,-3.1036101083032506,-1.3506467191937017,-1.4610477517178915,,0,0,0,0
2014-01-27,16.0,25.5,0.2,3.6,12.7,NE,44.0,W,ENE,13,26,56,52,1024.4,1022.3,3,3,20.6,24.7,No,No,0,0,1,2014,1,Jan,2014-01-01,Q1,27,Été,20.75,9.5,19.5,54.0,1023.35,Sec (≤1 mm),45.0,-1.9768953068592054,-4.30361010830325,-0.5157699744982365,-2.0259567579654507,,0,0,0,0
2014-01-28,19.6,26.5,0.0,9.4,13.0,NE,57.0,NNE,NE,17,28,45,56,1021.5,1018.4,1,1,24.7,25.5,No,No,0,0,1,2014,1,Jan,2014-01-01,Q1,28,Été,23.05,6.899999999999999,22.5,50.5,1019.95,Sec (≤1 mm),45.0,-0.9768953068592054,-0.7036101083032484,-0.2548709917809035,-0.3312297392227715,,0,0,0,0
2014-01-29,20.3,29.1,0.0,12.0,13.0,NE,44.0,NNE,NE,6,20,54,45,1017.0,1014.0,0,1,24.5,29.0,No,No,0,0,1,2014,1,Jan,2014-01-01,Q1,29,Été,24.700000000000003,8.8,13.0,49.5,1015.5,Sec (≤1 mm),45.0,1.623104693140796,-0.0036101083032491488,0.42346636328416254,-0.0016994855783621166,,0,0,0,0
2014-01-30,21.7,27.9,0.0,9.6,13.0,NE,52.0,E,NE,13,30,56,44,1019.9,1016.8,3,0,25.2,27.6,No,No,0,0,1,2014,1,Jan,2014-01-01,Q1,30,Été,24.799999999999997,6.199999999999999,21.5,50.0,1018.3499999999999,Sec (≤1 mm),45.0,0.42310469314079313,1.3963898916967494,0.11038758402336224,0.6573610217104566,,0,0,0,0
2014-01-31,20.3,28.3,0.0,12.6,13.0,NE,44.0,NE,NE,17,26,51,45,1014.9,1012.0,1,1,24.7,27.2,No,No,0,0,1,2014,1,Jan,2014-01-01,Q1,31,Été,24.3,8.0,21.5,48.0,1013.45,Sec (≤1 mm),45.0,0.8231046931407953,-0.0036101083032491488,0.21474717711029598,-0.0016994855783621166,,0,0,0,0
2014-02-01,21.7,28.7,0.0,11.0,10.6,SSE,37.0,SSW,ESE,17,17,72,59,1015.2,1012.6,6,3,23.6,26.6,No,No,0,0,1,2014,2,Feb,2014-02-01,Q1,32,Été,25.2,7.0,17.0,65.5,1013.9000000000001,Sec (≤1 mm),157.5,1.8192156862745072,1.5137254901960766,0.5709892588336767,0.7215622076388732,,0,0,0,0
2014-02-02,22.3,27.4,0.0,7.2,12.7,NE,43.0,NE,NE,22,26,67,55,1015.6,1014.3,3,1,24.6,26.4,No,No,0,0,1,2014,2,Feb,2014-02-01,Q1,33,Été,24.85,5.099999999999998,24.0,61.0,1014.95,Sec (≤1 mm),45.0,0.5192156862745065,2.113725490196078,0.16296395315709944,1.0075700256926245,,0,0,0,0
2014-02-03,21.3,27.1,0.0,12.0,11.6,NE,56.0,NNE,NE,26,33,55,51,1015.7,1012.0,1,0,24.9,25.9,No,No,0,0,1,2014,2,Feb,2014-02-01,Q1,34,Été,24.200000000000003,5.800000000000001,29.5,53.0,1013.85,Sec (≤1 mm),45.0,0.21921568627450938,1.113725490196078,0.0688042672317364,0.5308903289363736,,0,0,0,0
2014-02-04,20.7,25.2,0.0,12.0,1.2,SSE,61.0,ESE,S,17,31,62,83,1017.1,1019.4,7,8,25.1,19.5,No,Yes,0,1,1,2014,2,Feb,2014-02-01,Q1,35,Été,22.95,4.5,24.0,72.5,1018.25,Sec (≤1 mm),157.5,-1.6807843137254928,0.5137254901960766,-0.5275404102955692,0.24488251088262222,,0,0,0,0
2014-02-05,17.5,24.5,3.2,5.2,3.1,SSE,41.0,SSE,SSE,26,26,59,46,1023.9,1022.3,6,7,20.6,22.7,Yes,Yes,1,1,1,2014,2,Feb,2014-02-01,Q1,36,Été,21.0,7.0,26.0,52.5,1023.0999999999999,Faible (1-10),157.5,-2.380784313725492,-2.6862745098039227,-0.7472463441214182,-1.2804925187373808,,0,0,0,0
2014-02-06,17.1,23.3,1.2,7.2,3.2,E,26.0,WSW,ESE,11,17,67,48,1020.3,1017.7,8,7,19.2,23.2,Yes,No,1,0,1,2014,2,Feb,2014-02-01,Q1,37,Été,20.200000000000003,6.199999999999999,14.0,57.5,1019.0,Faible (1-10),90.0,-3.5807843137254913,-3.0862745098039213,-1.1238850878228737,-1.4711643974398805,,0,0,0,0
2014-02-07,15.5,25.4,0.2,4.2,12.3,ENE,41.0,W,ENE,11,30,63,52,1017.7,1015.2,1,1,19.6,25.0,No,No,0,0,1,2014,2,Feb,2014-02-01,Q1,38,Été,20.45,9.899999999999999,20.5,57.5,1016.45,Sec (≤1 mm),67.5,-1.4807843137254935,-4.686274509803923,-0.4647672863453268,-2.2338519122498828,,0,0,0,0
2014-02-08,19.4,27.3,0.0,9.2,12.1,NE,44.0,SE,NE,2,26,59,53,1018.1,1016.3,0,0,24.3,25.9,No,No,0,0,1,2014,2,Feb,2014-02-01,Q1,39,Été,23.35,7.900000000000002,14.0,56.0,1017.2,Sec (≤1 mm),45.0,0.41921568627450867,-0.7862745098039241,0.13157739118197878,-0.3748010949005045,,0,0,0,0
2014-02-09,20.6,27.6,0.0,9.6,12.9,NE,48.0,ENE,NE,9,22,63,52,1018.9,1015.4,2,0,24.6,27.1,No,No,0,0,1,2014,2,Feb,2014-02-01,Q1,40,Été,24.1,7.0,15.5,57.5,1017.15,Sec (≤1 mm),45.0,0.7192156862745094,0.41372549019607874,0.22573707710734295,0.19721454120699813,,0,0,0,0
2014-02-10,20.6,27.2,0.0,10.4,0.2,SSE,59.0,SSW,S,20,17,83,54,1019.5,1017.5,8,6,20.8,25.5,No,No,0,0,1,2014,2,Feb,2014-02-01,Q1,41,Été,23.9,6.599999999999998,18.5,68.5,1018.5,Sec (≤1 mm),157.5,0.31921568627450725,0.41372549019607874,0.10019082920685704,0.19721454120699813,,0,0,0,0
2014-02-11,20.1,27.7,0.0,7.2,4.0,SSE,31.0,S,SE,4,13,72,60,1017.6,1014.6,8,2,22.4,25.9,No,No,0,0,1,2014,2,Feb,2014-02-01,Q1,42,Été,23.9,7.599999999999998,8.5,66.0,1016.1,Sec (≤1 mm),157.5,0.8192156862745072,-0.08627450980392126,0.2571236390824636,-0.0411253071711274,,0,0,0,0
2014-02-12,22.1,26.3,0.2,6.0,4.3,ESE,33.0,ESE,ESE,19,22,78,68,1016.5,1015.6,7,7,23.5,25.8,No,Yes,0,1,1,2014,2,Feb,2014-02-01,Q1,43,Été,24.200000000000003,4.199999999999999,20.5,73.0,1016.05,Sec (≤1 mm),112.5,-0.5807843137254913,1.9137254901960787,-0.18228822856923432,0.9122340863413747,,0,0,0,0
2014-02-13,21.5,27.0,3.4,4.6,7.5,ENE,39.0,NE,E,11,28,66,64,1015.1,1011.3,4,8,25.1,25.6,Yes,No,1,0,1,2014,2,Feb,2014-02-01,Q1,44,Été,24.25,5.5,19.5,65.0,1013.2,Faible (1-10),67.5,0.11921568627450796,1.3137254901960773,0.037417705256614635,0.6262262682876234,,0,0,0,0
2014-02-14,20.8,23.5,1.0,8.8,0.0,ENE,28.0,NNE,ENE,6,17,81,79,1008.1,1006.4,8,8,21.6,22.8,No,No,0,0,1,2014,2,Feb,2014-02-01,Q1,45,Été,22.15,2.6999999999999993,11.5,80.0,1007.25,Sec (≤1 mm),67.5,-3.380784313725492,0.613725490196078,-1.0611119638726314,0.292550480558248,,0,0,0,0
2014-02-15,20.9,24.9,1.0,2.2,0.0,NE,26.0,E,ENE,2,17,88,82,1003.7,999.5,8,8,21.5,23.1,No,Yes,0,1,1,2014,2,Feb,2014-02-01,Q1,46,Été,22.9,4.0,9.5,85.0,1001.6,Sec (≤1 mm),45.0,-1.9807843137254935,0.7137254901960759,-0.6217000962209334,0.3402184502338721,,0,0,0,0
2014-02-16,21.4,25.0,6.0,2.4,0.0,SSE,54.0,S,SSE,6,24,78,83,999.5,1001.6,8,8,24.7,21.5,Yes,Yes,1,1,1,2014,2,Feb,2014-02-01,Q1,47,Été,23.2,3.6000000000000014,15.0,80.5,1000.55,Faible (1-10),157.5,-1.880784313725492,1.213725490196076,-0.5903135342458116,0.5785582986119976,,0,0,0,0
2014-02-17,18.4,26.4,21.8,7.0,8.3,SSW,31.0,SSW,ESE,13,20,90,56,1013.5,1013.3,7,4,19.0,23.7,Yes,No,1,0,1,2014,2,Feb,2014-02-01,Q1,48,Été,22.4,8.0,16.5,73.0,1013.4,Modérée (10-30),202.5,-0.48078431372549346,-1.786274509803924,-0.1509016665941137,-0.8514807916567555,,0,0,0,0
2014-02-18,18.9,24.7,0.0,2.4,2.7,E,26.0,NW,E,4,13,77,68,1013.0,1009.9,7,7,20.6,23.9,No,No,0,0,1,2014,2,Feb,2014-02-01,Q1,49,Été,21.799999999999997,5.800000000000001,8.5,72.5,1011.45,Sec (≤1 mm),90.0,-2.1807843137254928,-1.286274509803924,-0.6844732201711757,-0.61314094327863,,0,0,0,0
2014-02-19,20.5,29.1,0.0,2.2,1.8,NNE,35.0,N,W,11,13,81,82,1004.8,1002.1,7,8,23.8,23.5,No,Yes,0,1,1,2014,2,Feb,2014-02-01,Q1,50,Été,24.8,8.600000000000001,12.0,81.5,1003.45,Sec (≤1 mm),22.5,2.2192156862745094,0.3137254901960773,0.6965355067341626,0.14954657153137235,,0,0,0,0
2014-02-20,20.4,29.1,13.2,4.2,11.2,WSW,33.0,SW,ESE,7,17,52,40,1007.8,1007.9,5,2,22.2,25.6,Yes,No,1,0,1,2014,2,Feb,2014-02-01,Q1,51,Été,24.75,8.700000000000003,12.0,46.0,1007.8499999999999,Modérée (10-30),247.5,2.2192156862745094,0.2137254901960759,0.6965355067341626,0.10187860185574657,,0,0,0,0
2014-02-21,18.0,27.0,0.0,11.4,11.9,ESE,41.0,W,SE,20,28,33,44,1016.0,1015.8,1,1,21.1,24.4,No,No,0,0,1,2014,2,Feb,2014-02-01,Q1,52,Été,22.5,9.0,24.0,38.5,1015.9,Sec (≤1 mm),112.5,0.11921568627450796,-2.1862745098039227,0.037417705256614635,-1.0421526703592552,,0,0,0,0
2014-02-22,19.5,24.7,0.0,5.8,9.2,ESE,33.0,SE,ESE,9,24,63,56,1020.3,1019.2,7,4,22.0,23.1,No,No,0,0,1,2014,2,Feb,2014-02-01,Q1,53,Été,22.1,5.199999999999999,16.5,59.5,1019.75,Sec (≤1 mm),112.5,-2.1807843137254928,-0.6862745098039227,-0.6844732201711757,-0.3271331252248787,,0,0,0,0
2014-02-23,19.6,26.5,0.0,8.0,10.7,SE,37.0,SSE,SE,24,20,50,51,1023.4,1021.8,1,2,23.0,24.2,No,No,0,0,1,2014,2,Feb,2014-02-01,Q1,54,Été,23.05,6.899999999999999,22.0,50.5,1022.5999999999999,Sec (≤1 mm),135.0,-0.38078431372549204,-0.5862745098039213,-0.11951510461899192,-0.27946515554925294,,0,0,0,0
2014-02-24,19.1,26.4,0.2,6.4,11.0,ENE,33.0,WNW,E,9,19,68,59,1020.7,1018.2,2,1,21.7,24.9,No,No,0,0,1,2014,2,Feb,2014-02-01,Q1,55,Été,22.75,7.299999999999997,14.0,63.5,1019.45,Sec (≤1 mm),67.5,-0.48078431372549346,-1.0862745098039213,-0.1509016665941137,-0.5178050039273785,,0,0,0,0
2014-02-25,19.5,26.7,0.0,7.4,11.8,NE,50.0,NNW,NE,6,30,72,54,1017.9,1013.6,3,1,23.2,26.1,No,No,0,0,1,2014,2,Feb,2014-02-01,Q1,56,Été,23.1,7.199999999999999,18.0,63.0,1015.75,Sec (≤1 mm),45.0,-0.18078431372549275,-0.6862745098039227,-0.056741980668749525,-0.3271331252248787,,0,0,0,0
2014-02-26,19.7,32.4,0.0,9.8,6.2,SSE,43.0,ESE,ENE,7,17,59,44,1011.8,1010.1,6,7,25.1,30.3,No,Yes,0,1,1,2014,2,Feb,2014-02-01,Q1,57,Été,26.049999999999997,12.7,12.0,51.5,1010.95,Sec (≤1 mm),157.5,5.5192156862745065,-0.4862745098039234,1.732292051913165,-0.23179718587362882,,0,0,0,0
2014-02-27,20.3,22.0,4.4,5.2,0.2,S,44.0,S,SSE,24,26,82,78,1017.3,1019.2,7,7,21.7,21.2,Yes,Yes,1,1,1,2014,2,Feb,2014-02-01,Q1,58,Été,21.15,1.6999999999999993,25.0,80.0,1018.25,Faible (1-10),180.0,-4.880784313725492,0.11372549019607803,-1.531910393499451,0.054210632180122474,,0,0,0,0
2014-02-28,19.3,21.6,2.4,3.2,0.0,SE,44.0,SSE,SSE,20,20,86,68,1022.7,1022.5,8,7,19.7,21.0,Yes,Yes,1,1,1,2014,2,Feb,2014-02-01,Q1,59,Été,20.450000000000003,2.3000000000000007,20.0,77.0,1022.6,Faible (1-10),135.0,-5.280784313725491,-0.886274509803922,-1.6574566413999359,-0.4224690645761286,,0,0,0,0
2014-03-01,18.2,22.7,10.4,1.6,0.0,NNE,26.0,WNW,ENE,2,11,90,75,1020.5,1019.1,7,8,19.6,22.0,Yes,Yes,1,1,1,2014,3,Mar,2014-03-01,Q1,60,Automne,20.45,4.5,6.5,82.5,1019.8,Modérée (10-30),22.5,-3.1812903225806437,-0.6574193548387122,-1.2985002034388833,-0.30643089014005254,,0,0,0,0
2014-03-02,17.9,22.8,6.6,2.4,1.2,ESE,41.0,SSW,S,11,17,85,86,1020.3,1020.6,7,8,19.3,19.8,Yes,Yes,1,1,1,2014,3,Mar,2014-03-01,Q1,61,Automne,20.35,4.900000000000002,14.0,85.5,1020.45,Faible (1-10),112.5,-3.0812903225806423,-0.9574193548387129,-1.257683425598074,-0.44626441704400177,,0,0,0,0
2014-03-03,18.8,26.3,4.6,3.8,3.8,ESE,37.0,WNW,SE,11,11,70,75,1024.8,1024.5,3,7,21.7,22.2,Yes,Yes,1,1,1,2014,3,Mar,2014-03-01,Q1,62,Automne,22.55,7.5,11.0,72.5,1024.65,Faible (1-10),112.5,0.4187096774193577,-0.057419354838710746,0.17090379883022538,-0.02676383633215415,,0,0,0,0
2014-03-04,19.0,25.4,1.4,2.6,3.3,ENE,22.0,WNW,E,7,11,83,58,1026.1,1023.7,7,7,20.9,24.7,Yes,No,1,0,1,2014,3,Mar,2014-03-01,Q1,63,Automne,22.2,6.399999999999999,9.0,70.5,1024.9,Faible (1-10),67.5,-0.4812903225806444,0.14258064516128854,-0.1964472017370525,0.06645851493714476,,0,0,0,0
2014-03-05,18.1,27.5,0.2,4.0,7.7,S,50.0,WNW,NE,4,15,69,62,1018.6,1014.0,1,3,21.9,26.6,No,Yes,0,1,1,2014,3,Mar,2014-03-01,Q1,64,Automne,22.8,9.399999999999999,9.5,65.5,1016.3,Sec (≤1 mm),180.0,1.618709677419357,-0.75741935483871,0.6607051329199278,-0.35304206577470115,,0,0,0,0
2014-03-06,21.0,26.8,1.6,7.0,5.8,SSW,46.0,SSW,S,20,22,75,58,1018.6,1018.3,7,7,22.3,25.8,Yes,No,1,0,1,2014,3,Mar,2014-03-01,Q1,65,Automne,23.9,5.800000000000001,21.0,66.5,1018.45,Faible (1-10),202.5,0.9187096774193577,2.1425806451612885,0.3749876880342682,0.9986820276301372,,0,0,0,0
2014-03-07,19.3,26.9,0.2,5.2,7.5,NNE,31.0,WNW,E,13,20,69,64,1020.3,1018.7,4,5,23.0,25.7,No,No,0,0,1,2014,3,Mar,2014-03-01,Q1,66,Automne,23.1,7.599999999999998,16.5,66.5,1019.5,Sec (≤1 mm),22.5,1.0187096774193556,0.44258064516128925,0.41580446587507586,0.20629204184109395,,0,0,0,0
2014-03-08,21.6,27.2,0.0,5.6,8.9,ESE,39.0,NNE,ESE,13,22,63,64,1022.6,1021.5,7,2,23.8,24.7,No,No,0,0,1,2014,3,Mar,2014-03-01,Q1,67,Automne,24.4,5.599999999999998,17.5,63.5,1022.05,Sec (≤1 mm),112.5,1.3187096774193563,2.74258064516129,0.5382547993975019,1.2783490814380356,,0,0,0,0
2014-03-09,19.6,27.1,0.0,6.4,11.1,E,31.0,W,E,6,20,68,53,1023.6,1020.9,4,3,22.8,25.7,No,No,0,0,1,2014,3,Mar,2014-03-01,Q1,68,Automne,23.35,7.5,13.0,60.5,1022.25,Sec (≤1 mm),90.0,1.2187096774193584,0.74258064516129,0.49743802155669414,0.34612556874504313,,0,0,0,0
2014-03-10,21.9,27.5,0.2,6.8,11.0,ENE,37.0,NNE,E,11,26,60,55,1023.4,1021.5,3,2,25.6,26.4,No,No,0,0,1,2014,3,Mar,2014-03-01,Q1,69,Automne,24.7,5.600000000000001,18.5,57.5,1022.45,Sec (≤1 mm),67.5,1.618709677419357,3.042580645161287,0.6607051329199278,1.418182608341983,,0,0,0,0
2014-03-11,19.6,27.8,0.0,8.6,10.8,NE,35.0,W,NE,9,20,67,46,1023.6,1021.3,1,1,22.8,26.3,No,No,0,0,1,2014,3,Mar,2014-03-01,Q1,70,Automne,23.700000000000003,8.2,14.5,56.5,1022.45,Sec (≤1 mm),45.0,1.9187096774193577,0.74258064516129,0.7831554664423538,0.34612556874504313,,0,0,0,0
2014-03-12,19.2,29.2,0.0,8.2,6.2,SE,37.0,WNW,E,7,11,69,52,1018.1,1015.4,6,7,22.1,27.6,No,Yes,0,1,1,2014,3,Mar,2014-03-01,Q1,71,Automne,24.2,10.0,9.0,60.5,1016.75,Sec (≤1 mm),135.0,3.3187096774193563,0.34258064516128783,1.354590356213673,0.15968086620644367,,0,0,0,0
2014-03-13,18.5,27.0,27.8,7.0,6.2,S,44.0,SW,SE,15,15,81,56,1020.4,1018.2,6,3,19.6,26.0,Yes,No,1,0,1,2014,3,Mar,2014-03-01,Q1,72,Automne,22.75,8.5,15.0,68.5,1019.3,Modérée (10-30),180.0,1.118709677419357,-0.35741935483871146,0.456621243715885,-0.16659736323610336,,0,0,0,0
2014-03-14,19.3,26.3,0.2,4.0,7.9,NNE,43.0,NNW,ENE,7,30,70,55,1018.4,1014.7,6,1,22.7,25.2,No,No,0,0,1,2014,3,Mar,2014-03-01,Q1,73,Automne,22.8,7.0,18.5,62.5,1016.55,Sec (≤1 mm),22.5,0.4187096774193577,0.44258064516128925,0.17090379883022538,0.20629204184109395,,0,0,0,0
2014-03-15,19.5,26.6,0.0,7.8,5.8,WSW,91.0,NNW,NE,7,17,64,62,1013.0,1008.4,4,7,22.5,25.8,No,Yes,0,1,1,2014,3,Mar,2014-03-01,Q1,74,Automne,23.05,7.100000000000001,12.0,63.0,1010.7,Sec (≤1 mm),247.5,0.7187096774193584,0.6425806451612885,0.29335413235265134,0.29951439311039285,,0,1,0,0
2014-03-16,19.2,29.3,5.4,5.8,5.8,W,57.0,WNW,WNW,9,13,57,74,1005.5,1004.7,2,7,24.2,22.5,Yes,Yes,1,1,1,2014,3,Mar,2014-03-01,Q1,75,Automne,24.25,10.100000000000001,11.0,65.5,1005.1,Faible (1-10),270.0,3.4187096774193577,0.34258064516128783,1.395407134054482,0.15968086620644367,,0,0,0,0
2014-03-17,15.1,28.0,5.0,6.2,11.2,NNE,35.0,W,ENE,15,26,47,25,1016.9,1015.0,1,1,19.4,27.5,Yes,No,1,0,1,2014,3,Mar,2014-03-01,Q1,76,Automne,21.55,12.9,20.5,36.0,1015.95,Faible (1-10),22.5,2.118709677419357,-3.757419354838712,0.8647890221239706,-1.7513773348141908,,0,0,0,0
2014-03-18,16.1,29.7,0.2,7.2,10.4,NE,31.0,W,NE,19,19,58,33,1021.0,1018.7,1,5,19.9,28.7,No,No,0,0,1,2014,3,Mar,2014-03-01,Q1,77,Automne,22.9,13.599999999999998,19.0,45.5,1019.85,Sec (≤1 mm),45.0,3.8187096774193563,-2.75741935483871,1.5586742454177158,-1.2852655784676936,,0,0,0,0
2014-03-19,19.6,27.9,0.0,6.6,10.1,S,48.0,SSW,SSE,13,26,66,57,1023.9,1023.6,1,6,23.9,27.8,No,No,0,0,1,2014,3,Mar,2014-03-01,Q1,78,Automne,23.75,8.299999999999997,19.5,61.5,1023.75,Sec (≤1 mm),180.0,2.0187096774193556,0.74258064516129,0.8239722442831614,0.34612556874504313,,0,0,0,0
2014-03-20,21.7,27.0,0.0,6.2,9.2,E,33.0,W,E,0,22,58,54,1026.9,1024.2,3,3,25.5,26.4,No,No,0,0,1,2014,3,Mar,2014-03-01,Q1,79,Automne,24.35,5.300000000000001,11.0,56.0,1025.5500000000002,Sec (≤1 mm),90.0,1.118709677419357,2.842580645161288,0.456621243715885,1.3249602570726842,,0,0,0,0
2014-03-21,20.4,26.8,1.0,6.0,5.2,NE,39.0,NNE,ENE,6,19,75,58,1022.5,1018.9,7,4,21.7,25.2,No,No,0,0,1,2014,3,Mar,2014-03-01,Q1,80,Automne,23.6,6.400000000000002,12.5,66.5,1020.7,Sec (≤1 mm),45.0,0.9187096774193577,1.5425806451612871,0.3749876880342682,0.7190149738222388,,0,0,0,0
2014-03-22,18.7,26.7,0.0,6.0,9.5,SSW,37.0,ESE,ENE,6,20,68,60,1017.8,1014.5,3,2,23.6,25.7,No,No,0,0,1,2014,3,Mar,2014-03-01,Q1,81,Automne,22.7,8.0,13.0,64.0,1016.15,Sec (≤1 mm),202.5,0.8187096774193563,-0.15741935483871217,0.334170910193459,-0.07337501196680443,,0,0,0,0
2014-03-23,20.3,27.0,0.0,5.2,7.2,NNW,41.0,SE,ENE,6,19,70,63,1017.6,1013.2,3,7,23.0,25.7,No,No,0,0,1,2014,3,Mar,2014-03-01,Q1,82,Automne,23.65,6.699999999999999,12.5,66.5,1015.4000000000001,Sec (≤1 mm),337.5,1.118709677419357,1.4425806451612893,0.456621243715885,0.6724037981875902,,0,0,0,0
2014-03-24,20.1,23.2,0.4,6.2,0.0,W,54.0,SSW,W,24,31,79,89,1016.4,1015.3,8,8,20.3,17.5,No,Yes,0,1,1,2014,3,Mar,2014-03-01,Q1,83,Automne,21.65,3.099999999999998,27.5,84.0,1015.8499999999999,Sec (≤1 mm),270.0,-2.6812903225806437,1.24258064516129,-1.0944163142348404,0.5791814469182913,,0,0,0,0
2014-03-25,17.1,25.2,6.8,4.2,6.5,ESE,35.0,W,ESE,11,9,82,67,1020.0,1019.6,1,7,19.8,24.7,Yes,No,1,0,1,2014,3,Mar,2014-03-01,Q1,84,Automne,21.15,8.099999999999998,10.0,74.5,1019.8,Faible (1-10),112.5,-0.6812903225806437,-1.75741935483871,-0.27808075741866933,-0.8191538221211974,,0,0,0,0
2014-03-26,19.7,24.9,0.6,2.8,0.0,NE,37.0,WNW,E,11,9,89,72,1022.5,1021.2,7,7,21.2,24.4,No,Yes,0,1,1,2014,3,Mar,2014-03-01,Q1,85,Automne,22.299999999999997,5.199999999999999,10.0,80.5,1021.85,Sec (≤1 mm),45.0,-0.9812903225806444,0.8425806451612878,-0.4005310909410953,0.3927367443796918,,0,0,0,0
2014-03-27,20.6,22.2,18.0,2.8,0.0,N,35.0,NNE,N,2,7,89,77,1022.3,1020.0,8,8,21.2,20.3,Yes,Yes,1,1,1,2014,3,Mar,2014-03-01,Q1,86,Automne,21.4,1.5999999999999979,4.5,83.0,1021.15,Modérée (10-30),0.0,-3.6812903225806437,1.74258064516129,-1.502584092642926,0.8122373250915393,,0,0,0,0
2014-03-28,18.0,24.7,7.4,1.0,0.0,WSW,26.0,WNW,WSW,13,11,84,66,1017.0,1013.3,7,8,18.7,24.3,Yes,No,1,0,1,2014,3,Mar,2014-03-01,Q1,87,Automne,21.35,6.699999999999999,12.0,75.0,1015.15,Faible (1-10),247.5,-1.1812903225806437,-0.8574193548387115,-0.4821646466227121,-0.3996532414093515,,0,0,0,0
2014-03-29,18.7,25.7,0.8,3.6,5.6,SSE,41.0,W,SSE,15,24,80,59,1015.3,1015.0,6,7,20.6,24.4,No,No,0,0,1,2014,3,Mar,2014-03-01,Q1,88,Automne,22.2,7.0,19.5,69.5,1015.15,Sec (≤1 mm),157.5,-0.1812903225806437,-0.15741935483871217,-0.07399686821462653,-0.07337501196680443,,0,0,0,0
2014-03-30,19.4,27.0,0.2,3.6,10.1,SE,35.0,WNW,ESE,11,22,69,55,1020.1,1019.2,3,3,22.4,27.0,No,Yes,0,1,1,2014,3,Mar,2014-03-01,Q1,89,Automne,23.2,7.600000000000001,16.5,62.0,1019.6500000000001,Sec (≤1 mm),135.0,1.118709677419357,0.5425806451612871,0.456621243715885,0.25290321747574257,,0,0,0,0
2014-03-31,17.5,25.0,3.6,5.0,10.2,W,26.0,WNW,ESE,15,15,79,64,1022.4,1019.7,3,6,19.6,23.5,Yes,No,1,0,1,2014,3,Mar,2014-03-01,Q1,90,Automne,21.25,7.5,15.0,71.5,1021.05,Faible (1-10),270.0,-0.881290322580643,-1.3574193548387115,-0.3597143131002861,-0.6327091195825996,,0,0,0,0
2014-04-01,17.5,26.4,0.0,3.2,6.2,NNE,31.0,WNW,ENE,13,17,78,66,1019.7,1017.5,7,7,20.5,24.6,No,No,0,0,1,2014,4,Apr,2014-04-01,Q2,91,Automne,21.95,8.899999999999999,15.0,72.0,1018.6,Sec (≤1 mm),22.5,2.908301886792451,2.1407547169811334,1.0432453371993229,0.9341200528425442,,0,0,0,0
2014-04-02,18.1,26.0,0.0,4.8,10.9,E,26.0,WNW,E,11,20,91,67,1017.9,1014.6,2,1,18.9,24.7,No,No,0,0,1,2014,4,Apr,2014-04-01,Q2,92,Automne,22.05,7.899999999999999,15.5,79.0,1016.25,Sec (≤1 mm),90.0,2.5083018867924523,2.740754716981135,0.8997601863713381,1.1959305383034375,,0,0,0,0
2014-04-03,18.9,26.3,0.0,3.0,8.8,SSW,31.0,WNW,E,13,24,82,70,1017.5,1015.0,1,7,21.3,25.1,No,No,0,0,1,2014,4,Apr,2014-04-01,Q2,93,Automne,22.6,7.400000000000002,18.5,76.0,1016.25,Sec (≤1 mm),202.5,2.808301886792453,3.540754716981132,1.0073740494923273,1.5450111855846265,,0,0,0,0
2014-04-04,19.9,22.3,0.0,6.0,0.0,S,43.0,SSW,S,11,19,82,74,1018.5,1016.5,8,8,20.4,21.5,No,Yes,0,1,1,2014,4,Apr,2014-04-01,Q2,94,Automne,21.1,2.400000000000002,15.0,78.0,1017.5,Sec (≤1 mm),180.0,-1.191698113207547,4.540754716981132,-0.42747745878752613,1.9813619946861143,,0,0,0,0
2014-04-05,18.0,26.0,5.6,9.2,6.4,SSW,50.0,WNW,SSE,13,24,80,63,1018.8,1016.9,7,3,20.6,23.8,Yes,Yes,1,1,1,2014,4,Apr,2014-04-01,Q2,95,Automne,22.0,8.0,18.5,71.5,1017.8499999999999,Faible (1-10),202.5,2.5083018867924523,2.6407547169811334,0.8997601863713381,1.152295457393288,,0,0,0,0
2014-04-06,17.2,21.7,3.4,4.6,1.1,SSW,48.0,SW,SW,9,7,86,86,1020.9,1020.8,7,8,19.2,19.5,Yes,Yes,1,1,1,2014,4,Apr,2014-04-01,Q2,96,Automne,19.45,4.5,8.0,86.0,1020.8499999999999,Faible (1-10),202.5,-1.7916981132075485,1.8407547169811327,-0.6427051850295047,0.8032148101120975,,0,0,0,0
2014-04-07,15.3,22.4,16.0,4.2,3.3,SSE,39.0,WSW,SSE,13,9,83,63,1025.5,1023.6,6,6,16.9,21.1,Yes,Yes,1,1,1,2014,4,Apr,2014-04-01,Q2,97,Automne,18.85,7.099999999999998,11.0,73.0,1024.55,Modérée (10-30),157.5,-1.0916981132075492,-0.05924528301886589,-0.39160617108053053,-0.025851727180728767,,0,0,0,0
2014-04-08,17.2,23.2,5.0,5.2,1.2,W,22.0,WNW,E,13,13,77,53,1023.9,1020.1,7,6,19.6,22.9,Yes,No,1,0,1,2014,4,Apr,2014-04-01,Q2,98,Automne,20.2,6.0,13.0,65.0,1022.0,Faible (1-10),270.0,-0.29169811320754846,1.8407547169811327,-0.10463586942455959,0.8032148101120975,,0,0,0,0
2014-04-09,15.9,24.1,0.0,0.4,4.6,ENE,22.0,WNW,E,13,17,68,58,1021.4,1017.9,7,7,20.4,23.2,No,No,0,0,1,2014,4,Apr,2014-04-01,Q2,99,Automne,20.0,8.200000000000001,15.0,63.0,1019.65,Sec (≤1 mm),67.5,0.6083018867924537,0.5407547169811338,0.2182057199384082,0.23595875828016377,,0,0,0,0
2014-04-10,17.8,24.7,0.0,2.6,0.0,W,17.0,W,E,11,7,74,82,1016.9,1012.7,7,8,20.2,20.0,No,Yes,0,1,1,2014,4,Apr,2014-04-01,Q2,100,Automne,21.25,6.899999999999999,9.0,78.0,1014.8,Sec (≤1 mm),270.0,1.2083018867924515,2.440754716981134,0.4334334461803855,1.0650252955729909,,0,0,0,0
2014-04-11,18.9,28.0,5.6,1.6,3.7,NW,37.0,NW,SW,22,9,64,55,1005.5,1002.9,5,7,24.1,25.7,Yes,Yes,1,1,1,2014,4,Apr,2014-04-01,Q2,101,Automne,23.45,9.100000000000001,15.5,59.5,1004.2,Faible (1-10),315.0,4.508301886792452,3.540754716981132,1.6171859405112647,1.5450111855846265,,0,0,0,0
2014-04-12,17.9,21.0,5.0,3.8,0.7,SSW,54.0,SW,SSW,26,22,76,74,1011.1,1011.9,7,6,19.1,20.0,Yes,Yes,1,1,1,2014,4,Apr,2014-04-01,Q2,102,Automne,19.45,3.1000000000000014,24.0,75.0,1011.5,Faible (1-10),202.5,-2.4916981132075477,2.540754716981132,-0.8938041989784787,1.1086603764831386,,0,0,0,0
2014-04-13,16.0,20.6,3.8,1.4,1.0,SSE,52.0,SW,S,20,15,86,88,1016.8,1016.1,7,7,17.8,18.5,Yes,Yes,1,1,1,2014,4,Apr,2014-04-01,Q2,103,Automne,18.3,4.600000000000001,17.5,87.0,1016.45,Faible (1-10),157.5,-2.8916981132075463,0.6407547169811334,-1.0372893498064635,0.2795938391903124,,0,0,0,0
2014-04-14,13.5,21.0,2.8,3.6,3.3,SSW,41.0,W,S,20,15,64,69,1020.4,1018.8,6,5,17.2,19.4,Yes,Yes,1,1,1,2014,4,Apr,2014-04-01,Q2,104,Automne,17.25,7.5,17.5,66.5,1019.5999999999999,Faible (1-10),202.5,-2.4916981132075477,-1.8592452830188666,-0.8938041989784787,-0.8112831835634071,,0,0,0,0
2014-04-15,13.4,21.9,4.2,3.4,3.5,SSE,50.0,W,S,22,28,58,64,1020.7,1018.4,7,8,17.3,20.8,Yes,Yes,1,1,1,2014,4,Apr,2014-04-01,Q2,105,Automne,17.65,8.499999999999998,25.0,61.0,1019.55,Faible (1-10),157.5,-1.5916981132075492,-1.9592452830188662,-0.5709626096155123,-0.8549182644735558,,0,0,0,0
2014-04-16,14.3,23.3,29.6,3.2,9.0,SW,43.0,W,S,20,22,69,57,1019.8,1017.3,5,3,17.7,21.9,Yes,No,1,0,1,2014,4,Apr,2014-04-01,Q2,106,Automne,18.8,9.0,21.0,63.0,1018.55,Modérée (10-30),225.0,-0.19169811320754704,-1.059245283018866,-0.06876458171756274,-0.4622025362822166,,0,0,0,0
2014-04-17,13.1,23.7,0.0,5.2,9.0,SSE,41.0,W,SSE,19,22,65,39,1019.6,1017.4,5,1,17.2,23.1,No,No,0,0,1,2014,4,Apr,2014-04-01,Q2,107,Automne,18.4,10.6,20.5,52.0,1018.5,Sec (≤1 mm),157.5,0.20830188679245154,-2.259245283018867,0.0747205691104221,-0.9858235072040025,,0,0,0,0
2014-04-18,13.5,26.5,0.0,2.2,10.8,WSW,35.0,WNW,WNW,15,13,68,31,1016.3,1011.7,2,3,16.7,26.1,No,No,0,0,1,2014,4,Apr,2014-04-01,Q2,108,Automne,20.0,13.0,14.0,49.5,1014.0,Sec (≤1 mm),247.5,3.0083018867924523,-1.8592452830188666,1.0791166249063198,-0.8112831835634071,,0,0,0,0
2014-04-19,15.0,22.7,0.0,3.8,10.7,SSE,41.0,SSW,SSE,17,22,60,42,1016.4,1014.8,1,1,19.2,20.8,No,No,0,0,1,2014,4,Apr,2014-04-01,Q2,109,Automne,18.85,7.699999999999999,19.5,51.0,1015.5999999999999,Sec (≤1 mm),157.5,-0.7916981132075485,-0.3592452830188666,-0.2839923079595413,-0.15675696991117544,,0,0,0,0
2014-04-20,13.2,22.9,0.0,5.2,10.4,WSW,28.0,W,ENE,17,17,61,56,1018.4,1014.7,3,1,16.3,21.9,No,No,0,0,1,2014,4,Apr,2014-04-01,Q2,110,Automne,18.049999999999997,9.7,17.0,58.5,1016.55,Sec (≤1 mm),247.5,-0.5916981132075492,-2.1592452830188673,-0.21224973254554885,-0.9421884262938538,,0,0,0,0
2014-04-21,13.2,25.3,0.0,4.0,9.7,W,35.0,W,ESE,20,15,48,31,1021.1,1018.5,1,3,15.9,24.4,No,No,0,0,1,2014,4,Apr,2014-04-01,Q2,111,Automne,19.25,12.100000000000001,17.5,39.5,1019.8,Sec (≤1 mm),270.0,1.808301886792453,-2.1592452830188673,0.648661172422364,-0.9421884262938538,,0,0,0,0
2014-04-22,12.4,25.8,0.0,4.0,7.9,W,20.0,WNW,W,17,11,67,32,1018.7,1014.9,7,7,15.8,24.4,No,No,0,0,1,2014,4,Apr,2014-04-01,Q2,112,Automne,19.1,13.4,14.0,49.5,1016.8,Sec (≤1 mm),270.0,2.308301886792453,-2.9592452830188662,0.8280176109573457,-1.2912690735750436,,0,0,0,0
2014-04-23,13.4,26.1,0.0,4.2,9.0,W,24.0,W,ESE,20,13,59,36,1017.6,1014.9,7,3,17.6,24.0,No,No,0,0,1,2014,4,Apr,2014-04-01,Q2,113,Automne,19.75,12.700000000000001,16.5,47.5,1016.25,Sec (≤1 mm),270.0,2.6083018867924537,-1.9592452830188662,0.9356314740783349,-0.8549182644735558,,0,0,0,0
2014-04-24,14.1,29.9,0.0,3.8,9.1,SE,41.0,WNW,WNW,15,6,53,28,1013.7,1011.3,6,7,19.3,28.9,No,Yes,0,1,1,2014,4,Apr,2014-04-01,Q2,114,Automne,22.0,15.799999999999999,10.5,40.5,1012.5,Sec (≤1 mm),135.0,6.408301886792451,-1.259245283018867,2.298740406944195,-0.5494726981025146,,0,0,0,0
2014-04-25,17.6,20.9,6.8,4.6,3.2,SSE,39.0,S,ENE,7,15,84,67,1023.2,1019.2,8,1,17.7,20.7,Yes,Yes,1,1,1,2014,4,Apr,2014-04-01,Q2,115,Automne,19.25,3.299999999999997,11.0,75.5,1021.2,Faible (1-10),157.5,-2.591698113207549,2.240754716981135,-0.9296754866854756,0.9777551337526935,,0,0,0,0
2014-04-26,15.5,23.1,9.2,2.0,1.2,S,30.0,N,WNW,7,6,72,63,1015.0,1011.5,7,7,18.2,22.6,Yes,No,1,0,1,2014,4,Apr,2014-04-01,Q2,116,Automne,19.3,7.600000000000001,6.5,67.5,1013.25,Faible (1-10),180.0,-0.39169811320754633,0.1407547169811334,-0.14050715713155515,0.06141843463956848,,0,0,0,0
2014-04-27,16.9,17.9,0.4,2.2,0.0,SSW,35.0,SSE,S,19,15,83,87,1023.5,1023.1,5,7,17.9,17.0,No,Yes,0,1,1,2014,4,Apr,2014-04-01,Q2,117,Automne,17.4,1.0,17.0,85.0,1023.3,Sec (≤1 mm),202.5,-5.591698113207549,1.540754716981132,-2.005814117895366,0.6723095673816508,,0,0,0,0
2014-04-28,15.0,20.6,20.2,1.0,2.8,W,20.0,W,NNE,11,11,75,67,1025.9,1022.1,6,6,17.4,20.4,Yes,No,1,0,1,2014,4,Apr,2014-04-01,Q2,118,Automne,17.8,5.600000000000001,11.0,71.0,1024.0,Modérée (10-30),270.0,-2.8916981132075463,-0.3592452830188666,-1.0372893498064635,-0.15675696991117544,,0,0,0,0
2014-04-29,14.9,25.7,0.0,3.0,8.5,NNW,31.0,NNW,NE,13,15,71,61,1017.7,1013.3,1,7,18.4,23.6,No,Yes,0,1,1,2014,4,Apr,2014-04-01,Q2,119,Automne,20.3,10.799999999999999,14.0,66.0,1015.5,Sec (≤1 mm),337.5,2.2083018867924515,-0.45924528301886625,0.7921463232503488,-0.20039205082132405,,0,0,0,0
2014-04-30,18.2,25.3,3.4,5.0,7.1,WSW,44.0,WSW,SSW,15,20,83,28,1012.5,1011.4,7,2,18.6,24.3,Yes,No,1,0,1,2014,4,Apr,2014-04-01,Q2,120,Automne,21.75,7.100000000000001,17.5,55.5,1011.95,Faible (1-10),247.5,1.808301886792453,2.8407547169811327,0.648661172422364,1.2395656192135853,,0,0,0,0
2014-05-01,11.3,23.0,0.0,5.2,10.2,W,31.0,W,ESE,19,15,59,44,1017.7,1013.8,1,1,14.7,19.6,No,No,0,0,1,2014,5,May,2014-05-01,Q2,121,Automne,17.15,11.7,17.0,51.5,1015.75,Sec (≤1 mm),270.0,1.8464516129032233,-0.8106451612903225,0.7194625162029085,-0.3876887371232573,,0,0,0,0
2014-05-02,13.3,22.2,0.0,2.8,7.3,W,46.0,W,W,17,19,71,35,1006.9,1001.9,2,6,16.1,21.5,No,Yes,0,1,1,2014,5,May,2014-05-01,Q2,122,Automne,17.75,8.899999999999999,18.0,53.0,1004.4,Sec (≤1 mm),270.0,1.0464516129032226,1.1893548387096775,0.40774570275370914,0.5688055605942897,,0,0,0,0
2014-05-03,11.7,15.7,1.2,5.6,1.1,W,57.0,NW,W,13,35,81,46,996.5,994.8,7,7,12.7,14.8,Yes,Yes,1,1,1,2014,5,May,2014-05-01,Q2,123,Automne,13.7,4.0,24.0,63.5,995.65,Faible (1-10),270.0,-5.453548387096777,-0.4106451612903239,-2.124953406521033,-0.19638987757974857,,0,0,0,0
2014-05-04,10.8,20.5,3.8,3.8,8.5,W,54.0,W,W,20,31,61,31,1001.9,1003.7,5,1,15.0,19.3,Yes,No,1,0,1,2014,5,May,2014-05-01,Q2,124,Automne,15.65,9.7,25.5,46.0,1002.8,Faible (1-10),270.0,-0.6535483870967767,-1.3106451612903225,-0.2546525258258386,-0.626812311552644,,0,0,0,0
2014-05-05,10.3,20.9,0.0,5.4,10.4,W,39.0,W,NW,22,7,54,32,1017.9,1016.8,1,3,12.8,20.2,No,No,0,0,1,2014,5,May,2014-05-01,Q2,125,Automne,15.6,10.599999999999998,14.5,43.0,1017.3499999999999,Sec (≤1 mm),270.0,-0.25354838709677807,-1.8106451612903225,-0.09879411910123959,-0.8659358859820308,,0,0,0,0
2014-05-06,10.7,23.4,0.0,3.4,8.2,W,39.0,W,ENE,26,6,58,35,1021.2,1018.5,5,3,14.6,21.6,No,No,0,0,1,2014,5,May,2014-05-01,Q2,126,Automne,17.049999999999997,12.7,16.0,46.5,1019.85,Sec (≤1 mm),270.0,2.246451612903222,-1.410645161290324,0.8753209229275074,-0.6746370264385221,,0,0,0,0
2014-05-07,11.2,20.7,0.0,3.2,9.7,S,43.0,W,S,20,20,59,41,1023.8,1022.9,3,2,13.9,19.3,No,No,0,0,1,2014,5,May,2014-05-01,Q2,127,Automne,15.95,9.5,20.0,50.0,1023.3499999999999,Sec (≤1 mm),180.0,-0.45354838709677736,-0.9106451612903239,-0.17672332246353908,-0.4355134520091353,,0,0,0,0
2014-05-08,11.1,21.0,0.0,5.8,6.2,SSW,46.0,W,SSE,19,19,66,65,1026.2,1024.3,2,6,14.2,18.2,No,Yes,0,1,1,2014,5,May,2014-05-01,Q2,128,Automne,16.05,9.9,19.0,65.5,1025.25,Sec (≤1 mm),202.5,-0.15354838709677665,-1.0106451612903236,-0.05982951742008916,-0.48333816689501247,,0,0,0,0
2014-05-09,11.8,21.9,7.4,3.0,3.0,W,26.0,WNW,E,9,13,84,62,1026.3,1023.6,4,7,13.9,18.8,Yes,No,1,0,1,2014,5,May,2014-05-01,Q2,129,Automne,16.85,10.099999999999998,11.0,73.0,1024.95,Faible (1-10),270.0,0.7464516129032219,-0.3106451612903225,0.2908518977102592,-0.14856516269387054,,0,0,0,0
2014-05-10,12.0,24.8,0.4,2.2,5.2,NW,35.0,W,N,13,13,80,51,1023.9,1020.0,3,7,14.5,21.4,No,No,0,0,1,2014,5,May,2014-05-01,Q2,130,Automne,18.4,12.8,13.0,65.5,1021.95,Sec (≤1 mm),315.0,3.646451612903224,-0.1106451612903232,1.4208253464636065,-0.052915732922116196,,0,0,0,0
2014-05-11,14.4,22.9,0.8,2.0,8.3,SSE,41.0,W,SSW,15,20,76,59,1022.2,1022.1,1,3,16.7,19.9,No,No,0,0,1,2014,5,May,2014-05-01,Q2,131,Automne,18.65,8.499999999999998,17.5,67.5,1022.1500000000001,Sec (≤1 mm),157.5,1.746451612903222,2.289354838709677,0.680497914521758,1.0948774243389403,,0,0,0,0
2014-05-12,12.6,23.0,0.0,4.0,8.8,SSE,37.0,W,S,17,20,73,51,1030.1,1028.5,3,2,16.7,22.7,No,Yes,0,1,1,2014,5,May,2014-05-01,Q2,132,Automne,17.8,10.4,18.5,62.0,1029.3,Sec (≤1 mm),157.5,1.8464516129032233,0.48935483870967644,0.7194625162029085,0.2340325563931477,,0,0,0,0
2014-05-13,13.7,23.0,11.2,4.8,8.8,W,26.0,W,E,20,9,74,52,1030.5,1027.2,1,3,15.6,21.0,Yes,No,1,0,1,2014,5,May,2014-05-01,Q2,133,Automne,18.35,9.3,14.5,63.0,1028.85,Modérée (10-30),270.0,1.8464516129032233,1.589354838709676,0.7194625162029085,0.7601044201377983,,0,0,0,0
2014-05-14,12.6,23.2,0.2,1.8,9.5,ENE,28.0,WNW,NE,13,17,78,54,1029.3,1025.8,1,2,14.8,21.4,No,No,0,0,1,2014,5,May,2014-05-01,Q2,134,Automne,17.9,10.6,15.0,66.0,1027.55,Sec (≤1 mm),67.5,2.0464516129032226,0.48935483870967644,0.7973917195652079,0.2340325563931477,,0,0,0,0
2014-05-15,11.7,22.9,0.0,4.0,10.0,WNW,24.0,W,E,15,13,82,51,1028.7,1025.3,1,1,13.7,21.5,No,No,0,0,1,2014,5,May,2014-05-01,Q2,135,Automne,17.299999999999997,11.2,14.0,66.5,1027.0,Sec (≤1 mm),292.5,1.746451612903222,-0.4106451612903239,0.680497914521758,-0.19638987757974857,,0,0,0,0
2014-05-16,12.0,25.3,0.0,3.2,9.9,W,28.0,W,ENE,19,13,75,40,1029.4,1027.0,0,1,14.6,23.3,No,No,0,0,1,2014,5,May,2014-05-01,Q2,136,Automne,18.65,13.3,16.0,57.5,1028.2,Sec (≤1 mm),270.0,4.146451612903224,-0.1106451612903232,1.6156483548693559,-0.052915732922116196,,0,0,0,0
2014-05-17,12.0,24.2,0.0,4.0,9.1,NNE,26.0,WNW,ENE,11,13,72,55,1030.4,1026.7,6,3,14.3,22.4,No,No,0,0,1,2014,5,May,2014-05-01,Q2,137,Automne,18.1,12.2,12.0,63.5,1028.5500000000002,Sec (≤1 mm),22.5,3.0464516129032226,-0.1106451612903232,1.1870377363767066,-0.052915732922116196,,0,0,0,0
2014-05-18,13.0,24.8,0.0,3.4,2.8,W,20.0,W,W,15,7,69,41,1028.3,1025.2,7,7,14.8,24.4,No,No,0,0,1,2014,5,May,2014-05-01,Q2,138,Automne,18.9,11.8,11.0,55.0,1026.75,Sec (≤1 mm),270.0,3.646451612903224,0.8893548387096768,1.4208253464636065,0.42533141593665724,,0,0,0,0
2014-05-19,13.1,26.1,0.0,2.4,7.5,WNW,24.0,W,WNW,19,7,72,33,1026.0,1022.4,7,1,15.8,25.8,No,No,0,0,1,2014,5,May,2014-05-01,Q2,139,Automne,19.6,13.000000000000002,13.0,52.5,1024.2,Sec (≤1 mm),292.5,4.946451612903225,0.9893548387096764,1.9273651683185553,0.47315613082253444,,0,0,0,0
2014-05-20,14.4,25.5,0.0,3.2,4.7,W,24.0,W,WNW,17,7,69,41,1022.9,1019.6,7,7,16.2,25.2,No,No,0,0,1,2014,5,May,2014-05-01,Q2,140,Automne,19.95,11.1,12.0,55.0,1021.25,Sec (≤1 mm),270.0,4.346451612903223,2.289354838709677,1.6935775582316555,1.0948774243389403,,0,0,0,0
2014-05-21,14.8,23.5,0.0,3.6,9.8,W,26.0,WNW,ESE,13,13,66,58,1024.4,1022.6,2,2,17.5,22.6,No,No,0,0,1,2014,5,May,2014-05-01,Q2,141,Automne,19.15,8.7,13.0,62.0,1023.5,Sec (≤1 mm),270.0,2.3464516129032233,2.6893548387096775,0.9142855246086579,1.2861762838824498,,0,0,0,0
2014-05-22,13.1,27.1,0.0,2.2,9.4,W,24.0,W,W,13,6,82,30,1023.5,1018.7,1,1,14.9,26.8,No,No,0,0,1,2014,5,May,2014-05-01,Q2,142,Automne,20.1,14.000000000000002,9.5,56.0,1021.1,Sec (≤1 mm),270.0,5.946451612903225,0.9893548387096764,2.317011185130054,0.47315613082253444,,0,0,0,0
2014-05-23,13.9,25.1,0.0,4.0,8.0,W,22.0,W,WNW,11,13,64,41,1017.9,1013.0,3,5,16.5,23.8,No,No,0,0,1,2014,5,May,2014-05-01,Q2,143,Automne,19.5,11.200000000000001,12.0,52.5,1015.45,Sec (≤1 mm),270.0,3.9464516129032248,1.7893548387096772,1.5377191515070565,0.8557538499095535,,0,0,0,0
2014-05-24,15.7,25.2,0.0,4.8,7.4,WSW,35.0,W,SSW,13,15,62,45,1015.4,1014.0,2,6,17.7,22.6,No,No,0,0,1,2014,5,May,2014-05-01,Q2,144,Automne,20.45,9.5,14.0,53.5,1014.7,Sec (≤1 mm),247.5,4.046451612903223,3.589354838709676,1.5766837531882054,1.7165987178553452,,0,0,0,0
2014-05-25,15.5,26.9,0.0,3.4,7.1,W,26.0,W,ESE,19,17,75,43,1018.3,1017.1,5,2,17.2,24.9,No,No,0,0,1,2014,5,May,2014-05-01,Q2,145,Automne,21.2,11.399999999999999,18.0,59.0,1017.7,Sec (≤1 mm),270.0,5.746451612903222,3.389354838709677,2.239081981767753,1.620949288083591,,0,0,0,0
2014-05-26,14.1,23.6,0.0,3.4,9.4,NNE,30.0,WNW,ENE,13,17,81,59,1023.4,1020.9,6,6,16.3,23.3,No,No,0,0,1,2014,5,May,2014-05-01,Q2,146,Automne,18.85,9.500000000000002,15.0,70.0,1022.15,Sec (≤1 mm),22.5,2.4464516129032248,1.9893548387096764,0.9532501262898082,0.9514032796813079,,0,0,0,0
2014-05-27,16.0,24.0,0.0,2.6,3.0,N,48.0,NNE,NNE,11,26,68,46,1018.0,1010.8,7,7,19.4,23.8,No,No,0,0,1,2014,5,May,2014-05-01,Q2,147,Automne,20.0,8.0,18.5,57.0,1014.4,Sec (≤1 mm),0.0,2.8464516129032233,3.889354838709677,1.1091085330144073,1.8600728625129777,,0,0,0,0
2014-05-28,17.1,24.1,0.0,5.6,9.6,NW,48.0,NW,WNW,22,26,54,31,1013.8,1013.5,1,1,19.3,23.2,No,No,0,0,1,2014,5,May,2014-05-01,Q2,148,Automne,20.6,7.0,24.0,42.5,1013.65,Sec (≤1 mm),315.0,2.9464516129032248,4.989354838709678,1.1480731346955577,2.386144726257629,,0,0,0,0
2014-05-29,12.8,21.3,0.0,5.4,7.7,S,35.0,W,S,20,22,59,61,1023.1,1022.1,2,5,15.3,19.7,No,No,0,0,1,2014,5,May,2014-05-01,Q2,149,Automne,17.05,8.5,21.0,60.0,1022.6,Sec (≤1 mm),180.0,0.14645161290322406,0.6893548387096775,0.05706428762336076,0.3296819861649029,,0,0,0,0
2014-05-30,14.5,21.4,0.0,4.4,5.2,SSW,33.0,W,S,19,17,71,58,1026.8,1024.5,6,3,15.9,20.7,No,Yes,0,1,1,2014,5,May,2014-05-01,Q2,150,Automne,17.95,6.899999999999999,18.0,64.5,1025.65,Sec (≤1 mm),202.5,0.24645161290322193,2.389354838709677,0.0960288893045098,1.1427021392248173,,0,0,0,0
2014-05-31,14.3,20.7,2.4,1.0,7.5,NNE,31.0,WNW,ENE,15,17,86,61,1026.9,1022.8,5,4,15.2,20.0,Yes,Yes,1,1,1,2014,5,May,2014-05-01,Q2,151,Automne,17.5,6.399999999999999,16.0,73.5,1024.85,Faible (1-10),22.5,-0.45354838709677736,2.1893548387096775,-0.17672332246353908,1.047052709453063,,0,0,0,0
2014-06-01,14.8,20.7,11.2,5.0,0.4,W,46.0,NW,W,7,26,87,70,1020.5,1018.0,7,8,17.0,17.8,Yes,No,1,0,1,2014,6,Jun,2014-06-01,Q2,152,Hiver,17.75,5.899999999999999,16.5,78.5,1019.25,Modérée (10-30),270.0,2.323793103448274,4.261724137931035,1.1441658319147068,1.8857769416218413,,0,0,0,0
2014-06-02,12.4,22.3,1.0,2.0,5.9,W,30.0,W,WNW,11,9,85,54,1017.2,1014.9,7,3,14.5,19.9,No,No,0,0,1,2014,6,Jun,2014-06-01,Q2,153,Hiver,17.35,9.9,10.0,69.5,1016.05,Sec (≤1 mm),270.0,3.9237931034482756,1.8617241379310343,1.9319577090603144,0.8237972091444551,,0,0,0,0
2014-06-03,10.5,20.3,0.0,1.8,9.9,W,39.0,WSW,WNW,9,17,70,42,1018.4,1016.2,1,1,13.2,19.5,No,No,0,0,1,2014,6,Jun,2014-06-01,Q2,154,Hiver,15.4,9.8,13.0,56.0,1017.3,Sec (≤1 mm),270.0,1.9237931034482756,-0.03827586206896605,0.9472178626283059,-0.01693674573347579,,0,0,0,0
2014-06-04,11.2,22.3,0.0,3.6,9.6,W,33.0,W,SSE,24,13,69,53,1024.1,1022.9,1,3,13.6,22.0,No,Yes,0,1,1,2014,6,Jun,2014-06-01,Q2,155,Hiver,16.75,11.100000000000001,18.5,61.0,1023.5,Sec (≤1 mm),270.0,3.9237931034482756,0.6617241379310332,1.9319577090603144,0.2928073429057615,,0,0,0,0
2014-06-05,13.6,19.8,8.6,4.0,0.4,SSE,30.0,W,SSW,19,11,91,80,1025.7,1024.1,8,7,15.3,18.0,Yes,Yes,1,1,1,2014,6,Jun,2014-06-01,Q2,156,Hiver,16.7,6.200000000000001,15.0,85.5,1024.9,Faible (1-10),157.5,1.4237931034482756,3.0617241379310336,0.7010329010203038,1.354787075383148,,0,0,0,0
2014-06-06,14.5,15.5,13.2,7.2,0.5,S,48.0,SSW,SSW,22,17,86,85,1026.3,1024.8,7,7,15.3,14.9,Yes,Yes,1,1,1,2014,6,Jun,2014-06-01,Q2,157,Hiver,15.0,1.0,19.5,85.5,1025.55,Modérée (10-30),180.0,-2.876206896551725,3.961724137931034,-1.4161577688085147,1.7530294750621678,,0,0,0,0
2014-06-07,10.1,19.4,6.8,2.4,7.8,SSW,39.0,W,SSW,26,19,67,60,1027.2,1025.0,2,6,12.2,17.8,Yes,No,1,0,1,2014,6,Jun,2014-06-01,Q2,158,Hiver,14.75,9.299999999999999,22.5,63.5,1026.1,Faible (1-10),202.5,1.0237931034482735,-0.4382758620689664,0.504084931733901,-0.1939333678130403,,0,0,0,0
2014-06-08,10.5,17.7,0.0,3.6,6.3,SSE,46.0,W,SSW,17,24,65,59,1026.9,1025.8,3,7,11.9,16.0,No,Yes,0,1,1,2014,6,Jun,2014-06-01,Q2,159,Hiver,14.1,7.199999999999999,20.5,62.0,1026.35,Sec (≤1 mm),157.5,-0.6762068965517258,-0.03827586206896605,-0.3329439377333057,-0.01693674573347579,,0,0,0,0
2014-06-09,8.6,18.4,2.2,2.6,5.1,SSE,46.0,W,SE,22,17,71,73,1028.4,1027.3,1,7,10.4,16.9,Yes,Yes,1,1,1,2014,6,Jun,2014-06-01,Q2,160,Hiver,13.5,9.799999999999999,19.5,72.0,1027.85,Faible (1-10),157.5,0.023793103448273456,-1.9382758620689664,0.011715008517896846,-0.8576707006114066,,0,0,0,0
2014-06-10,10.4,19.2,13.8,2.0,3.6,SSE,31.0,W,SE,20,19,91,49,1030.5,1027.4,7,1,13.0,18.8,Yes,Yes,1,1,1,2014,6,Jun,2014-06-01,Q2,161,Hiver,14.8,8.799999999999999,19.5,70.0,1028.95,Modérée (10-30),157.5,0.8237931034482742,-0.1382758620689657,0.40561094709070056,-0.061185901253366724,,0,0,0,0
2014-06-11,10.4,19.6,5.6,2.2,5.6,W,24.0,WNW,SSE,19,9,86,62,1026.6,1022.8,6,6,11.9,17.7,Yes,No,1,0,1,2014,6,Jun,2014-06-01,Q2,162,Hiver,15.0,9.200000000000001,14.0,74.0,1024.6999999999998,Faible (1-10),270.0,1.2237931034482763,-0.1382758620689657,0.6025589163771032,-0.061185901253366724,,0,0,0,0
2014-06-12,11.1,20.4,0.0,1.0,5.8,W,30.0,W,NNE,15,9,86,52,1022.0,1018.9,7,6,12.1,19.5,No,No,0,0,1,2014,6,Jun,2014-06-01,Q2,163,Hiver,15.75,9.299999999999999,12.0,69.0,1020.45,Sec (≤1 mm),270.0,2.0237931034482735,0.5617241379310336,0.9964548549499053,0.2485581873858706,,0,0,0,0
2014-06-13,10.7,20.9,0.0,2.4,3.3,N,28.0,W,N,15,15,85,48,1019.4,1015.0,7,7,11.8,20.4,No,Yes,0,1,1,2014,6,Jun,2014-06-01,Q2,164,Hiver,15.799999999999999,10.2,15.0,66.5,1017.2,Sec (≤1 mm),0.0,2.5237931034482735,0.16172413793103324,1.2426398165579073,0.07156156530630607,,0,0,0,0
2014-06-14,11.8,19.9,5.0,2.4,3.9,W,31.0,WNW,W,17,19,89,53,1012.1,1009.2,8,2,14.3,19.2,Yes,No,1,0,1,2014,6,Jun,2014-06-01,Q2,165,Hiver,15.85,8.099999999999998,18.0,71.0,1010.6500000000001,Faible (1-10),270.0,1.5237931034482735,1.2617241379310347,0.7502698933419032,0.5583022760251087,,0,0,0,0
2014-06-15,10.3,17.2,0.2,2.6,1.2,W,54.0,NW,WSW,13,22,65,49,1008.9,1008.3,7,7,13.0,16.9,No,No,0,0,1,2014,6,Jun,2014-06-01,Q2,166,Hiver,13.75,6.899999999999999,17.5,57.0,1008.5999999999999,Sec (≤1 mm),270.0,-1.1762068965517258,-0.23827586206896534,-0.5791288993413078,-0.10543505677325765,,0,0,0,0
2014-06-16,9.3,19.5,0.4,0.8,9.7,SW,44.0,W,WNW,15,11,78,36,1020.8,1018.4,1,1,11.3,19.4,No,No,0,0,1,2014,6,Jun,2014-06-01,Q2,167,Hiver,14.4,10.2,13.0,57.0,1019.5999999999999,Sec (≤1 mm),225.0,1.1237931034482749,-1.2382758620689653,0.5533219240555022,-0.5479266119721685,,0,0,0,0
2014-06-17,10.0,19.8,0.0,4.4,9.1,WSW,43.0,W,SSW,20,19,63,46,1023.4,1024.0,1,5,13.5,17.8,No,No,0,0,1,2014,6,Jun,2014-06-01,Q2,168,Hiver,14.9,9.8,19.5,54.5,1023.7,Sec (≤1 mm),247.5,1.4237931034482756,-0.538275862068966,0.7010329010203038,-0.23818252333293125,,0,0,0,0
2014-06-18,11.4,20.4,0.0,1.8,9.4,W,35.0,W,ESE,22,11,67,51,1030.1,1027.9,1,1,12.5,18.7,No,No,0,0,1,2014,6,Jun,2014-06-01,Q2,169,Hiver,15.899999999999999,8.999999999999998,16.5,59.0,1029.0,Sec (≤1 mm),270.0,2.0237931034482735,0.8617241379310343,0.9964548549499053,0.38130565394554417,,0,0,0,0
2014-06-19,10.6,21.5,0.0,1.8,8.5,W,24.0,WNW,NE,15,13,81,57,1027.8,1022.9,3,3,12.0,19.8,No,No,0,0,1,2014,6,Jun,2014-06-01,Q2,170,Hiver,16.05,10.9,14.0,69.0,1025.35,Sec (≤1 mm),270.0,3.123793103448275,0.061724137931033596,1.5380617704875106,0.02731240978641514,,0,0,0,0
2014-06-20,12.0,21.3,0.0,4.6,6.3,WSW,28.0,N,W,6,6,66,54,1019.9,1015.9,2,6,15.5,19.6,No,No,0,0,1,2014,6,Jun,2014-06-01,Q2,171,Hiver,16.65,9.3,6.0,60.0,1017.9,Sec (≤1 mm),247.5,2.9237931034482756,1.461724137931034,1.43958778584431,0.6468005870648905,,0,0,0,0
2014-06-21,10.5,21.9,0.0,2.4,9.5,W,30.0,WNW,W,22,11,79,31,1020.4,1018.5,1,1,11.8,21.4,No,No,0,0,1,2014,6,Jun,2014-06-01,Q2,172,Hiver,16.2,11.399999999999999,16.5,55.0,1019.45,Sec (≤1 mm),270.0,3.5237931034482735,-0.03827586206896605,1.7350097397739115,-0.01693674573347579,,0,0,0,0
2014-06-22,11.1,19.7,0.0,3.4,4.4,W,26.0,WNW,NNE,15,4,79,49,1023.0,1020.0,7,1,11.9,19.6,No,No,0,0,1,2014,6,Jun,2014-06-01,Q2,173,Hiver,15.399999999999999,8.6,9.5,64.0,1021.5,Sec (≤1 mm),270.0,1.3237931034482742,0.5617241379310336,0.6517959086987026,0.2485581873858706,,0,0,0,0
2014-06-23,10.0,16.6,0.0,0.6,1.8,N,37.0,NNW,N,15,22,76,57,1014.9,1008.6,7,7,13.5,15.8,No,No,0,0,1,2014,6,Jun,2014-06-01,Q2,174,Hiver,13.3,6.600000000000001,18.5,66.5,1011.75,Sec (≤1 mm),0.0,-1.7762068965517237,-0.538275862068966,-0.8745508532709093,-0.23818252333293125,,0,0,0,0
2014-06-24,11.5,16.7,0.0,6.2,9.7,WNW,81.0,NW,WNW,28,33,47,35,1007.1,1003.4,1,1,12.1,16.1,No,No,0,0,1,2014,6,Jun,2014-06-01,Q2,175,Hiver,14.1,5.199999999999999,30.5,41.0,1005.25,Sec (≤1 mm),292.5,-1.6762068965517258,0.961724137931034,-0.8253138609493099,0.4255548094654351,,0,1,0,0
2014-06-25,11.1,18.1,0.0,4.0,9.7,W,76.0,W,W,31,39,45,35,1012.2,1012.8,1,1,14.8,17.7,No,No,0,0,1,2014,6,Jun,2014-06-01,Q2,176,Hiver,14.600000000000001,7.000000000000002,35.0,40.0,1012.5,Sec (≤1 mm),270.0,-0.2762068965517237,0.5617241379310336,-0.135995968446903,0.2485581873858706,,0,0,0,0
2014-06-26,10.7,22.2,0.0,4.8,9.8,WNW,41.0,WNW,WNW,17,15,47,31,1018.8,1017.9,1,5,15.1,21.1,No,No,0,0,1,2014,6,Jun,2014-06-01,Q2,177,Hiver,16.45,11.5,16.0,39.0,1018.3499999999999,Sec (≤1 mm),292.5,3.823793103448274,0.16172413793103324,1.8827207167387132,0.07156156530630607,,0,0,0,0
2014-06-27,10.4,21.2,0.0,4.0,8.1,N,30.0,NW,NNE,11,9,68,39,1021.0,1015.1,7,7,12.1,20.4,No,No,0,0,1,2014,6,Jun,2014-06-01,Q2,178,Hiver,15.8,10.799999999999999,10.0,53.5,1018.05,Sec (≤1 mm),0.0,2.823793103448274,-0.1382758620689657,1.3903507935227088,-0.061185901253366724,,0,0,0,0
2014-06-28,12.0,22.8,0.0,5.0,6.9,W,96.0,N,NW,28,20,36,34,1007.2,999.9,7,2,15.8,20.3,No,No,0,0,1,2014,6,Jun,2014-06-01,Q2,179,Hiver,17.4,10.8,24.0,35.0,1003.55,Sec (≤1 mm),270.0,4.423793103448276,1.461724137931034,2.1781426706683162,0.6468005870648905,,0,1,0,0
2014-06-29,10.0,16.4,0.0,7.0,9.6,NW,69.0,NW,NW,28,28,45,37,1004.5,1004.8,1,3,12.1,15.5,No,No,0,0,1,2014,6,Jun,2014-06-01,Q2,180,Hiver,13.2,6.399999999999999,28.0,41.0,1004.65,Sec (≤1 mm),315.0,-1.9762068965517265,-0.538275862068966,-0.9730248379141115,-0.23818252333293125,,0,0,0,0
2014-06-30,9.4,16.1,0.0,3.8,9.4,WSW,50.0,W,WSW,24,22,53,29,1015.1,1015.7,1,1,11.4,16.0,No,No,0,0,1,2014,6,Jun,2014-06-01,Q2,181,Hiver,12.75,6.700000000000001,23.0,41.0,1015.4000000000001,Sec (≤1 mm),247.5,-2.2762068965517237,-1.1382758620689657,-1.1207358148789115,-0.5036774564522776,,0,0,0,0
2014-07-01,8.9,19.1,0.0,3.0,9.3,W,33.0,W,W,20,7,64,36,1025.0,1024.0,1,1,10.1,18.3,No,No,0,0,1,2014,7,Jul,2014-07-01,Q3,182,Hiver,14.0,10.200000000000001,13.5,50.0,1024.5,Sec (≤1 mm),270.0,1.093478260869567,-0.09311594202898554,0.4616073054820184,-0.04538414975197983,,0,0,0,0
2014-07-02,7.4,20.2,0.0,3.8,9.6,W,37.0,W,SSE,28,13,67,36,1027.6,1025.2,1,1,9.6,19.2,No,No,0,0,1,2014,7,Jul,2014-07-01,Q3,183,Hiver,13.8,12.799999999999999,20.5,51.5,1026.4,Sec (≤1 mm),270.0,2.193478260869565,-1.5931159420289855,0.9259677360464329,-0.7764751224103317,,0,0,0,0
2014-07-03,6.7,18.3,0.0,1.2,9.6,W,28.0,W,ENE,19,13,71,54,1027.3,1023.3,1,1,9.1,17.2,No,No,0,0,1,2014,7,Jul,2014-07-01,Q3,184,Hiver,12.5,11.600000000000001,16.0,62.5,1025.3,Sec (≤1 mm),270.0,0.2934782608695663,-2.2931159420289857,0.12389062870789784,-1.117650909650896,,0,0,0,0
2014-07-04,6.7,20.4,0.0,2.4,9.9,NW,30.0,W,ESE,9,7,71,33,1021.3,1016.6,0,1,9.3,19.6,No,No,0,0,1,2014,7,Jul,2014-07-01,Q3,185,Hiver,13.549999999999999,13.7,8.0,52.0,1018.95,Sec (≤1 mm),315.0,2.393478260869564,-2.2931159420289857,1.0103969052399626,-1.117650909650896,,0,0,0,0
2014-07-05,8.2,18.0,0.0,3.6,9.6,W,48.0,W,WNW,17,28,62,33,1016.2,1012.0,1,1,10.1,17.3,No,No,0,0,1,2014,7,Jul,2014-07-01,Q3,186,Hiver,13.1,9.8,22.5,47.5,1014.1,Sec (≤1 mm),270.0,-0.006521739130434412,-0.7931159420289866,-0.002753125082397563,-0.38655993699254454,,0,0,0,0
2014-07-06,8.2,18.1,0.0,4.0,9.9,W,43.0,W,WSW,17,24,59,36,1013.6,1010.8,1,1,11.6,16.2,No,No,0,0,1,2014,7,Jul,2014-07-01,Q3,187,Hiver,13.15,9.900000000000002,20.5,47.5,1012.2,Sec (≤1 mm),270.0,0.09347826086956701,-0.7931159420289866,0.03946145951436807,-0.38655993699254454,,0,0,0,0
2014-07-07,8.3,19.5,0.0,3.0,9.2,W,43.0,W,WSW,17,19,59,35,1014.4,1011.9,1,2,10.7,18.8,No,No,0,0,1,2014,7,Jul,2014-07-01,Q3,188,Hiver,13.9,11.2,18.0,47.0,1013.15,Sec (≤1 mm),270.0,1.4934782608695656,-0.6931159420289852,0.630465643869078,-0.33782053881532037,,0,0,0,0
2014-07-08,7.9,18.7,0.0,3.8,9.7,W,33.0,W,E,20,6,66,51,1016.6,1012.2,1,1,9.0,16.2,No,No,0,0,1,2014,7,Jul,2014-07-01,Q3,189,Hiver,13.3,10.799999999999999,13.0,58.5,1014.4000000000001,Sec (≤1 mm),270.0,0.6934782608695649,-1.0931159420289855,0.2927489670949574,-0.5327781315242144,,0,0,0,0
2014-07-09,6.6,21.3,0.0,2.6,9.4,W,67.0,NNW,NNE,11,22,49,22,1007.6,999.6,0,1,11.9,20.7,No,No,0,0,1,2014,7,Jul,2014-07-01,Q3,190,Hiver,13.95,14.700000000000001,16.5,35.5,1003.6,Sec (≤1 mm),270.0,3.2934782608695663,-2.3931159420289863,1.390328166610849,-1.1663903078281197,,0,0,0,0
2014-07-10,8.8,17.3,0.2,5.8,9.8,WNW,61.0,WNW,W,15,37,52,32,1005.8,1005.1,1,2,11.9,16.8,No,No,0,0,1,2014,7,Jul,2014-07-01,Q3,191,Hiver,13.05,8.5,26.0,42.0,1005.45,Sec (≤1 mm),292.5,-0.7065217391304337,-0.1931159420289852,-0.2982552172597525,-0.09412354792920312,,0,0,0,0
2014-07-11,9.0,18.5,0.0,4.0,9.9,W,35.0,WNW,W,17,19,58,32,1017.4,1016.0,1,0,11.8,18.2,No,No,0,0,1,2014,7,Jul,2014-07-01,Q3,192,Hiver,13.75,9.5,18.0,45.0,1016.7,Sec (≤1 mm),270.0,0.4934782608695656,0.0068840579710141014,0.2083197979014276,0.003355248425243453,,0,0,0,0
2014-07-12,6.4,18.5,0.2,3.4,9.5,W,44.0,WNW,WSW,11,26,64,33,1019.6,1017.1,0,1,8.9,17.7,No,No,0,0,1,2014,7,Jul,2014-07-01,Q3,193,Hiver,12.45,12.1,18.5,48.5,1018.35,Sec (≤1 mm),270.0,0.4934782608695656,-2.5931159420289855,0.2083197979014276,-1.2638691041825663,,0,0,0,0
2014-07-13,6.5,16.3,0.0,3.6,9.6,S,46.0,W,S,28,24,54,47,1027.4,1027.3,1,3,8.2,15.1,No,No,0,0,1,2014,7,Jul,2014-07-01,Q3,194,Hiver,11.4,9.8,26.0,50.5,1027.35,Sec (≤1 mm),180.0,-1.7065217391304337,-2.493115942028986,-0.7204010632274028,-1.215129706005343,,0,0,0,0
2014-07-14,6.6,17.9,0.0,3.2,5.1,W,35.0,W,SSW,17,19,62,64,1032.0,1029.0,6,6,9.2,15.7,No,Yes,0,1,1,2014,7,Jul,2014-07-01,Q3,195,Hiver,12.25,11.299999999999999,18.0,63.0,1030.5,Sec (≤1 mm),270.0,-0.10652173913043583,-2.3931159420289863,-0.0449677096791632,-1.1663903078281197,,0,0,0,0
2014-07-15,9.2,15.6,1.6,0.4,0.0,W,22.0,W,E,13,2,88,74,1025.8,1021.3,7,8,11.5,15.3,Yes,Yes,1,1,1,2014,7,Jul,2014-07-01,Q3,196,Hiver,12.399999999999999,6.4,7.5,81.0,1023.55,Faible (1-10),270.0,-2.4065217391304348,0.2068840579710134,-1.0159031554047586,0.10083404477969002,,0,0,0,0
2014-07-16,11.4,18.5,1.8,1.2,3.9,W,41.0,ENE,W,4,20,86,52,1013.7,1010.7,8,2,13.2,17.9,Yes,No,1,0,1,2014,7,Jul,2014-07-01,Q3,197,Hiver,14.95,7.1,12.0,69.0,1012.2,Faible (1-10),270.0,0.4934782608695656,2.4068840579710145,0.2083197979014276,1.1731008046786067,,0,0,0,0
2014-07-17,9.5,19.9,0.0,2.0,9.4,W,56.0,NW,WNW,20,26,56,33,1012.6,1008.6,1,3,13.1,19.1,No,No,0,0,1,2014,7,Jul,2014-07-01,Q3,198,Hiver,14.7,10.399999999999999,23.0,44.5,1010.6,Sec (≤1 mm),270.0,1.8934782608695642,0.5068840579710141,0.7993239822561374,0.24705223931136075,,0,0,0,0
2014-07-18,8.6,15.9,0.0,4.0,7.9,WSW,63.0,W,WSW,28,39,47,35,1011.2,1011.1,2,4,9.6,14.1,No,No,0,0,1,2014,7,Jul,2014-07-01,Q3,199,Hiver,12.25,7.300000000000001,33.5,41.0,1011.1500000000001,Sec (≤1 mm),247.5,-2.106521739130434,-0.39311594202898625,-0.8892594016144632,-0.19160234428365056,,0,0,0,0
2014-07-19,8.5,14.9,0.0,4.6,3.2,SW,70.0,W,SSW,26,24,50,57,1021.2,1021.4,6,6,10.1,13.6,No,No,0,0,1,2014,7,Jul,2014-07-01,Q3,200,Hiver,11.7,6.4,25.0,53.5,1021.3,Sec (≤1 mm),225.0,-3.106521739130434,-0.4931159420289859,-1.3114052475821134,-0.24034174246087384,,0,0,0,0
2014-07-20,9.8,15.3,0.2,4.0,1.1,SSW,54.0,W,S,20,22,66,60,1025.7,1024.9,7,7,11.2,15.2,No,No,0,0,1,2014,7,Jul,2014-07-01,Q3,201,Hiver,12.55,5.5,21.0,63.0,1025.3000000000002,Sec (≤1 mm),202.5,-2.7065217391304337,0.8068840579710148,-1.142546909195053,0.39327043384303145,,0,0,0,0
2014-07-21,8.9,18.3,0.0,2.0,7.5,W,31.0,W,SSE,22,17,69,64,1026.9,1023.3,7,7,9.9,15.7,No,No,0,0,1,2014,7,Jul,2014-07-01,Q3,202,Hiver,13.600000000000001,9.4,19.5,66.5,1025.1,Sec (≤1 mm),270.0,0.2934782608695663,-0.09311594202898554,0.12389062870789784,-0.04538414975197983,,0,0,0,0
2014-07-22,8.7,19.0,0.0,1.4,9.6,W,24.0,W,SE,22,11,81,59,1024.6,1022.3,2,2,10.8,16.5,No,No,0,0,1,2014,7,Jul,2014-07-01,Q3,203,Hiver,13.85,10.3,16.5,70.0,1023.4499999999999,Sec (≤1 mm),270.0,0.9934782608695656,-0.2931159420289866,0.41939272088525276,-0.14286294610642727,,0,0,0,0
2014-07-23,8.9,18.9,0.0,3.2,6.7,W,22.0,WNW,ESE,17,13,87,57,1025.5,1021.6,3,5,10.7,17.1,No,No,0,0,1,2014,7,Jul,2014-07-01,Q3,204,Hiver,13.899999999999999,9.999999999999998,15.0,72.0,1023.55,Sec (≤1 mm),270.0,0.8934782608695642,-0.09311594202898554,0.3771781362884871,-0.04538414975197983,,0,0,0,0
2014-07-24,8.5,19.8,0.0,0.6,2.4,N,20.0,WNW,N,11,9,83,48,1022.5,1019.2,5,7,10.9,19.7,No,No,0,0,1,2014,7,Jul,2014-07-01,Q3,205,Hiver,14.15,11.3,10.0,65.5,1020.85,Sec (≤1 mm),0.0,1.7934782608695663,-0.4931159420289859,0.7571093976593734,-0.24034174246087384,,0,0,0,0
2014-07-25,9.6,18.8,0.0,2.8,2.6,W,52.0,NW,N,9,15,82,59,1023.0,1019.9,7,7,11.5,18.3,No,Yes,0,1,1,2014,7,Jul,2014-07-01,Q3,206,Hiver,14.2,9.200000000000001,12.0,70.5,1021.45,Sec (≤1 mm),270.0,0.7934782608695663,0.6068840579710137,0.334963551691723,0.295791637488584,,0,0,0,0
2014-07-26,11.3,18.7,8.2,2.0,4.2,W,43.0,WNW,WNW,22,24,90,42,1024.9,1020.4,8,3,13.0,17.2,Yes,Yes,1,1,1,2014,7,Jul,2014-07-01,Q3,207,Hiver,15.0,7.399999999999999,23.0,66.0,1022.6500000000001,Faible (1-10),270.0,0.6934782608695649,2.306884057971015,0.2927489670949574,1.1243614065013834,,0,0,0,0
2014-07-27,9.4,21.0,4.2,1.8,10.2,W,31.0,W,ESE,20,15,65,38,1024.6,1021.5,1,1,11.9,18.7,Yes,No,1,0,1,2014,7,Jul,2014-07-01,Q3,208,Hiver,15.2,11.6,17.5,51.5,1023.05,Faible (1-10),270.0,2.9934782608695656,0.40688405797101446,1.2636844128205535,0.19831284113413744,,0,0,0,0
2014-07-28,8.8,18.5,0.0,3.2,6.7,WSW,46.0,W,WNW,15,15,62,41,1021.3,1018.1,7,6,11.9,17.4,No,No,0,0,1,2014,7,Jul,2014-07-01,Q3,209,Hiver,13.65,9.7,15.0,51.5,1019.7,Sec (≤1 mm),247.5,0.4934782608695656,-0.1931159420289852,0.2083197979014276,-0.09412354792920312,,0,0,0,0
2014-07-29,11.8,23.3,0.0,4.0,5.1,NNW,44.0,WNW,NNE,22,20,49,27,1018.0,1013.2,7,1,14.9,22.9,No,No,0,0,1,2014,7,Jul,2014-07-01,Q3,210,Hiver,17.55,11.5,21.0,38.0,1015.6,Sec (≤1 mm),337.5,5.293478260869566,2.806884057971015,2.2346198585461496,1.3680583973875007,,0,0,1,0
2014-07-30,13.0,24.0,0.0,6.2,10.2,NW,41.0,WNW,WNW,13,22,44,31,1018.0,1014.5,6,1,17.3,23.3,No,No,0,0,1,2014,7,Jul,2014-07-01,Q3,211,Hiver,18.5,11.0,17.5,37.5,1016.25,Sec (≤1 mm),315.0,5.993478260869566,4.006884057971014,2.5301219507235047,1.9529311755141818,,0,0,1,0
2014-07-31,13.9,25.0,0.0,6.6,10.1,NNW,61.0,NNW,NW,24,35,40,21,1014.2,1007.3,1,0,17.7,24.5,No,No,0,0,1,2014,7,Jul,2014-07-01,Q3,212,Hiver,19.45,11.1,29.5,30.5,1010.75,Sec (≤1 mm),337.5,6.993478260869566,4.9068840579710145,2.952267796691155,2.391585759109193,,0,0,1,0
2014-08-01,15.9,18.2,0.0,8.4,10.0,W,72.0,WNW,W,22,28,41,23,1007.2,1008.7,1,1,16.8,16.7,No,No,0,0,1,2014,8,Aug,2014-08-01,Q3,213,Hiver,17.05,2.299999999999999,25.0,32.0,1007.95,Sec (≤1 mm),270.0,-1.1817843866170996,6.150557620817844,-0.42765059552785845,2.7864300393699897,,0,0,0,0
2014-08-02,7.2,16.1,0.0,6.4,10.0,W,46.0,W,S,28,28,45,36,1024.6,1026.8,1,1,9.6,15.0,No,No,0,0,1,2014,8,Aug,2014-08-01,Q3,214,Hiver,11.65,8.900000000000002,28.0,40.5,1025.6999999999998,Sec (≤1 mm),270.0,-3.2817843866170975,-2.549442379182156,-1.1875745383202054,-1.1549916718041333,,0,0,0,0
2014-08-03,5.5,17.6,0.0,3.8,9.5,W,28.0,W,ESE,20,15,60,45,1034.1,1032.2,1,1,8.4,16.5,No,No,0,0,1,2014,8,Aug,2014-08-01,Q3,215,Hiver,11.55,12.100000000000001,17.5,52.5,1033.15,Sec (≤1 mm),270.0,-1.7817843866170975,-4.249442379182156,-0.644771722039957,-1.9251545349071228,,0,0,0,0
2014-08-04,6.4,17.2,0.0,2.6,10.1,E,26.0,WNW,E,17,20,69,58,1034.4,1030.4,3,4,9.9,16.0,No,No,0,0,1,2014,8,Aug,2014-08-01,Q3,216,Hiver,11.8,10.799999999999999,18.5,63.5,1032.4,Sec (≤1 mm),90.0,-2.1817843866170996,-3.3494423791821557,-0.7895191397146908,-1.517421254440834,,0,0,0,0
2014-08-05,7.9,20.6,0.0,1.6,10.2,SSE,33.0,W,SSE,17,17,75,40,1032.0,1030.1,0,1,10.0,17.5,No,No,0,0,1,2014,8,Aug,2014-08-01,Q3,217,Hiver,14.25,12.700000000000001,17.0,57.5,1031.05,Sec (≤1 mm),157.5,1.2182156133829025,-1.8494423791821557,0.4408339105205399,-0.8378657869970199,,0,0,0,0
2014-08-06,6.5,22.4,0.0,2.6,10.1,W,35.0,W,NE,20,11,64,43,1032.6,1026.2,1,1,9.7,20.1,No,No,0,0,1,2014,8,Aug,2014-08-01,Q3,218,Hiver,14.45,15.899999999999999,15.5,53.5,1029.4,Sec (≤1 mm),270.0,3.0182156133828997,-3.249442379182156,1.092197290056837,-1.4721175566112468,,0,0,0,0
2014-08-07,9.6,20.4,0.0,4.6,6.8,W,41.0,W,SE,28,13,53,36,1029.6,1027.5,6,1,11.4,18.8,No,No,0,0,1,2014,8,Aug,2014-08-01,Q3,219,Hiver,15.0,10.799999999999999,20.5,44.5,1028.55,Sec (≤1 mm),270.0,1.0182156133828997,-0.14944237918215642,0.3684602016831724,-0.0677029238940307,,0,0,0,0
2014-08-08,9.1,18.1,0.0,2.6,4.0,WNW,24.0,W,ESE,17,15,76,64,1032.1,1029.6,7,3,10.9,16.9,No,No,0,0,1,2014,8,Aug,2014-08-01,Q3,220,Hiver,13.600000000000001,9.000000000000002,16.0,70.0,1030.85,Sec (≤1 mm),292.5,-1.2817843866170975,-0.6494423791821564,-0.4638374499465409,-0.2942214130419688,,0,0,0,0
2014-08-09,8.9,19.2,0.0,1.8,6.8,NE,26.0,W,NE,13,15,94,62,1029.9,1024.7,8,3,10.2,18.6,No,No,0,0,1,2014,8,Aug,2014-08-01,Q3,221,Hiver,14.05,10.299999999999999,14.0,78.0,1027.3000000000002,Sec (≤1 mm),45.0,-0.1817843866170996,-0.8494423791821557,-0.06578205134102612,-0.3848288087011437,,0,0,0,0
2014-08-10,9.9,23.2,0.0,3.0,3.5,SW,31.0,W,WNW,9,9,46,27,1022.4,1017.6,6,1,12.7,22.7,No,No,0,0,1,2014,8,Aug,2014-08-01,Q3,222,Hiver,16.55,13.299999999999999,9.0,36.5,1020.0,Sec (≤1 mm),225.0,3.8182156133829004,0.1505576208178443,1.381692125406303,0.06820816959473248,,0,0,0,0
2014-08-11,8.1,14.4,0.0,3.4,4.5,SSE,48.0,W,S,15,24,62,45,1025.4,1025.1,7,5,10.3,13.7,No,Yes,0,1,1,2014,8,Aug,2014-08-01,Q3,223,Hiver,11.25,6.300000000000001,19.5,53.5,1025.25,Sec (≤1 mm),157.5,-4.9817843866170985,-1.6494423791821564,-1.8027510634378208,-0.747258391337845,,0,0,0,0
2014-08-12,6.3,15.4,21.4,5.6,3.9,S,44.0,W,SW,17,11,84,78,1030.0,1028.2,7,7,8.9,12.3,Yes,Yes,1,1,1,2014,8,Aug,2014-08-01,Q3,224,Hiver,10.85,9.100000000000001,14.0,81.0,1029.1,Modérée (10-30),180.0,-3.9817843866170985,-3.4494423791821562,-1.4408825192509884,-1.562724952270422,,0,0,0,0
2014-08-13,7.9,17.0,19.4,3.6,10.1,SSW,37.0,W,SSE,19,20,77,46,1033.3,1031.9,2,2,10.5,16.2,Yes,No,1,0,1,2014,8,Aug,2014-08-01,Q3,225,Hiver,12.45,9.1,19.5,61.5,1032.6,Modérée (10-30),202.5,-2.381784386617099,-1.8494423791821557,-0.861892848552057,-0.8378657869970199,,0,0,0,0
2014-08-14,6.4,19.3,0.2,2.8,10.3,SSE,30.0,W,SE,20,22,64,49,1035.0,1032.5,1,2,9.5,18.1,No,No,0,0,1,2014,8,Aug,2014-08-01,Q3,226,Hiver,12.850000000000001,12.9,21.0,56.5,1033.75,Sec (≤1 mm),157.5,-0.08178438661709819,-3.3494423791821557,-0.029595196922342373,-1.517421254440834,,0,0,0,0
2014-08-15,7.9,19.0,0.0,3.4,9.3,WNW,28.0,W,ESE,17,17,81,53,1031.6,1026.5,1,1,10.5,17.8,No,No,0,0,1,2014,8,Aug,2014-08-01,Q3,227,Hiver,13.45,11.1,17.0,67.0,1029.05,Sec (≤1 mm),292.5,-0.3817843866170989,-1.8494423791821557,-0.13815576017839232,-0.8378657869970199,,0,0,0,0
2014-08-16,8.7,16.8,0.0,1.2,0.3,ESE,26.0,W,ESE,13,13,86,70,1023.8,1019.0,7,7,10.3,16.4,No,Yes,0,1,1,2014,8,Aug,2014-08-01,Q3,228,Hiver,12.75,8.100000000000001,13.0,78.0,1021.4,Sec (≤1 mm),112.5,-2.581784386617098,-1.0494423791821568,-0.9342665573894231,-0.4754362043603194,,0,0,0,0
2014-08-17,10.3,17.5,28.6,4.8,2.2,ESE,46.0,E,WNW,28,22,90,74,1010.3,1004.2,8,7,14.4,17.0,Yes,Yes,1,1,1,2014,8,Aug,2014-08-01,Q3,229,Hiver,13.9,7.199999999999999,25.0,82.0,1007.25,Modérée (10-30),112.5,-1.881784386617099,0.5505576208178447,-0.6809585764586408,0.2494229609130831,,0,0,0,0
2014-08-18,11.0,15.7,21.8,4.8,0.0,SSE,63.0,SSE,SSW,31,28,94,90,1001.8,1005.0,8,8,13.8,13.3,Yes,Yes,1,1,1,2014,8,Aug,2014-08-01,Q3,230,Hiver,13.35,4.699999999999999,29.5,92.0,1003.4,Modérée (10-30),157.5,-3.6817843866170996,1.250557620817844,-1.3323219559949393,0.5665488457201961,,0,0,0,0
2014-08-19,12.8,17.7,38.4,4.4,3.0,SSE,78.0,S,SW,28,26,69,80,1015.3,1016.6,7,7,15.5,14.5,Yes,Yes,1,1,1,2014,8,Aug,2014-08-01,Q3,231,Hiver,15.25,4.899999999999999,27.0,74.5,1015.95,Forte (>30),157.5,-1.6817843866170996,3.0505576208178447,-0.6085848676212746,1.3820154066527737,,0,1,0,0
2014-08-20,9.5,17.1,8.2,4.6,5.0,SW,44.0,W,S,22,22,68,54,1024.7,1024.5,7,6,12.5,15.7,Yes,Yes,1,1,1,2014,8,Aug,2014-08-01,Q3,232,Hiver,13.3,7.600000000000001,22.0,61.0,1024.6,Faible (1-10),225.0,-2.2817843866170975,-0.24944237918215606,-0.8257059941333732,-0.11300662172361815,,0,0,0,0
2014-08-21,9.4,18.1,10.8,2.0,7.1,SE,43.0,WNW,S,19,22,86,65,1029.2,1027.0,7,3,11.7,17.1,Yes,Yes,1,1,1,2014,8,Aug,2014-08-01,Q3,233,Hiver,13.75,8.700000000000001,20.5,75.5,1028.1,Modérée (10-30),135.0,-1.2817843866170975,-0.3494423791821557,-0.4638374499465409,-0.15831031955320563,,0,0,0,0
2014-08-22,11.2,19.6,10.2,2.4,10.1,SSE,28.0,W,SSE,17,17,88,61,1031.8,1029.0,6,3,13.2,18.5,Yes,Yes,1,1,1,2014,8,Aug,2014-08-01,Q3,234,Hiver,15.4,8.400000000000002,17.0,74.5,1030.4,Modérée (10-30),157.5,0.21821561338290252,1.4505576208178432,0.07896536633370757,0.657156241379371,,0,0,0,0
2014-08-23,9.9,19.3,3.2,3.2,2.9,ESE,31.0,NW,E,4,20,92,85,1031.6,1029.3,5,7,11.8,14.8,Yes,Yes,1,1,1,2014,8,Aug,2014-08-01,Q3,235,Hiver,14.600000000000001,9.4,12.0,88.5,1030.4499999999998,Faible (1-10),112.5,-0.08178438661709819,0.1505576208178443,-0.029595196922342373,0.06820816959473248,,0,0,0,0
2014-08-24,11.1,19.4,3.8,0.2,7.3,W,22.0,WNW,E,17,11,88,64,1029.7,1026.4,4,2,13.0,18.4,Yes,No,1,0,1,2014,8,Aug,2014-08-01,Q3,236,Hiver,15.25,8.299999999999999,14.0,76.0,1028.0500000000002,Faible (1-10),270.0,0.018215613382899676,1.3505576208178436,0.006591657496340085,0.6118525435497836,,0,0,0,0
2014-08-25,10.5,19.3,0.0,3.2,8.9,ESE,44.0,W,ESE,13,19,81,61,1025.7,1022.4,0,2,13.7,18.8,No,Yes,0,1,1,2014,8,Aug,2014-08-01,Q3,237,Hiver,14.9,8.8,16.0,71.0,1024.05,Sec (≤1 mm),112.5,-0.08178438661709819,0.7505576208178439,-0.029595196922342373,0.34003035657225805,,0,0,0,0
2014-08-26,11.6,15.6,12.6,4.6,0.0,ESE,52.0,SSW,SSW,2,9,93,87,1024.3,1022.7,8,7,13.6,14.9,Yes,Yes,1,1,1,2014,8,Aug,2014-08-01,Q3,238,Hiver,13.6,4.0,5.5,90.0,1023.5,Modérée (10-30),112.5,-3.7817843866170993,1.8505576208178436,-1.3685088104136223,0.8383710326977217,,0,0,0,0
2014-08-27,13.4,19.8,13.2,3.2,5.3,SSE,56.0,S,SE,19,28,80,54,1025.3,1023.9,7,5,15.3,18.7,Yes,Yes,1,1,1,2014,8,Aug,2014-08-01,Q3,239,Hiver,16.6,6.4,23.5,67.0,1024.6,Modérée (10-30),157.5,0.4182156133829018,3.6505576208178443,0.15133907517107378,1.6538375936302991,,0,0,0,0
2014-08-28,12.3,19.7,15.2,6.6,8.8,SSE,48.0,SSE,SSE,20,26,81,51,1026.8,1025.9,2,4,15.3,17.8,Yes,Yes,1,1,1,2014,8,Aug,2014-08-01,Q3,240,Hiver,16.0,7.399999999999999,23.0,66.0,1026.35,Modérée (10-30),157.5,0.3182156133829004,2.5505576208178447,0.11515222075239004,1.1554969175048355,,0,0,0,0
2014-08-29,9.4,18.0,2.0,3.8,5.4,SSW,50.0,W,SSW,17,24,85,65,1026.7,1024.0,7,4,12.1,15.8,Yes,Yes,1,1,1,2014,8,Aug,2014-08-01,Q3,241,Hiver,13.7,8.6,20.5,75.0,1025.35,Faible (1-10),202.5,-1.381784386617099,-0.3494423791821557,-0.5000243043652246,-0.15831031955320563,,0,0,0,0
2014-08-30,12.0,16.1,3.2,3.8,2.7,SSW,52.0,SW,SW,20,22,89,84,1023.9,1021.7,8,7,12.5,14.9,Yes,Yes,1,1,1,2014,8,Aug,2014-08-01,Q3,242,Hiver,14.05,4.100000000000001,21.0,86.5,1022.8,Faible (1-10),202.5,-3.2817843866170975,2.250557620817844,-1.1875745383202054,1.0195858240160722,,0,0,0,0
2014-08-31,11.7,20.8,3.0,1.0,9.5,W,37.0,W,ESE,20,15,67,55,1021.1,1017.2,1,1,14.8,20.5,Yes,No,1,0,1,2014,8,Aug,2014-08-01,Q3,243,Hiver,16.25,9.100000000000001,17.5,61.0,1019.1500000000001,Faible (1-10),270.0,1.4182156133829018,1.9505576208178432,0.513207619357906,0.8836747305273092,,0,0,0,0
2014-09-01,10.7,23.6,0.0,3.2,8.7,NE,31.0,WNW,ENE,13,13,77,51,1016.9,1010.9,4,7,14.6,20.7,No,No,0,0,1,2014,9,Sep,2014-09-01,Q3,244,Printemps,17.15,12.900000000000002,13.0,64.0,1013.9,Sec (≤1 mm),45.0,1.6123076923076916,-1.9119230769230775,0.4287219855387033,-0.7381952709936943,,0,0,0,0
2014-09-02,14.1,18.4,0.2,5.2,1.5,W,59.0,W,S,7,22,59,66,1009.1,1007.9,5,7,15.8,13.7,No,Yes,0,1,1,2014,9,Sep,2014-09-01,Q3,245,Printemps,16.25,4.299999999999999,14.5,62.5,1008.5,Sec (≤1 mm),270.0,-3.5876923076923113,1.4880769230769229,-0.9539882349964289,0.57454787838958,,0,0,0,0
2014-09-03,8.9,16.7,5.0,4.2,7.7,SW,76.0,SW,SSW,28,30,52,45,1013.3,1012.3,6,5,13.1,16.2,Yes,No,1,0,1,2014,9,Sep,2014-09-01,Q3,246,Printemps,12.8,7.799999999999999,29.0,48.5,1012.8,Faible (1-10),225.0,-5.287692307692311,-3.7119230769230764,-1.4060281147867602,-1.4331769383142507,,0,0,0,0
2014-09-04,9.8,17.6,0.2,3.0,8.3,S,61.0,SSW,SSW,24,31,53,52,1015.9,1015.1,3,6,13.4,14.7,No,Yes,0,1,1,2014,9,Sep,2014-09-01,Q3,247,Printemps,13.700000000000001,7.800000000000001,27.5,52.5,1015.5,Sec (≤1 mm),180.0,-4.3876923076923084,-2.811923076923076,-1.1667128843095254,-1.0856861046539723,,0,0,0,0
2014-09-05,8.8,18.2,4.4,3.6,8.7,SSW,52.0,W,S,17,26,72,57,1021.8,1021.7,3,2,13.2,16.7,Yes,Yes,1,1,1,2014,9,Sep,2014-09-01,Q3,248,Printemps,13.5,9.399999999999999,21.5,64.5,1021.75,Faible (1-10),202.5,-3.7876923076923106,-3.811923076923076,-1.007169397324703,-1.4717870309431704,,0,0,0,0
2014-09-06,10.3,19.1,11.0,3.2,2.3,ESE,43.0,NW,SE,7,24,92,73,1029.7,1028.5,7,7,12.3,15.7,Yes,Yes,1,1,1,2014,9,Sep,2014-09-01,Q3,249,Printemps,14.700000000000001,8.8,15.5,82.5,1029.1,Modérée (10-30),112.5,-2.8876923076923084,-2.311923076923076,-0.7678541668474681,-0.892635641509373,,0,0,0,0
2014-09-07,11.2,19.0,18.4,3.6,6.9,ESE,31.0,W,SE,15,17,90,65,1032.0,1028.2,7,2,12.5,17.7,Yes,No,1,0,1,2014,9,Sep,2014-09-01,Q3,250,Printemps,15.1,7.800000000000001,16.0,77.5,1030.1,Modérée (10-30),112.5,-2.98769230769231,-1.4119230769230775,-0.7944447480116057,-0.5451448078490951,,0,0,0,0
2014-09-08,10.9,19.5,1.0,2.4,10.5,NE,35.0,WNW,NE,17,24,93,60,1029.5,1024.2,1,2,12.2,18.2,No,No,0,0,1,2014,9,Sep,2014-09-01,Q3,251,Printemps,15.2,8.6,20.5,76.5,1026.85,Sec (≤1 mm),45.0,-2.48769230769231,-1.7119230769230764,-0.6614918421909199,-0.6609750857358543,,0,0,0,0
2014-09-09,12.2,23.1,0.0,5.0,10.3,NNE,41.0,NNW,NE,17,22,56,56,1019.4,1012.8,1,4,19.3,20.6,No,Yes,0,1,1,2014,9,Sep,2014-09-01,Q3,252,Printemps,17.65,10.900000000000002,19.5,56.0,1016.0999999999999,Sec (≤1 mm),22.5,1.1123076923076916,-0.4119230769230775,0.2957690797180176,-0.1590438815598969,,0,0,0,0
2014-09-10,14.0,24.4,5.0,6.8,8.3,W,59.0,W,WSW,9,28,84,28,1008.2,1008.9,7,3,14.8,23.2,Yes,No,1,0,1,2014,9,Sep,2014-09-01,Q3,253,Printemps,19.2,10.399999999999999,18.5,56.0,1008.55,Faible (1-10),270.0,2.4123076923076887,1.3880769230769232,0.6414466348517996,0.5359377857606603,,0,0,0,0
2014-09-11,12.1,25.8,0.2,5.2,10.9,SSW,50.0,WNW,E,13,17,36,32,1016.7,1013.7,1,1,18.1,23.7,No,No,0,0,1,2014,9,Sep,2014-09-01,Q3,254,Printemps,18.95,13.700000000000001,15.0,34.0,1015.2,Sec (≤1 mm),202.5,3.812307692307691,-0.5119230769230771,1.0137147711497203,-0.19765397418881658,,0,0,0,0
2014-09-12,13.9,18.4,0.2,6.8,1.8,S,41.0,SSW,SE,13,15,67,52,1025.7,1024.1,7,4,14.7,16.9,No,No,0,0,1,2014,9,Sep,2014-09-01,Q3,255,Printemps,16.15,4.499999999999998,14.0,59.5,1024.9,Sec (≤1 mm),180.0,-3.5876923076923113,1.2880769230769236,-0.9539882349964289,0.4973276931317406,,0,0,0,0
2014-09-13,12.9,17.6,0.8,2.4,3.8,E,28.0,WNW,E,9,17,80,72,1026.9,1023.5,7,4,14.4,16.8,No,No,0,0,1,2014,9,Sep,2014-09-01,Q3,256,Printemps,15.25,4.700000000000001,13.0,76.0,1025.2,Sec (≤1 mm),90.0,-4.3876923076923084,0.28807692307692356,-1.1667128843095254,0.1112267668425423,,0,0,0,0
2014-09-14,12.9,22.6,0.4,2.8,9.5,SSE,35.0,WNW,E,11,17,69,66,1020.6,1016.0,0,1,17.3,20.5,No,No,0,0,1,2014,9,Sep,2014-09-01,Q3,257,Printemps,17.75,9.700000000000001,14.0,67.5,1018.3,Sec (≤1 mm),157.5,0.6123076923076916,0.28807692307692356,0.16281617389733183,0.1112267668425423,,0,0,0,0
2014-09-15,13.1,20.1,0.0,3.8,10.1,ENE,30.0,WNW,ENE,11,22,68,55,1018.6,1015.1,1,5,17.7,19.2,No,No,0,0,1,2014,9,Sep,2014-09-01,Q3,258,Printemps,16.6,7.000000000000002,16.5,61.5,1016.85,Sec (≤1 mm),67.5,-1.8876923076923084,0.48807692307692285,-0.5019483552060967,0.18844695210038168,,0,0,0,0
2014-09-18,12.2,20.5,0.0,7.0,10.8,WSW,44.0,WSW,SE,28,24,33,31,1018.6,1017.1,1,3,15.6,18.4,No,No,0,0,1,2014,9,Sep,2014-09-01,Q3,261,Printemps,16.35,8.3,26.0,32.0,1017.85,Sec (≤1 mm),247.5,-1.4876923076923099,-0.4119230769230775,-0.39558603054954855,-0.1590438815598969,,0,0,0,2
2014-09-19,9.2,22.2,0.0,5.4,9.7,ESE,31.0,W,E,19,26,50,33,1022.3,1018.5,7,7,14.7,18.2,No,No,0,0,1,2014,9,Sep,2014-09-01,Q3,262,Printemps,15.7,13.0,22.5,41.5,1020.4,Sec (≤1 mm),112.5,0.21230769230768942,-3.4119230769230775,0.05645384924078271,-1.3173466604274917,,0,0,0,0
2014-09-20,9.1,20.3,0.0,4.2,11.0,S,41.0,WNW,SSE,13,22,50,41,1024.5,1023.7,1,1,15.4,19.4,No,No,0,0,1,2014,9,Sep,2014-09-01,Q3,263,Printemps,14.7,11.200000000000001,17.5,45.5,1024.1,Sec (≤1 mm),180.0,-1.6876923076923092,-3.511923076923077,-0.44876719287782263,-1.3559567530564114,,0,0,0,0
2014-09-21,10.9,20.9,1.0,3.6,8.0,ESE,30.0,WNW,ESE,15,15,71,49,1030.5,1027.3,6,2,15.4,18.3,No,No,0,0,1,2014,9,Sep,2014-09-01,Q3,264,Printemps,15.899999999999999,9.999999999999998,15.0,60.0,1028.9,Sec (≤1 mm),112.5,-1.0876923076923113,-1.7119230769230764,-0.28922370589300034,-0.6609750857358543,,0,0,0,0
2014-09-22,12.3,20.2,0.2,4.8,10.6,E,26.0,WNW,E,6,17,55,51,1032.1,1028.9,4,1,16.9,18.9,No,No,0,0,1,2014,9,Sep,2014-09-01,Q3,265,Printemps,16.25,7.899999999999999,11.5,53.0,1030.5,Sec (≤1 mm),90.0,-1.7876923076923106,-0.3119230769230761,-0.47535777404196017,-0.12043378893097652,,0,0,0,0
2014-09-23,10.9,21.2,0.0,4.0,10.9,NE,37.0,W,NE,11,20,58,53,1030.2,1026.2,0,0,17.2,19.6,No,No,0,0,1,2014,9,Sep,2014-09-01,Q3,266,Printemps,16.05,10.299999999999999,15.5,55.5,1028.2,Sec (≤1 mm),45.0,-0.7876923076923106,-1.7119230769230764,-0.20945196240058872,-0.6609750857358543,,0,0,0,0
2014-09-24,11.7,22.2,0.0,5.4,10.7,NNE,37.0,WNW,NE,6,17,66,66,1022.7,1016.6,0,3,18.5,20.8,No,No,0,0,1,2014,9,Sep,2014-09-01,Q3,267,Printemps,16.95,10.5,11.5,66.0,1019.6500000000001,Sec (≤1 mm),22.5,0.21230769230768942,-0.9119230769230775,0.05645384924078271,-0.352094344704496,,0,0,0,0
2014-09-25,17.4,24.6,0.0,6.2,1.2,WSW,61.0,W,SSE,6,17,60,65,1011.9,1009.8,7,7,20.0,20.2,No,Yes,0,1,1,2014,9,Sep,2014-09-01,Q3,268,Printemps,21.0,7.200000000000003,11.5,62.5,1010.8499999999999,Sec (≤1 mm),247.5,2.6123076923076916,4.788076923076922,0.6946277971800747,1.848680935143934,,0,0,0,0
2014-09-26,14.3,21.7,2.0,3.0,8.3,SSE,41.0,SSW,SE,22,19,59,51,1017.9,1015.9,5,5,18.8,20.1,Yes,No,1,0,1,2014,9,Sep,2014-09-01,Q3,269,Printemps,18.0,7.399999999999999,20.5,55.0,1016.9,Faible (1-10),157.5,-0.2876923076923106,1.688076923076924,-0.07649905657990301,0.65176806364742,,0,0,0,0
2014-09-27,13.0,22.8,0.2,5.0,11.1,ESE,35.0,SSW,SE,15,20,53,45,1021.1,1019.3,5,1,18.8,20.2,No,No,0,0,1,2014,9,Sep,2014-09-01,Q3,270,Printemps,17.9,9.8,17.5,49.0,1020.2,Sec (≤1 mm),112.5,0.8123076923076908,0.3880769230769232,0.21599733622560593,0.149836859471462,,0,0,0,0
2014-09-28,11.6,25.4,0.2,5.4,11.2,NNE,50.0,NNW,NE,19,24,54,50,1021.9,1016.2,0,0,20.4,21.2,No,No,0,0,1,2014,9,Sep,2014-09-01,Q3,271,Printemps,18.5,13.799999999999999,21.5,52.0,1019.05,Sec (≤1 mm),22.5,3.4123076923076887,-1.0119230769230771,0.907352446493171,-0.3907044373334157,,0,0,0,0
2014-09-29,16.5,32.9,0.0,8.0,10.6,NNW,37.0,N,WNW,17,15,29,17,1014.6,1011.2,2,0,25.2,32.3,No,No,0,0,1,2014,9,Sep,2014-09-01,Q3,272,Printemps,24.7,16.4,16.0,23.0,1012.9000000000001,Sec (≤1 mm),337.5,10.912307692307689,3.888076923076923,2.901646033803457,1.501190101483656,,0,0,0,0
2014-09-30,16.6,33.5,0.0,8.0,6.8,NW,52.0,SE,NW,2,26,42,16,1013.7,1007.2,4,5,23.7,32.7,No,No,0,0,1,2014,9,Sep,2014-09-01,Q3,273,Printemps,25.05,16.9,14.0,29.0,1010.45,Sec (≤1 mm),315.0,11.51230769230769,3.9880769230769246,3.06118952078828,1.5398001941125763,Chaleur extrême,0,0,0,0
2014-10-01,15.6,22.1,0.0,12.0,11.3,WSW,61.0,W,SE,28,24,19,28,1017.7,1018.5,1,1,18.2,19.6,No,No,0,0,1,2014,10,Oct,2014-10-01,Q4,274,Printemps,18.85,6.500000000000002,26.0,23.5,1018.1,Sec (≤1 mm),247.5,-1.4526717557251914,0.8263358778625953,-0.3255680369989198,0.28860485893557636,,0,0,0,0
2014-10-02,10.4,24.9,0.0,7.2,11.1,WNW,30.0,W,NE,11,13,45,45,1022.1,1017.2,1,0,17.6,21.3,No,No,0,0,1,2014,10,Oct,2014-10-01,Q4,275,Printemps,17.65,14.499999999999998,12.0,45.0,1019.6500000000001,Sec (≤1 mm),292.5,1.3473282442748058,-4.373664122137404,0.3019587941687292,-1.5275395281952744,,0,0,0,0
2014-10-03,12.8,21.1,0.0,5.8,6.3,ESE,31.0,W,E,6,17,63,58,1021.1,1019.6,4,7,19.0,19.1,No,No,0,0,1,2014,10,Oct,2014-10-01,Q4,276,Printemps,16.950000000000003,8.3,11.5,60.5,1020.35,Sec (≤1 mm),112.5,-2.4526717557251914,-1.9736641221374036,-0.5496847624159374,-0.6893190418271892,,0,0,0,0
2014-10-04,16.4,21.9,0.0,3.0,8.5,ENE,39.0,NE,NE,19,24,73,68,1020.2,1015.5,7,1,19.2,21.5,No,No,0,0,1,2014,10,Oct,2014-10-01,Q4,277,Printemps,19.15,5.5,21.5,70.5,1017.85,Sec (≤1 mm),67.5,-1.6526717557251942,1.6263358778625943,-0.37039138208232397,0.5680116877249377,,0,0,0,0
2014-10-05,14.0,33.8,0.0,4.4,10.6,SSW,63.0,W,E,11,17,65,23,1016.0,1012.9,1,1,18.4,30.8,No,No,0,0,1,2014,10,Oct,2014-10-01,Q4,278,Printemps,23.9,19.799999999999997,14.0,44.0,1014.45,Sec (≤1 mm),202.5,10.247328244274804,-0.7736641221374043,2.296597650380187,-0.27020879864314695,,0,0,0,0
2014-10-06,17.3,26.0,0.0,8.8,8.3,NE,46.0,WNW,ENE,9,19,67,64,1019.2,1012.4,7,2,19.7,21.8,No,No,0,0,1,2014,10,Oct,2014-10-01,Q4,279,Printemps,21.65,8.7,14.0,65.5,1015.8,Sec (≤1 mm),45.0,2.447328244274807,2.5263358778625964,0.548487192127449,0.8823443701129703,,0,0,0,0
2014-10-07,19.7,27.9,0.0,8.0,7.7,NW,61.0,WSW,ESE,28,20,44,30,1007.8,1008.3,7,1,24.1,25.2,No,Yes,0,1,1,2014,10,Oct,2014-10-01,Q4,280,Printemps,23.799999999999997,8.2,24.0,37.0,1008.05,Sec (≤1 mm),315.0,4.347328244274806,4.926335877862595,0.9743089704197824,1.720564856481055,,0,0,0,0
2014-10-08,15.1,21.1,5.4,4.6,3.7,SSW,35.0,SSE,ESE,20,19,80,54,1018.7,1018.0,7,2,16.7,18.8,Yes,No,1,0,1,2014,10,Oct,2014-10-01,Q4,281,Printemps,18.1,6.000000000000002,19.5,67.0,1018.35,Faible (1-10),202.5,-2.4526717557251914,0.3263358778625953,-0.5496847624159374,0.11397559094222527,,0,0,0,0
2014-10-09,14.4,21.2,0.0,4.8,8.5,ENE,37.0,WNW,ENE,7,22,61,49,1023.2,1020.2,1,1,18.6,21.0,No,No,0,0,1,2014,10,Oct,2014-10-01,Q4,282,Printemps,17.8,6.799999999999999,14.5,55.0,1021.7,Sec (≤1 mm),67.5,-2.3526717557251935,-0.37366412213740396,-0.5272730898742362,-0.13050538424846594,,0,0,0,0
2014-10-10,14.0,22.8,0.2,4.8,7.9,NE,35.0,NNW,ENE,13,22,53,58,1019.5,1015.5,6,6,20.2,21.9,No,No,0,0,1,2014,10,Oct,2014-10-01,Q4,283,Printemps,18.4,8.8,17.5,55.5,1017.5,Sec (≤1 mm),45.0,-0.7526717557251921,-0.7736641221374043,-0.16868632920700752,-0.27020879864314695,,0,0,0,0
2014-10-11,14.4,26.8,0.0,5.4,11.1,NNE,41.0,WNW,E,13,19,61,61,1016.8,1014.2,1,1,19.9,23.6,No,No,0,0,1,2014,10,Oct,2014-10-01,Q4,284,Printemps,20.6,12.4,16.0,61.0,1015.5,Sec (≤1 mm),22.5,3.247328244274808,-0.37366412213740396,0.7277805724610634,-0.13050538424846594,,0,0,0,0
2014-10-12,17.0,24.7,0.0,7.8,11.2,NNE,52.0,W,NE,9,26,66,61,1017.5,1013.4,0,1,20.3,23.3,No,No,0,0,1,2014,10,Oct,2014-10-01,Q4,285,Printemps,20.85,7.699999999999999,17.5,63.5,1015.45,Sec (≤1 mm),22.5,1.1473282442748065,2.2263358778625957,0.2571354490853259,0.7775668093169594,,0,0,0,0
2014-10-13,17.9,26.2,0.0,8.8,5.0,WNW,57.0,ESE,ENE,11,13,60,69,1007.6,1005.7,7,8,22.5,21.5,No,Yes,0,1,1,2014,10,Oct,2014-10-01,Q4,286,Printemps,22.049999999999997,8.3,12.0,64.5,1006.6500000000001,Sec (≤1 mm),292.5,2.6473282442748065,3.1263358778625943,0.5933105372108525,1.091899491704991,,0,0,0,0
2014-10-14,13.2,17.6,9.4,5.8,3.0,S,76.0,W,WSW,26,20,49,42,1008.5,1008.5,6,7,14.9,17.1,Yes,Yes,1,1,1,2014,10,Oct,2014-10-01,Q4,287,Printemps,15.4,4.400000000000002,23.0,45.5,1008.5,Faible (1-10),180.0,-5.952671755725191,-1.573664122137405,-1.3340933013754996,-0.5496156274325089,,0,0,0,0
2014-10-15,10.6,16.0,70.8,4.8,0.1,SW,78.0,SW,SSW,28,26,79,52,1011.7,1013.4,8,7,11.6,15.1,Yes,No,1,0,1,2014,10,Oct,2014-10-01,Q4,288,Printemps,13.3,5.4,27.0,65.5,1012.55,Forte (>30),225.0,-7.552671755725193,-4.173664122137405,-1.6926800620427283,-1.4576878209979343,,1,1,0,0
2014-10-16,9.0,23.4,0.2,4.0,11.7,ENE,30.0,W,E,11,24,61,43,1018.4,1015.8,2,6,14.3,20.1,No,No,0,0,1,2014,10,Oct,2014-10-01,Q4,289,Printemps,16.2,14.399999999999999,17.5,52.0,1017.0999999999999,Sec (≤1 mm),67.5,-0.1526717557251942,-5.773664122137404,-0.03421629395679735,-2.0165014785766577,,0,0,0,0
2014-10-17,12.2,20.8,0.0,4.0,8.8,SSE,50.0,SSE,S,20,31,75,45,1024.6,1024.9,7,3,15.2,19.9,No,No,0,0,1,2014,10,Oct,2014-10-01,Q4,290,Printemps,16.5,8.600000000000001,25.5,60.0,1024.75,Sec (≤1 mm),157.5,-2.752671755725192,-2.573664122137405,-0.616919780041043,-0.898874163419211,,0,0,0,0
2014-10-18,12.9,20.4,0.0,7.6,6.2,ENE,26.0,W,E,15,17,66,46,1029.8,1027.4,7,1,15.3,19.6,No,No,0,0,1,2014,10,Oct,2014-10-01,Q4,291,Printemps,16.65,7.499999999999998,16.0,56.0,1028.6,Sec (≤1 mm),67.5,-3.152671755725194,-1.873664122137404,-0.7065664702078506,-0.6543931882285191,,0,0,0,0
2014-10-19,12.4,23.9,0.0,2.6,12.0,NNE,41.0,W,NE,9,19,57,49,1027.5,1022.6,1,1,18.6,23.1,No,No,0,0,1,2014,10,Oct,2014-10-01,Q4,292,Printemps,18.15,11.499999999999998,14.0,53.0,1025.05,Sec (≤1 mm),22.5,0.3473282442748058,-2.373664122137404,0.07784206875171151,-0.8290224562218702,,0,0,0,0
2014-10-20,15.8,20.8,0.0,10.6,4.0,SSE,69.0,S,S,33,22,59,74,1028.7,1029.8,7,8,19.8,17.0,No,No,0,0,1,2014,10,Oct,2014-10-01,Q4,293,Printemps,18.3,5.0,27.5,66.5,1029.25,Sec (≤1 mm),157.5,-2.752671755725192,1.0263358778625964,-0.616919780041043,0.35845656613291715,,0,0,0,0
2014-10-21,15.0,18.7,0.4,2.6,0.0,ENE,31.0,ESE,E,19,19,50,49,1032.5,1030.7,8,7,17.4,18.5,No,No,0,0,1,2014,10,Oct,2014-10-01,Q4,294,Printemps,16.85,3.6999999999999993,19.0,49.5,1031.6,Sec (≤1 mm),67.5,-4.8526717557251935,0.22633587786259568,-1.0875649034167805,0.0790497373435552,,0,0,0,0
2014-10-22,15.0,21.3,0.0,5.0,9.2,NNE,46.0,NNW,NE,4,28,54,54,1027.1,1022.0,7,1,17.8,20.4,No,No,0,0,1,2014,10,Oct,2014-10-01,Q4,295,Printemps,18.15,6.300000000000001,16.0,54.0,1024.55,Sec (≤1 mm),22.5,-2.252671755725192,0.22633587786259568,-0.5048614173325341,0.0790497373435552,,0,0,0,0
2014-10-23,14.5,28.0,0.0,6.0,10.7,E,28.0,W,E,6,20,64,56,1018.0,1015.9,3,2,19.7,25.1,No,No,0,0,1,2014,10,Oct,2014-10-01,Q4,296,Printemps,21.25,13.5,13.0,60.0,1016.95,Sec (≤1 mm),90.0,4.447328244274807,-0.2736641221374043,0.9967206429614845,-0.09557953064979587,,0,0,0,0
2014-10-24,18.6,26.4,0.0,5.8,7.1,NNE,48.0,NNW,ENE,13,30,78,70,1020.1,1014.9,6,5,22.0,23.1,No,No,0,0,1,2014,10,Oct,2014-10-01,Q4,297,Printemps,22.5,7.799999999999997,21.5,74.0,1017.5,Sec (≤1 mm),22.5,2.847328244274806,3.826335877862597,0.6381338822942558,1.3363804668956833,,0,0,0,0
2014-10-25,18.5,29.9,0.2,6.0,8.4,SSE,39.0,WNW,SSE,19,19,81,59,1015.3,1013.6,1,6,21.0,25.9,No,No,0,0,1,2014,10,Oct,2014-10-01,Q4,298,Printemps,24.2,11.399999999999999,19.0,70.0,1014.45,Sec (≤1 mm),157.5,6.347328244274806,3.7263358778625957,1.4225424212538178,1.3014546132970126,,0,0,0,0
2014-10-26,18.5,32.5,0.0,5.0,11.2,S,44.0,W,SSE,11,24,64,55,1010.2,1007.9,0,5,23.5,25.8,No,No,0,0,1,2014,10,Oct,2014-10-01,Q4,299,Printemps,25.5,14.0,17.5,59.5,1009.05,Sec (≤1 mm),180.0,8.947328244274807,3.7263358778625957,2.005245907338064,1.3014546132970126,,0,0,0,0
2014-10-27,19.4,31.6,0.0,6.6,8.9,WNW,70.0,NNE,W,13,41,60,26,1007.8,1002.7,5,7,23.2,29.6,No,No,0,0,1,2014,10,Oct,2014-10-01,Q4,300,Printemps,25.5,12.200000000000003,27.0,43.0,1005.25,Sec (≤1 mm),292.5,8.047328244274809,4.626335877862594,1.8035408544627487,1.615787295685044,,0,0,0,0
2014-10-28,15.9,28.9,0.0,7.8,10.4,W,43.0,W,W,17,22,36,18,1012.2,1008.3,2,1,21.7,28.0,No,No,0,0,1,2014,10,Oct,2014-10-01,Q4,301,Printemps,22.4,12.999999999999998,19.5,27.0,1010.25,Sec (≤1 mm),270.0,5.347328244274806,1.126335877862596,1.1984256958368003,0.3933824197315872,,0,0,0,0
2014-10-29,16.6,24.6,0.0,7.2,11.4,ENE,37.0,SSW,E,7,26,35,63,1017.2,1015.8,1,2,22.6,21.8,No,No,0,0,1,2014,10,Oct,2014-10-01,Q4,302,Printemps,20.6,8.0,16.5,49.0,1016.5,Sec (≤1 mm),67.5,1.0473282442748086,1.826335877862597,0.23472377654362456,0.6378633949222791,,0,0,0,0
2014-10-30,15.5,30.8,0.0,5.8,12.6,E,28.0,W,ENE,13,17,61,32,1015.6,1011.6,2,3,21.1,28.4,No,No,0,0,1,2014,10,Oct,2014-10-01,Q4,303,Printemps,23.15,15.3,15.0,46.5,1013.6,Sec (≤1 mm),90.0,7.247328244274808,0.7263358778625957,1.6242474741291344,0.25367900533690624,,0,0,0,0
2014-11-02,13.7,23.5,2.4,15.0,12.9,W,56.0,W,ESE,28,22,26,23,1017.9,1017.9,1,1,16.8,21.8,Yes,No,1,0,1,2014,11,Nov,2014-11-01,Q4,306,Printemps,18.6,9.8,25.0,24.5,1017.9,Faible (1-10),270.0,-1.3264591439688687,-3.618287937743194,-0.3409822764958272,-1.5763472620896755,,0,0,0,2
2014-11-03,13.8,21.5,0.2,7.8,6.8,ESE,37.0,WNW,ESE,11,26,52,57,1025.4,1023.7,3,4,17.0,19.5,No,No,0,0,1,2014,11,Nov,2014-11-01,Q4,307,Printemps,17.65,7.699999999999999,18.5,54.5,1024.5500000000002,Sec (≤1 mm),112.5,-3.3264591439688687,-3.5182879377431924,-0.8551063308192521,-1.5327811532223723,,0,0,0,0
2014-11-04,16.1,21.8,0.0,6.6,8.8,ENE,46.0,NNE,ENE,13,31,60,64,1024.0,1019.4,7,2,20.4,21.0,No,No,0,0,1,2014,11,Nov,2014-11-01,Q4,308,Printemps,18.950000000000003,5.699999999999999,22.0,62.0,1021.7,Sec (≤1 mm),67.5,-3.026459143968868,-1.2182879377431917,-0.7779877226707382,-0.5307606492744138,,0,0,0,0
2014-11-05,17.7,23.5,0.0,6.0,3.8,NNE,67.0,ESE,NE,15,30,67,75,1017.1,1012.6,7,7,20.7,21.0,No,Yes,0,1,1,2014,11,Nov,2014-11-01,Q4,309,Printemps,20.6,5.800000000000001,22.5,71.0,1014.85,Sec (≤1 mm),22.5,-1.3264591439688687,0.3817120622568062,-0.3409822764958272,0.1662970926024258,,0,0,0,0
2014-11-06,15.5,23.2,2.0,5.6,9.5,SSW,50.0,SSW,SE,24,28,64,57,1014.8,1013.9,6,6,20.1,20.9,Yes,No,1,0,1,2014,11,Nov,2014-11-01,Q4,310,Printemps,19.35,7.699999999999999,26.0,60.5,1014.3499999999999,Faible (1-10),202.5,-1.6264591439688694,-1.818287937743193,-0.41810088464434114,-0.7921573024782296,,0,0,0,0
2014-11-07,16.5,22.1,0.0,6.2,11.9,E,30.0,E,E,9,22,54,56,1019.4,1019.5,4,5,20.6,21.8,No,No,0,0,1,2014,11,Nov,2014-11-01,Q4,311,Printemps,19.3,5.600000000000001,15.5,55.0,1019.45,Sec (≤1 mm),90.0,-2.7264591439688672,-0.8182879377431931,-0.7008691145222243,-0.35649621380520424,,0,0,0,0
2014-11-08,14.4,23.1,0.0,6.4,12.3,ENE,41.0,E,NE,9,22,61,60,1022.4,1018.9,2,0,21.4,21.9,No,No,0,0,1,2014,11,Nov,2014-11-01,Q4,312,Printemps,18.75,8.700000000000001,15.5,60.5,1020.65,Sec (≤1 mm),67.5,-1.7264591439688672,-2.9182879377431927,-0.44380708736051183,-1.2713845000185573,,0,0,0,0
2014-11-09,16.5,26.2,0.0,6.8,10.9,S,54.0,S,SSE,22,24,60,53,1018.8,1017.6,1,6,23.1,25.2,No,No,0,0,1,2014,11,Nov,2014-11-01,Q4,313,Printemps,21.35,9.7,23.0,56.5,1018.2,Sec (≤1 mm),180.0,1.3735408560311306,-0.8182879377431931,0.3530851968407963,-0.35649621380520424,,0,0,0,0
2014-11-10,18.7,23.6,0.0,8.0,3.2,ESE,37.0,S,SE,13,20,73,61,1018.2,1016.8,8,6,20.7,22.2,No,No,0,0,1,2014,11,Nov,2014-11-01,Q4,314,Printemps,21.15,4.900000000000002,16.5,67.0,1017.5,Sec (≤1 mm),112.5,-1.2264591439688672,1.3817120622568062,-0.3152760737796556,0.6019581812754511,,0,0,0,0
2014-11-11,16.6,23.2,0.0,4.2,5.1,ESE,35.0,ESE,SE,7,20,51,66,1020.1,1019.6,6,8,21.3,19.0,No,No,0,0,1,2014,11,Nov,2014-11-01,Q4,315,Printemps,19.9,6.599999999999998,13.5,58.5,1019.85,Sec (≤1 mm),112.5,-1.6264591439688694,-0.7182879377431917,-0.41810088464434114,-0.3129301049379011,,0,0,0,0
2014-11-12,16.4,22.2,0.0,4.6,6.1,ENE,33.0,WNW,E,6,20,66,51,1019.7,1016.0,6,1,18.8,21.6,No,No,0,0,1,2014,11,Nov,2014-11-01,Q4,316,Printemps,19.299999999999997,5.800000000000001,13.0,58.5,1017.85,Sec (≤1 mm),67.5,-2.6264591439688694,-0.9182879377431945,-0.6751629118060536,-0.4000623226725074,,0,0,0,0
2014-11-13,18.5,23.5,0.0,6.8,6.6,NE,39.0,ENE,ENE,15,22,64,68,1019.2,1015.7,7,7,20.0,22.1,No,No,0,0,1,2014,11,Nov,2014-11-01,Q4,317,Printemps,21.0,5.0,18.5,66.0,1017.45,Sec (≤1 mm),45.0,-1.3264591439688687,1.181712062256807,-0.3409822764958272,0.5148259635408463,,0,0,0,0
2014-11-14,17.7,32.2,0.0,4.8,11.2,SSW,72.0,SSW,ESE,2,13,69,39,1011.8,1006.7,3,7,23.3,31.7,No,No,0,0,1,2014,11,Nov,2014-11-01,Q4,318,Printemps,24.950000000000003,14.500000000000004,7.5,54.0,1009.25,Sec (≤1 mm),202.5,7.373540856031134,0.3817120622568062,1.8954573598110722,0.1662970926024258,,0,0,0,0
2014-11-15,18.9,24.1,0.0,12.8,2.3,SE,39.0,S,SSE,7,24,60,50,1009.9,1010.0,8,8,20.1,22.6,No,Yes,0,1,1,2014,11,Nov,2014-11-01,Q4,319,Printemps,21.5,5.200000000000003,15.5,55.0,1009.95,Sec (≤1 mm),135.0,-0.7264591439688672,1.5817120622568055,-0.18674506019879936,0.6890903990100559,,0,0,0,0
2014-11-16,18.1,28.5,5.6,5.0,7.3,W,74.0,NW,W,22,44,87,27,1005.6,1001.5,8,2,18.2,28.1,Yes,No,1,0,1,2014,11,Nov,2014-11-01,Q4,320,Printemps,23.3,10.399999999999999,33.0,57.0,1003.55,Faible (1-10),270.0,3.6735408560311313,0.7817120622568083,0.9443278593127352,0.34056152807163687,,0,0,0,0
2014-11-17,15.2,25.5,0.4,7.0,12.6,E,35.0,W,E,15,24,38,48,1013.8,1011.8,2,3,21.3,22.9,No,No,0,0,1,2014,11,Nov,2014-11-01,Q4,321,Printemps,20.35,10.3,19.5,43.0,1012.8,Sec (≤1 mm),90.0,0.6735408560311313,-2.118287937743194,0.17314177782759776,-0.9228556290801374,,0,0,0,0
2014-11-18,18.6,26.7,0.0,8.0,11.7,SSE,43.0,W,SSE,20,24,60,45,1016.7,1016.4,3,1,22.3,25.2,No,No,0,0,1,2014,11,Nov,2014-11-01,Q4,322,Printemps,22.65,8.099999999999998,22.0,52.5,1016.55,Sec (≤1 mm),157.5,1.8735408560311306,1.2817120622568083,0.48161621042165254,0.5583920724081495,,0,0,0,0
2014-11-19,18.1,24.9,0.0,8.0,10.1,ENE,41.0,ENE,E,11,28,65,59,1021.8,1018.6,7,5,21.9,22.7,No,No,0,0,1,2014,11,Nov,2014-11-01,Q4,323,Printemps,21.5,6.799999999999997,19.5,62.0,1020.2,Sec (≤1 mm),67.5,0.07354085603112992,0.7817120622568083,0.018904561530569908,0.34056152807163687,,0,0,0,0
2014-11-20,18.8,31.1,0.0,6.8,10.6,ENE,41.0,NE,ENE,6,24,56,57,1014.3,1008.7,7,6,24.8,26.0,No,No,0,0,1,2014,11,Nov,2014-11-01,Q4,324,Printemps,24.950000000000003,12.3,15.0,56.5,1011.5,Sec (≤1 mm),67.5,6.273540856031133,1.4817120622568076,1.612689129933188,0.6455242901427543,,0,0,0,0
2014-11-21,22.1,33.9,0.0,8.4,11.0,SSE,63.0,SSE,E,7,22,36,46,1007.4,1004.6,2,2,31.0,30.3,No,No,0,0,1,2014,11,Nov,2014-11-01,Q4,325,Printemps,28.0,11.799999999999997,14.5,41.0,1006.0,Sec (≤1 mm),157.5,9.07354085603113,4.781712062256808,2.3324628059859824,2.083205882763738,,0,0,0,0
2014-11-22,19.1,26.3,0.0,10.0,9.3,SSE,37.0,SE,E,9,19,50,60,1015.9,1011.5,4,7,23.6,23.4,No,No,0,0,1,2014,11,Nov,2014-11-01,Q4,326,Printemps,22.700000000000003,7.199999999999999,14.0,55.0,1013.7,Sec (≤1 mm),157.5,1.473540856031132,1.7817120622568083,0.37879139955696794,0.7762226167446622,,0,0,0,0
2014-11-23,19.6,30.1,0.0,6.0,10.6,SE,44.0,E,E,4,22,62,54,1011.5,1007.4,3,3,24.9,28.9,No,No,0,0,1,2014,11,Nov,2014-11-01,Q4,327,Printemps,24.85,10.5,13.0,58.0,1009.45,Sec (≤1 mm),135.0,5.273540856031133,2.2817120622568083,1.3556271027714755,0.9940531610811748,,0,0,0,0
2014-11-24,21.1,30.2,0.0,7.2,6.4,E,33.0,SSW,E,6,28,71,76,1015.0,1007.4,6,6,23.5,23.6,No,Yes,0,1,1,2014,11,Nov,2014-11-01,Q4,328,Printemps,25.65,9.099999999999998,17.0,73.5,1011.2,Sec (≤1 mm),90.0,5.373540856031131,3.7817120622568083,1.3813333054876462,1.6475447940907129,,0,0,0,0
2014-11-25,21.8,24.7,5.0,6.6,5.6,SW,52.0,SSW,ESE,13,24,65,56,1013.0,1016.4,7,5,24.0,21.6,Yes,No,1,0,1,2014,11,Nov,2014-11-01,Q4,329,Printemps,23.25,2.8999999999999986,18.5,60.5,1014.7,Faible (1-10),225.0,-0.12645914396886937,4.481712062256808,-0.03250784390177241,1.9525075561618301,,0,0,0,0
2014-11-26,19.3,23.3,0.0,7.4,7.3,ENE,41.0,ENE,ENE,17,26,58,66,1019.7,1016.6,6,7,21.5,21.9,No,No,0,0,1,2014,11,Nov,2014-11-01,Q4,330,Printemps,21.3,4.0,21.5,62.0,1018.1500000000001,Sec (≤1 mm),67.5,-1.526459143968868,1.9817120622568076,-0.3923946819281695,0.8633548344792669,,0,0,0,0
2014-11-30,19.1,26.8,0.0,8.0,8.4,NNE,44.0,ENE,NE,11,26,64,63,1014.2,1011.2,2,4,23.8,24.6,No,Yes,0,1,1,2014,11,Nov,2014-11-01,Q4,334,Printemps,22.950000000000003,7.699999999999999,18.5,63.5,1012.7,Sec (≤1 mm),22.5,1.973540856031132,1.7817120622568083,0.5073224131378241,0.7762226167446622,,0,0,0,3
2014-12-01,19.6,26.8,3.2,9.8,8.0,NNE,46.0,E,NE,6,20,59,69,1011.0,1007.9,6,7,25.1,23.6,Yes,Yes,1,1,1,2014,12,Dec,2014-12-01,Q4,335,Été,23.200000000000003,7.199999999999999,13.0,64.0,1009.45,Faible (1-10),22.5,0.9716666666666676,1.0179166666666681,0.2820657335530833,0.45266273109419836,,0,0,0,0
2014-12-02,19.0,28.9,8.2,8.6,10.7,SE,61.0,WNW,NNE,15,20,71,56,1011.9,1008.8,6,2,23.7,27.8,Yes,No,1,0,1,2014,12,Dec,2014-12-01,Q4,336,Été,23.95,9.899999999999999,17.5,63.5,1010.3499999999999,Faible (1-10),135.0,3.0716666666666654,0.4179166666666667,0.8916760667895913,0.1858455666342531,,0,0,0,0
2014-12-03,21.6,29.3,1.0,8.4,7.6,S,59.0,E,ENE,4,17,68,55,1013.2,1009.4,4,7,26.2,28.4,No,Yes,0,1,1,2014,12,Dec,2014-12-01,Q4,337,Été,25.450000000000003,7.699999999999999,10.5,61.5,1011.3,Sec (≤1 mm),180.0,3.4716666666666676,3.017916666666668,1.007792320739403,1.3420532792940136,,0,0,0,0
2014-12-04,20.0,26.9,23.8,8.0,0.0,W,61.0,ENE,ENE,9,22,80,74,1012.5,1009.4,7,7,22.7,25.3,Yes,Yes,1,1,1,2014,12,Dec,2014-12-01,Q4,338,Été,23.45,6.899999999999999,15.5,77.0,1010.95,Modérée (10-30),270.0,1.0716666666666654,1.4179166666666667,0.31109479704053544,0.6305408407341608,,0,0,0,0
2014-12-05,19.6,27.2,6.2,11.0,6.9,WNW,52.0,N,NE,9,17,64,59,1008.3,1005.6,7,5,24.3,26.3,Yes,Yes,1,1,1,2014,12,Dec,2014-12-01,Q4,339,Été,23.4,7.599999999999998,13.0,61.5,1006.95,Faible (1-10),292.5,1.3716666666666661,1.0179166666666681,0.398181987502894,0.45266273109419836,,0,0,0,0
2014-12-06,20.5,26.7,1.8,5.6,6.6,ENE,30.0,NE,E,17,17,70,61,1007.7,1004.1,6,7,23.4,25.5,Yes,Yes,1,1,1,2014,12,Dec,2014-12-01,Q4,340,Été,23.6,6.199999999999999,17.0,65.5,1005.9000000000001,Faible (1-10),67.5,0.8716666666666661,1.9179166666666667,0.2530366700656301,0.8528884777841147,,0,0,0,0
2014-12-07,18.7,27.2,5.4,7.8,8.9,WNW,50.0,ENE,E,11,22,68,81,1006.0,1003.9,2,4,24.5,23.6,Yes,Yes,1,1,1,2014,12,Dec,2014-12-01,Q4,341,Été,22.95,8.5,16.5,74.5,1004.95,Faible (1-10),292.5,1.3716666666666661,0.117916666666666,0.398181987502894,0.05243698440428049,,0,0,0,0
2014-12-08,18.9,32.0,15.8,8.6,7.5,W,70.0,ESE,WSW,2,17,81,42,1006.8,1006.3,6,7,22.0,29.2,Yes,No,1,0,1,2014,12,Dec,2014-12-01,Q4,342,Été,25.45,13.100000000000001,9.5,61.5,1006.55,Modérée (10-30),270.0,6.171666666666667,0.3179166666666653,1.7915770349006284,0.1413760392242617,,0,0,0,0
2014-12-09,21.1,23.8,0.4,7.4,2.1,S,31.0,ESE,ESE,19,22,71,70,1015.0,1014.3,7,6,22.5,23.0,No,No,0,0,1,2014,12,Dec,2014-12-01,Q4,343,Été,22.450000000000003,2.6999999999999993,20.5,70.5,1014.65,Sec (≤1 mm),180.0,-2.0283333333333324,2.517916666666668,-0.5888061710705006,1.1197056422440599,,0,0,0,0
2014-12-10,20.4,25.3,0.0,5.0,2.6,E,33.0,E,E,17,22,73,69,1014.8,1011.4,6,7,22.5,24.7,No,Yes,0,1,1,2014,12,Dec,2014-12-01,Q4,344,Été,22.85,4.900000000000002,19.5,71.0,1013.0999999999999,Sec (≤1 mm),90.0,-0.5283333333333324,1.8179166666666653,-0.15337021875870868,0.8084189503741233,,0,0,0,0
2014-12-11,20.7,22.0,9.8,3.4,0.7,SSW,65.0,W,SSW,19,26,92,85,1005.5,1008.8,7,7,21.7,18.6,Yes,Yes,1,1,1,2014,12,Dec,2014-12-01,Q4,345,Été,21.35,1.3000000000000007,22.5,88.5,1007.15,Faible (1-10),202.5,-3.828333333333333,2.117916666666666,-1.1113293138446512,0.9418275326040959,,0,0,0,0
2014-12-13,16.7,24.1,0.0,8.4,9.7,ESE,44.0,SE,ESE,19,28,53,54,1018.6,1016.9,5,4,20.6,21.2,No,No,0,0,1,2014,12,Dec,2014-12-01,Q4,347,Été,20.4,7.400000000000002,23.5,53.5,1017.75,Sec (≤1 mm),112.5,-1.7283333333333317,-1.882083333333334,-0.501718980608142,-0.8369535637955349,,0,0,0,1
2014-12-14,15.3,24.4,0.0,8.0,10.8,NNE,39.0,WNW,ENE,7,24,69,48,1014.4,1010.7,5,1,20.0,23.2,No,No,0,0,1,2014,12,Dec,2014-12-01,Q4,348,Été,19.85,9.099999999999998,15.5,58.5,1012.55,Sec (≤1 mm),22.5,-1.4283333333333346,-3.2820833333333326,-0.41463179014578444,-1.4595269475354051,,0,0,0,0
2014-12-15,17.8,25.9,0.0,8.0,13.0,NE,41.0,ENE,ENE,6,24,54,48,1012.2,1010.8,1,1,24.3,24.6,No,No,0,0,1,2014,12,Dec,2014-12-01,Q4,349,Été,21.85,8.099999999999998,15.0,51.0,1011.5,Sec (≤1 mm),45.0,0.07166666666666544,-0.7820833333333326,0.02080416216600748,-0.3477887622856358,,0,0,0,0
2014-12-16,20.0,25.0,0.0,11.4,8.7,NE,65.0,NNE,NE,13,39,60,67,1007.9,999.6,7,3,22.1,24.3,No,No,0,0,1,2014,12,Dec,2014-12-01,Q4,350,Été,22.5,5.0,26.0,63.5,1003.75,Sec (≤1 mm),45.0,-0.8283333333333331,1.4179166666666667,-0.24045740922106726,0.6305408407341608,,0,0,0,0
2014-12-17,19.2,23.8,0.0,7.6,5.8,W,41.0,SSE,SE,33,22,61,51,1006.3,1007.8,2,7,21.2,22.3,No,No,0,0,1,2014,12,Dec,2014-12-01,Q4,351,Été,21.5,4.600000000000001,27.5,56.0,1007.05,Sec (≤1 mm),270.0,-2.0283333333333324,0.617916666666666,-0.5888061710705006,0.2747846214542343,,0,0,0,0
2014-12-18,18.3,25.3,0.0,6.8,5.6,E,31.0,WNW,E,11,20,80,70,1010.3,1005.5,8,6,19.1,24.4,No,No,0,0,1,2014,12,Dec,2014-12-01,Q4,352,Été,21.8,7.0,15.5,75.0,1007.9,Sec (≤1 mm),90.0,-0.5283333333333324,-0.2820833333333326,-0.15337021875870868,-0.12544112523568196,,0,0,0,0
2014-12-19,18.2,24.1,0.0,6.6,10.8,SSW,56.0,SSE,SE,31,22,53,44,1012.4,1013.0,1,1,21.2,23.2,No,No,0,0,1,2014,12,Dec,2014-12-01,Q4,353,Été,21.15,5.900000000000002,26.5,48.5,1012.7,Sec (≤1 mm),202.5,-1.7283333333333317,-0.382083333333334,-0.501718980608142,-0.16991065264567337,,0,0,0,0
2014-12-20,18.0,23.1,0.0,8.4,9.5,ENE,31.0,ESE,E,9,20,51,50,1018.5,1016.6,5,1,20.7,22.2,No,No,0,0,1,2014,12,Dec,2014-12-01,Q4,354,Été,20.55,5.100000000000001,14.5,50.5,1017.55,Sec (≤1 mm),67.5,-2.7283333333333317,-0.5820833333333333,-0.79200961548267,-0.25884970746565455,,0,0,0,0
2014-12-21,16.8,25.7,0.0,7.0,12.6,ENE,46.0,W,E,6,31,65,61,1018.6,1016.0,1,1,22.5,24.1,No,No,0,0,1,2014,12,Dec,2014-12-01,Q4,355,Été,21.25,8.899999999999999,18.5,63.0,1017.3,Sec (≤1 mm),67.5,-0.12833333333333385,-1.7820833333333326,-0.03725396480889791,-0.7924840363855435,,0,0,0,0
2014-12-22,20.5,26.4,0.0,9.2,8.8,NE,57.0,ENE,NE,15,33,63,69,1016.9,1014.8,3,5,24.8,25.1,No,No,0,0,1,2014,12,Dec,2014-12-01,Q4,356,Été,23.45,5.899999999999999,24.0,66.0,1015.8499999999999,Sec (≤1 mm),45.0,0.5716666666666654,1.9179166666666667,0.16594947960327147,0.8528884777841147,,0,0,0,0
2014-12-23,20.7,26.1,0.0,8.2,4.6,NE,41.0,NW,NNE,11,13,84,81,1015.4,1012.8,7,8,21.1,23.8,No,Yes,0,1,1,2014,12,Dec,2014-12-01,Q4,357,Été,23.4,5.400000000000002,12.0,82.5,1014.0999999999999,Sec (≤1 mm),45.0,0.2716666666666683,2.117916666666666,0.0788622891409139,0.9418275326040959,,0,0,0,0
2014-12-24,21.0,24.3,1.6,5.0,3.3,SSW,54.0,S,S,17,28,82,71,1013.7,1013.9,7,7,22.4,22.7,Yes,No,1,0,1,2014,12,Dec,2014-12-01,Q4,358,Été,22.65,3.3000000000000007,22.5,76.5,1013.8,Faible (1-10),202.5,-1.5283333333333324,2.4179166666666667,-0.44366085363323665,1.0752361148340686,,0,0,0,0
2014-12-25,19.8,26.8,0.0,5.8,5.3,WSW,59.0,N,NE,9,22,77,71,1011.5,1005.7,7,7,23.2,25.6,No,Yes,0,1,1,2014,12,Dec,2014-12-01,Q4,359,Été,23.3,7.0,15.5,74.0,1008.6,Sec (≤1 mm),247.5,0.9716666666666676,1.2179166666666674,0.2820657335530833,0.5416017859141796,,0,0,0,0
2014-12-26,19.9,30.4,28.6,4.0,8.9,SSE,57.0,WSW,SE,19,37,67,66,1007.8,1011.3,3,6,24.1,22.7,Yes,No,1,0,1,2014,12,Dec,2014-12-01,Q4,360,Été,25.15,10.5,28.0,66.5,1009.55,Modérée (10-30),157.5,4.571666666666665,1.3179166666666653,1.3271120191013832,0.5860713133241694,,0,0,0,0
2014-12-27,18.8,21.7,0.0,10.6,0.0,ENE,31.0,ESE,ESE,11,15,50,53,1021.0,1020.6,7,7,20.6,20.7,No,No,0,0,1,2014,12,Dec,2014-12-01,Q4,361,Été,20.25,2.8999999999999986,13.0,51.5,1020.8,Sec (≤1 mm),67.5,-4.128333333333334,0.21791666666666742,-1.1984165043070096,0.09690651181427189,,0,0,0,0
2014-12-28,18.9,24.2,0.0,4.0,2.0,ENE,30.0,S,E,2,13,75,61,1019.2,1015.9,7,7,20.2,23.5,No,No,0,0,1,2014,12,Dec,2014-12-01,Q4,362,Été,21.549999999999997,5.300000000000001,7.5,68.0,1017.55,Sec (≤1 mm),67.5,-1.6283333333333339,0.3179166666666653,-0.47268991712068986,0.1413760392242617,,0,0,0,0
2014-12-29,17.7,27.3,0.0,5.4,12.6,NNE,46.0,NNW,NE,13,24,62,66,1009.7,1004.1,1,1,23.6,25.4,No,No,0,0,1,2014,12,Dec,2014-12-01,Q4,363,Été,22.5,9.600000000000001,18.5,64.0,1006.9000000000001,Sec (≤1 mm),22.5,1.4716666666666676,-0.882083333333334,0.42721105099034723,-0.3922582896956272,,0,0,0,0
2014-12-30,19.4,28.1,0.0,8.0,12.7,SSW,54.0,S,E,13,17,59,50,1007.4,1004.0,0,0,23.4,26.9,No,No,0,0,1,2014,12,Dec,2014-12-01,Q4,364,Été,23.75,8.700000000000003,15.0,54.5,1005.7,Sec (≤1 mm),202.5,2.2716666666666683,0.8179166666666653,0.6594435588899699,0.36372367627421553,,0,0,0,0
2014-12-31,19.3,25.2,0.0,9.6,8.0,SSW,46.0,E,E,17,24,64,57,1015.6,1014.4,5,2,22.2,23.9,No,No,0,0,1,2014,12,Dec,2014-12-01,Q4,365,Été,22.25,5.899999999999999,20.5,60.5,1015.0,Sec (≤1 mm),202.5,-0.6283333333333339,0.7179166666666674,-0.1823992822461619,0.3192541488642257,,0,0,0,0
2015-01-01,21.4,28.4,0.0,6.8,11.0,ENE,43.0,NE,NE,15,24,68,69,1014.5,1011.4,1,3,25.2,27.5,No,No,0,0,1,2015,1,Jan,2015-01-01,Q1,1,Été,24.9,7.0,19.5,68.5,1012.95,Sec (≤1 mm),67.5,0.9231046931407931,1.0963898916967487,0.24083707538202873,0.5161337701485664,,0,0,0,0
2015-01-02,21.2,28.5,0.0,9.2,3.6,S,37.0,S,ESE,17,17,78,76,1018.8,1017.7,7,7,23.2,26.3,No,No,0,0,1,2015,1,Jan,2015-01-01,Q1,2,Été,24.85,7.300000000000001,17.0,77.0,1018.25,Sec (≤1 mm),180.0,1.0231046931407946,0.8963898916967494,0.2669269736537624,0.42198226910730685,,0,0,0,0
2015-01-03,22.0,28.8,0.0,4.0,12.0,NE,48.0,E,NE,15,22,76,70,1020.2,1017.5,3,1,26.3,27.7,No,No,0,0,1,2015,1,Jan,2015-01-01,Q1,3,Été,25.4,6.800000000000001,18.5,73.0,1018.85,Sec (≤1 mm),45.0,1.3231046931407953,1.6963898916967501,0.34519666846896246,0.7985882732723468,,0,0,0,0
2015-01-04,22.4,30.4,0.0,10.2,8.9,SSW,52.0,E,NE,11,15,69,66,1015.9,1012.8,1,7,26.9,27.1,No,No,0,0,1,2015,1,Jan,2015-01-01,Q1,4,Été,26.4,8.0,13.0,67.5,1014.3499999999999,Sec (≤1 mm),202.5,2.923104693140793,2.0963898916967487,0.7626350408166946,0.986891275354866,,0,0,0,0
2015-01-05,20.5,26.3,0.2,10.0,3.4,S,35.0,SSW,ESE,9,15,82,66,1019.4,1018.7,7,7,21.8,25.9,No,No,0,0,1,2015,1,Jan,2015-01-01,Q1,5,Été,23.4,5.800000000000001,12.0,74.0,1019.05,Sec (≤1 mm),180.0,-1.1768953068592047,0.19638989169675014,-0.3070507883243699,0.09245201546289747,,0,0,0,0
2015-01-06,21.3,28.2,0.2,4.0,11.8,E,26.0,SSE,E,11,17,80,64,1020.7,1019.9,5,3,24.4,26.8,No,No,0,0,1,2015,1,Jan,2015-01-01,Q1,6,Été,24.75,6.899999999999999,14.0,72.0,1020.3,Sec (≤1 mm),90.0,0.7231046931407938,0.9963898916967509,0.18865727883856231,0.4690580196279375,,0,0,0,0
2015-01-07,22.8,29.3,0.0,6.6,12.4,NNE,44.0,E,NE,17,22,64,50,1020.6,1018.3,3,1,27.1,27.9,No,No,0,0,1,2015,1,Jan,2015-01-01,Q1,7,Été,26.05,6.5,19.5,57.0,1019.45,Sec (≤1 mm),22.5,1.8231046931407953,2.496389891696751,0.4756461598276289,1.175194277437387,,0,0,0,0
2015-01-08,21.2,28.0,0.0,9.2,13.0,W,41.0,N,NE,6,31,55,55,1016.1,1011.7,1,1,25.8,27.4,No,No,0,0,1,2015,1,Jan,2015-01-01,Q1,8,Été,24.6,6.800000000000001,18.5,55.0,1013.9000000000001,Sec (≤1 mm),270.0,0.5231046931407946,0.8963898916967494,0.1364774822950959,0.42198226910730685,,0,0,0,0
2015-01-09,21.8,29.9,0.0,13.6,8.7,NE,48.0,E,ENE,13,31,72,64,1010.6,1007.8,1,2,25.7,26.9,No,No,0,0,1,2015,1,Jan,2015-01-01,Q1,9,Été,25.85,8.099999999999998,22.0,68.0,1009.2,Sec (≤1 mm),45.0,2.423104693140793,1.4963898916967509,0.6321855494580281,0.7044367722310872,,0,0,0,0
2015-01-10,22.0,28.7,0.0,7.4,1.0,W,41.0,ESE,ENE,2,13,81,78,1010.8,1009.1,7,8,24.3,25.2,No,Yes,0,1,1,2015,1,Jan,2015-01-01,Q1,10,Été,25.35,6.699999999999999,7.5,79.5,1009.95,Sec (≤1 mm),270.0,1.2231046931407938,1.6963898916967501,0.3191067701972288,0.7985882732723468,,0,0,0,0
2015-01-11,20.6,22.9,21.0,7.4,0.0,S,33.0,ESE,S,19,13,96,92,1013.6,1012.6,8,8,21.1,21.1,Yes,Yes,1,1,1,2015,1,Jan,2015-01-01,Q1,11,Été,21.75,2.299999999999997,16.0,94.0,1013.1,Modérée (10-30),180.0,-4.576895306859207,0.29638989169675156,-1.1941073295633025,0.1395277659835281,,0,0,0,0
2015-01-12,20.4,24.4,9.6,4.8,3.3,S,56.0,SSE,S,22,30,76,78,1014.7,1013.3,7,7,22.9,22.9,Yes,Yes,1,1,1,2015,1,Jan,2015-01-01,Q1,12,Été,22.4,4.0,26.0,77.0,1014.0,Faible (1-10),180.0,-3.076895306859207,0.09638989169674872,-0.8027588554873031,0.04537626494226684,,0,0,0,0
2015-01-13,18.9,28.8,4.8,5.4,7.5,NNE,43.0,WSW,ENE,6,20,94,77,1010.2,1005.6,6,5,21.2,24.5,Yes,No,1,0,1,2015,1,Jan,2015-01-01,Q1,13,Été,23.85,9.900000000000002,13.0,85.5,1007.9000000000001,Faible (1-10),22.5,1.3231046931407953,-1.4036101083032513,0.34519666846896246,-0.6607599928671826,,0,0,0,0
2015-01-14,21.1,34.2,0.0,6.2,12.7,WSW,54.0,WNW,WNW,6,28,55,32,999.1,997.2,1,2,28.6,33.4,No,No,0,0,1,2015,1,Jan,2015-01-01,Q1,14,Été,27.650000000000002,13.100000000000001,17.0,43.5,998.1500000000001,Sec (≤1 mm),247.5,6.723104693140797,0.7963898916967516,1.754051175142561,0.3749065185866779,,0,0,0,0
2015-01-15,22.0,29.0,0.0,11.0,11.7,W,35.0,WSW,ESE,11,24,45,57,1004.0,1004.2,2,1,26.1,24.8,No,No,0,0,1,2015,1,Jan,2015-01-01,Q1,15,Été,25.5,7.0,17.5,51.0,1004.1,Sec (≤1 mm),270.0,1.5231046931407946,1.6963898916967501,0.39737646501242885,0.7985882732723468,,0,0,0,0
2015-01-16,21.2,27.6,0.0,8.2,12.9,ENE,33.0,WSW,E,6,22,67,63,1008.6,1005.8,3,2,24.7,26.6,No,No,0,0,1,2015,1,Jan,2015-01-01,Q1,16,Été,24.4,6.400000000000002,14.0,65.0,1007.2,Sec (≤1 mm),67.5,0.12310469314079597,0.8963898916967494,0.0321178892081631,0.42198226910730685,,0,0,0,0
2015-01-17,20.7,35.7,0.0,3.2,13.4,WNW,39.0,W,E,7,24,35,23,1008.0,1005.2,0,1,27.0,33.5,No,No,0,0,1,2015,1,Jan,2015-01-01,Q1,17,Été,28.200000000000003,15.000000000000004,15.5,29.0,1006.6,Sec (≤1 mm),292.5,8.223104693140797,0.39638989169674943,2.14539964921856,0.18660351650415705,,0,0,0,0
2015-01-18,20.7,29.1,0.0,10.2,11.8,ESE,39.0,SSW,ESE,13,20,73,43,1011.7,1010.0,5,6,24.5,28.6,No,No,0,0,1,2015,1,Jan,2015-01-01,Q1,18,Été,24.9,8.400000000000002,16.5,58.0,1010.85,Sec (≤1 mm),112.5,1.623104693140796,0.39638989169674943,0.42346636328416254,0.18660351650415705,,0,0,0,0
2015-01-19,20.9,22.7,0.0,10.4,0.1,SE,44.0,SSE,SE,28,24,66,61,1014.9,1015.2,8,8,21.7,21.7,No,Yes,0,1,1,2015,1,Jan,2015-01-01,Q1,19,Été,21.799999999999997,1.8000000000000007,26.0,63.5,1015.05,Sec (≤1 mm),135.0,-4.776895306859206,0.5963898916967487,-1.246287126106769,0.28075501754541665,,0,0,0,0
2015-01-20,18.1,24.8,6.2,3.4,7.3,ENE,48.0,ENE,NE,20,26,88,64,1014.3,1011.9,8,5,20.3,23.9,Yes,Yes,1,1,1,2015,1,Jan,2015-01-01,Q1,20,Été,21.450000000000003,6.699999999999999,23.0,76.0,1013.0999999999999,Faible (1-10),67.5,-2.6768953068592047,-2.2036101083032484,-0.6983992624003693,-1.0373659970322209,,0,0,0,0
2015-01-21,19.7,28.0,18.0,7.4,10.5,E,59.0,SSE,E,2,20,78,61,1011.0,1010.6,5,3,24.4,27.1,Yes,No,1,0,1,2015,1,Jan,2015-01-01,Q1,21,Été,23.85,8.3,11.0,69.5,1010.8,Modérée (10-30),90.0,0.5231046931407946,-0.6036101083032506,0.1364774822950959,-0.28415398870214253,,0,0,0,0
2015-01-22,22.5,28.3,0.2,8.4,11.7,ENE,37.0,ESE,E,9,19,68,58,1014.5,1012.1,5,1,26.4,27.5,No,No,0,0,1,2015,1,Jan,2015-01-01,Q1,22,Été,25.4,5.800000000000001,14.0,63.0,1013.3,Sec (≤1 mm),67.5,0.8231046931407953,2.19638989169675,0.21474717711029598,1.0339670258754967,,0,0,0,0
2015-01-23,22.4,29.1,0.0,8.0,10.5,NNE,52.0,NE,NE,11,30,74,61,1010.1,1007.0,7,2,25.8,28.7,No,No,0,0,1,2015,1,Jan,2015-01-01,Q1,23,Été,25.75,6.700000000000003,20.5,67.5,1008.55,Sec (≤1 mm),22.5,1.623104693140796,2.0963898916967487,0.42346636328416254,0.986891275354866,,0,0,0,0
2015-01-24,22.7,29.1,0.0,9.2,9.8,NE,43.0,E,NE,15,24,69,54,1008.1,1004.9,1,1,26.7,28.3,No,No,0,0,1,2015,1,Jan,2015-01-01,Q1,24,Été,25.9,6.400000000000002,19.5,61.5,1006.5,Sec (≤1 mm),45.0,1.623104693140796,2.3963898916967494,0.42346636328416254,1.1281185269167562,,0,0,0,0
2015-01-25,21.6,34.4,1.0,8.0,11.2,S,59.0,W,E,6,19,77,44,1003.1,1001.6,2,5,25.0,31.2,No,No,0,0,1,2015,1,Jan,2015-01-01,Q1,25,Été,28.0,12.799999999999997,12.5,60.5,1002.35,Sec (≤1 mm),180.0,6.923104693140793,1.2963898916967516,1.8062309716860263,0.6102852711898277,,0,0,0,0
2015-01-26,20.2,20.4,0.6,10.6,0.0,SSE,35.0,SSE,S,20,17,84,88,1013.2,1013.3,8,8,20.4,19.7,No,Yes,0,1,1,2015,1,Jan,2015-01-01,Q1,26,Été,20.299999999999997,0.1999999999999993,18.5,86.0,1013.25,Sec (≤1 mm),157.5,-7.076895306859207,-0.10361010830325057,-1.8463547863566347,-0.048775236098992744,,0,0,0,0
2015-01-27,18.9,20.4,33.0,5.4,0.0,ESE,37.0,ESE,E,20,13,96,93,1013.3,1012.5,8,8,19.2,20.2,Yes,Yes,1,1,1,2015,1,Jan,2015-01-01,Q1,27,Été,19.65,1.5,16.5,94.5,1012.9,Forte (>30),112.5,-7.076895306859207,-1.4036101083032513,-1.8463547863566347,-0.6607599928671826,,0,0,0,0
2015-01-28,17.3,20.5,57.0,7.2,2.3,S,43.0,SSE,SSW,17,6,95,92,1013.3,1013.5,8,7,17.9,18.2,Yes,Yes,1,1,1,2015,1,Jan,2015-01-01,Q1,28,Été,18.9,3.1999999999999993,11.5,93.5,1013.4,Forte (>30),180.0,-6.9768953068592054,-3.003610108303249,-1.820264888084901,-1.413972001197261,,1,0,0,0
2015-01-29,14.6,24.3,14.0,2.8,12.2,S,57.0,SSW,S,17,35,54,47,1012.9,1011.0,3,3,19.0,22.1,Yes,No,1,0,1,2015,1,Jan,2015-01-01,Q1,29,Été,19.45,9.700000000000001,26.0,50.5,1011.95,Modérée (10-30),180.0,-3.1768953068592047,-5.70361010830325,-0.8288487537590358,-2.6850172652542703,,0,0,0,0
2015-01-30,15.2,27.3,0.0,8.8,11.2,WSW,48.0,WSW,WSW,20,17,43,28,1009.4,1005.4,1,3,19.6,26.8,No,No,0,0,1,2015,1,Jan,2015-01-01,Q1,30,Été,21.25,12.100000000000001,18.5,35.5,1007.4,Sec (≤1 mm),247.5,-0.17689530685920474,-5.103610108303251,-0.046151805607036966,-2.402562762130491,,0,0,0,0
2015-01-31,17.0,26.1,0.0,5.8,11.7,ESE,26.0,WNW,ESE,9,19,59,42,1008.1,1005.8,2,2,21.4,24.2,No,No,0,0,1,2015,1,Jan,2015-01-01,Q1,31,Été,21.55,9.100000000000001,14.0,50.5,1006.95,Sec (≤1 mm),112.5,-1.376895306859204,-3.30361010830325,-0.3592305848678363,-1.5551992527591512,,0,0,0,0
2015-02-01,19.3,26.6,0.0,9.4,7.0,SE,37.0,SSW,ESE,9,19,75,55,1009.5,1009.3,7,6,22.0,24.2,No,Yes,0,1,1,2015,2,Feb,2015-02-01,Q1,32,Été,22.950000000000003,7.300000000000001,14.0,65.0,1009.4,Sec (≤1 mm),135.0,-0.2807843137254906,-0.886274509803922,-0.08812854264387017,-0.4224690645761286,,0,0,0,0
2015-02-02,18.0,25.0,3.4,6.6,8.7,SSE,61.0,SSW,S,19,35,81,59,1015.5,1015.9,7,2,19.6,23.4,Yes,No,1,0,1,2015,2,Feb,2015-02-01,Q1,33,Été,21.5,7.0,27.0,70.0,1015.7,Faible (1-10),157.5,-1.880784313725492,-2.1862745098039227,-0.5903135342458116,-1.0421526703592552,,0,0,0,0
2015-02-03,18.5,26.5,1.0,8.6,9.8,SSE,43.0,SW,SE,17,24,72,45,1020.1,1017.5,5,2,20.1,25.7,No,Yes,0,1,1,2015,2,Feb,2015-02-01,Q1,34,Été,22.5,8.0,20.5,58.5,1018.8,Sec (≤1 mm),157.5,-0.38078431372549204,-1.6862745098039227,-0.11951510461899192,-0.8038128219811298,,0,0,0,0
2015-02-04,17.3,25.6,1.2,6.4,6.6,SSE,43.0,W,SSE,15,30,70,58,1015.7,1015.7,7,6,20.1,22.9,Yes,Yes,1,1,1,2015,2,Feb,2015-02-01,Q1,35,Été,21.450000000000003,8.3,22.5,64.0,1015.7,Faible (1-10),157.5,-1.2807843137254906,-2.886274509803922,-0.4019941623950833,-1.3758284580886306,,0,0,0,0
2015-02-05,18.6,24.3,7.4,7.2,0.5,ESE,46.0,ESE,ESE,20,13,59,54,1023.2,1024.1,7,7,21.9,22.5,Yes,No,1,0,1,2015,2,Feb,2015-02-01,Q1,36,Été,21.450000000000003,5.699999999999999,16.5,56.5,1023.65,Faible (1-10),112.5,-2.5807843137254913,-1.5862745098039213,-0.8100194680716606,-0.756144852305504,,0,0,0,0
2015-02-06,17.6,25.6,0.2,4.2,7.8,ESE,31.0,W,ESE,9,15,80,53,1027.7,1026.2,7,7,20.5,23.6,No,No,0,0,1,2015,2,Feb,2015-02-01,Q1,37,Été,21.6,8.0,12.0,66.5,1026.95,Sec (≤1 mm),112.5,-1.2807843137254906,-2.5862745098039213,-0.4019941623950833,-1.232824549061755,,0,0,0,0
2015-02-07,18.8,26.5,0.0,5.4,6.9,ENE,35.0,WNW,ENE,9,22,77,50,1025.2,1021.8,8,4,20.3,26.0,No,No,0,0,1,2015,2,Feb,2015-02-01,Q1,38,Été,22.65,7.699999999999999,15.5,63.5,1023.5,Sec (≤1 mm),67.5,-0.38078431372549204,-1.386274509803922,-0.11951510461899192,-0.6608089129542541,,0,0,0,0
2015-02-08,18.9,32.1,0.0,5.6,12.2,E,26.0,W,E,9,22,71,58,1018.9,1017.0,0,1,23.3,28.3,No,No,0,0,1,2015,2,Feb,2015-02-01,Q1,39,Été,25.5,13.200000000000003,15.5,64.5,1017.95,Sec (≤1 mm),90.0,5.219215686274509,-1.286274509803924,1.638132365987802,-0.61314094327863,,0,0,0,0
2015-02-09,22.7,25.9,0.0,8.0,1.2,S,46.0,S,SE,20,20,76,66,1023.8,1023.9,7,7,23.7,25.3,No,No,0,0,1,2015,2,Feb,2015-02-01,Q1,40,Été,24.299999999999997,3.1999999999999993,20.0,71.0,1023.8499999999999,Sec (≤1 mm),180.0,-0.9807843137254935,2.5137254901960766,-0.30783447646972023,1.1982419043951242,,0,0,0,0
2015-02-10,21.5,28.2,0.0,5.8,7.7,ENE,33.0,WNW,E,6,19,82,65,1024.6,1023.1,5,3,24.0,27.7,No,No,0,0,1,2015,2,Feb,2015-02-01,Q1,41,Été,24.85,6.699999999999999,12.5,73.5,1023.8499999999999,Sec (≤1 mm),67.5,1.3192156862745072,1.3137254901960773,0.41405644895807014,0.6262262682876234,,0,0,0,0
2015-02-11,22.8,28.6,0.2,5.8,11.3,ENE,41.0,ENE,E,17,28,72,59,1023.6,1021.0,6,2,25.8,27.1,No,No,0,0,1,2015,2,Feb,2015-02-01,Q1,42,Été,25.700000000000003,5.800000000000001,22.5,65.5,1022.3,Sec (≤1 mm),67.5,1.7192156862745094,2.613725490196078,0.5396026968585561,1.2459098740707502,,0,0,0,0
2015-02-12,21.0,28.8,0.0,8.0,10.0,ESE,37.0,SE,ESE,4,26,62,61,1021.8,1021.0,1,5,26.1,27.6,No,Yes,0,1,1,2015,2,Feb,2015-02-01,Q1,43,Été,24.9,7.800000000000001,15.0,61.5,1021.4,Sec (≤1 mm),112.5,1.9192156862745087,0.8137254901960773,0.6023758208087985,0.38788641990949785,,0,0,0,0
2015-02-13,20.4,28.1,6.8,7.8,4.6,ENE,31.0,WNW,ESE,7,19,94,61,1024.2,1023.3,7,5,22.1,25.1,Yes,Yes,1,1,1,2015,2,Feb,2015-02-01,Q1,44,Été,24.25,7.700000000000003,13.0,77.5,1023.75,Faible (1-10),67.5,1.2192156862745094,0.2137254901960759,0.3826698869829495,0.10187860185574657,,0,0,0,0
2015-02-14,20.4,27.2,4.4,5.0,6.7,ENE,39.0,W,NE,7,17,82,55,1023.1,1019.9,2,7,23.1,26.9,Yes,No,1,0,1,2015,2,Feb,2015-02-01,Q1,45,Été,23.799999999999997,6.800000000000001,12.0,68.5,1021.5,Faible (1-10),67.5,0.31921568627450725,0.2137254901960759,0.10019082920685704,0.10187860185574657,,0,0,0,0
2015-02-15,20.3,29.4,0.6,5.6,8.8,NE,37.0,N,ENE,4,20,85,59,1017.0,1014.8,7,3,22.4,26.4,No,No,0,0,1,2015,2,Feb,2015-02-01,Q1,46,Été,24.85,9.099999999999998,12.0,72.0,1015.9,Sec (≤1 mm),45.0,2.5192156862745065,0.11372549019607803,0.7906951926595257,0.054210632180122474,,0,0,0,0
2015-02-16,22.1,28.0,0.0,8.0,11.1,NE,46.0,NE,NE,19,28,62,57,1016.9,1015.7,3,7,25.4,26.8,No,No,0,0,1,2015,2,Feb,2015-02-01,Q1,47,Été,25.05,5.899999999999999,23.5,59.5,1016.3,Sec (≤1 mm),45.0,1.119215686274508,1.9137254901960787,0.3512833250078278,0.9122340863413747,,0,0,0,0
2015-02-17,21.9,27.8,0.0,8.4,12.2,NE,48.0,NNE,ENE,19,31,59,56,1019.0,1017.6,3,2,25.7,26.1,No,No,0,0,1,2015,2,Feb,2015-02-01,Q1,48,Été,24.85,5.900000000000002,25.0,57.5,1018.3,Sec (≤1 mm),45.0,0.9192156862745087,1.713725490196076,0.28851020105758535,0.8168981469901231,,0,0,0,0
2015-02-18,22.2,27.6,0.0,10.4,12.2,E,41.0,NE,E,9,28,59,60,1019.9,1019.0,2,2,26.4,26.7,No,No,0,0,1,2015,2,Feb,2015-02-01,Q1,49,Été,24.9,5.400000000000002,18.5,59.5,1019.45,Sec (≤1 mm),90.0,0.7192156862745094,2.0137254901960766,0.22573707710734295,0.9599020560169987,,0,0,0,0
2015-02-19,22.2,27.6,0.2,9.6,5.1,ENE,39.0,ENE,E,11,17,88,63,1021.8,1019.4,7,5,23.0,25.8,No,No,0,0,1,2015,2,Feb,2015-02-01,Q1,50,Été,24.9,5.400000000000002,14.0,75.5,1020.5999999999999,Sec (≤1 mm),67.5,0.7192156862745094,2.0137254901960766,0.22573707710734295,0.9599020560169987,,0,0,0,0
2015-02-20,21.7,26.8,0.0,5.0,1.8,NE,43.0,W,E,6,9,82,67,1018.0,1016.2,7,7,23.8,25.6,No,No,0,0,1,2015,2,Feb,2015-02-01,Q1,51,Été,24.25,5.100000000000001,7.5,74.5,1017.1,Sec (≤1 mm),45.0,-0.08078431372549133,1.5137254901960766,-0.025355418693627767,0.7215622076388732,,0,0,0,0
2015-02-21,20.5,25.6,1.0,2.8,0.0,ENE,37.0,SSE,ESE,6,15,88,74,1017.1,1016.0,8,8,22.9,24.5,No,Yes,0,1,1,2015,2,Feb,2015-02-01,Q1,52,Été,23.05,5.100000000000001,10.5,81.0,1016.55,Sec (≤1 mm),67.5,-1.2807843137254906,0.3137254901960773,-0.4019941623950833,0.14954657153137235,,0,0,0,0
2015-02-22,20.7,27.4,1.2,3.4,10.7,E,31.0,ESE,E,4,20,82,62,1017.7,1016.9,3,6,23.8,26.8,Yes,No,1,0,1,2015,2,Feb,2015-02-01,Q1,53,Été,24.049999999999997,6.699999999999999,12.0,72.0,1017.3,Faible (1-10),90.0,0.5192156862745065,0.5137254901960766,0.16296395315709944,0.24488251088262222,,0,0,0,0
2015-02-23,22.4,27.6,0.0,6.6,5.5,ENE,31.0,NNE,E,15,17,76,63,1016.9,1014.6,5,4,24.1,26.9,No,No,0,0,1,2015,2,Feb,2015-02-01,Q1,54,Été,25.0,5.200000000000003,16.0,69.5,1015.75,Sec (≤1 mm),67.5,0.7192156862745094,2.213725490196076,0.22573707710734295,1.0552379953682487,,0,0,0,0
2015-02-24,22.2,25.6,0.2,5.2,6.2,SSE,61.0,NNW,S,4,33,89,66,1014.8,1015.1,7,6,23.3,24.8,No,No,0,0,1,2015,2,Feb,2015-02-01,Q1,55,Été,23.9,3.400000000000002,18.5,77.5,1014.95,Sec (≤1 mm),157.5,-1.2807843137254906,2.0137254901960766,-0.4019941623950833,0.9599020560169987,,0,0,0,0
2015-02-25,20.1,23.8,0.0,6.6,9.1,SE,44.0,WSW,SSE,6,30,76,77,1015.6,1015.2,7,7,22.2,22.9,No,Yes,0,1,1,2015,2,Feb,2015-02-01,Q1,56,Été,21.950000000000003,3.6999999999999993,18.0,76.5,1015.4000000000001,Sec (≤1 mm),135.0,-3.0807843137254913,-0.08627450980392126,-0.9669522779472671,-0.0411253071711274,,0,0,0,0
2015-02-26,19.9,25.8,4.2,2.2,4.7,E,20.0,WNW,E,15,17,86,72,1010.9,1007.2,7,7,21.5,24.9,Yes,Yes,1,1,1,2015,2,Feb,2015-02-01,Q1,57,Été,22.85,5.900000000000002,16.0,79.0,1009.05,Faible (1-10),90.0,-1.0807843137254913,-0.2862745098039241,-0.3392210384448409,-0.13646124652237895,,0,0,0,0
2015-02-27,20.0,27.5,26.8,4.6,8.4,SE,28.0,S,ESE,11,17,97,60,1010.8,1009.5,6,2,21.1,26.4,Yes,No,1,0,1,2015,2,Feb,2015-02-01,Q1,58,Été,23.75,7.5,14.0,78.5,1010.15,Modérée (10-30),135.0,0.619215686274508,-0.18627450980392268,0.19435051513222118,-0.08879327684675317,,0,0,0,0
2015-02-28,20.1,27.0,0.2,5.6,6.0,NNE,43.0,ENE,NE,9,22,78,62,1010.8,1008.5,7,7,23.3,26.5,No,No,0,0,1,2015,2,Feb,2015-02-01,Q1,59,Été,23.55,6.899999999999999,15.5,70.0,1009.65,Sec (≤1 mm),22.5,0.11921568627450796,-0.08627450980392126,0.037417705256614635,-0.0411253071711274,,0,0,0,0
2015-03-01,22.0,36.4,0.0,6.0,7.0,SSE,91.0,E,E,6,20,69,57,1005.9,1002.9,1,7,26.2,29.3,No,Yes,0,1,1,2015,3,Mar,2015-03-01,Q1,60,Automne,29.2,14.399999999999999,13.0,63.0,1004.4,Sec (≤1 mm),157.5,10.518709677419356,3.1425806451612885,4.293398360751889,1.4647937839766334,Chaleur extrême,0,1,0,0
2015-03-02,18.2,24.6,11.4,10.6,3.3,SSE,48.0,SSW,SE,20,15,70,57,1018.7,1017.3,6,7,20.1,23.7,Yes,No,1,0,1,2015,3,Mar,2015-03-01,Q1,61,Automne,21.4,6.400000000000002,17.5,63.5,1018.0,Modérée (10-30),157.5,-1.2812903225806416,-0.6574193548387122,-0.5229814244635198,-0.30643089014005254,,0,0,0,0
2015-03-03,16.8,27.7,0.2,5.0,8.0,ENE,33.0,WNW,E,9,28,60,54,1015.9,1013.1,1,2,22.5,25.8,No,No,0,0,1,2015,3,Mar,2015-03-01,Q1,62,Automne,22.25,10.899999999999999,18.5,57.0,1014.5,Sec (≤1 mm),67.5,1.8187096774193563,-2.0574193548387107,0.7423386886015446,-0.9589873490251466,,0,0,0,0
2015-03-04,21.5,27.9,0.0,6.6,7.4,SSW,26.0,S,E,7,13,79,63,1013.4,1010.2,5,3,23.7,26.9,No,No,0,0,1,2015,3,Mar,2015-03-01,Q1,63,Automne,24.7,6.399999999999999,10.0,71.0,1011.8,Sec (≤1 mm),202.5,2.0187096774193556,2.6425806451612885,0.8239722442831614,1.2317379058033853,,0,0,0,0
2015-03-05,20.4,28.6,0.0,4.8,9.8,SSE,59.0,SW,SSE,15,35,28,56,1005.9,1008.5,4,4,25.2,23.1,No,No,0,0,1,2015,3,Mar,2015-03-01,Q1,64,Automne,24.5,8.200000000000003,25.0,42.0,1007.2,Sec (≤1 mm),157.5,2.7187096774193584,1.5425806451612871,1.1096896891688224,0.7190149738222388,,0,0,0,0
2015-03-06,16.2,30.9,0.0,8.8,11.3,WSW,44.0,WNW,W,15,24,44,22,1007.6,1003.7,5,1,21.1,29.6,No,No,0,0,1,2015,3,Mar,2015-03-01,Q1,65,Automne,23.549999999999997,14.7,19.5,33.0,1005.6500000000001,Sec (≤1 mm),247.5,5.018709677419356,-2.657419354838712,2.0484755795074183,-1.238654402833045,,0,0,0,0
2015-03-07,19.3,25.4,0.0,8.0,7.3,ENE,43.0,E,ENE,2,24,89,57,1012.8,1009.9,4,2,19.8,24.6,No,No,0,0,1,2015,3,Mar,2015-03-01,Q1,66,Automne,22.35,6.099999999999998,13.0,73.0,1011.3499999999999,Sec (≤1 mm),67.5,-0.4812903225806444,0.44258064516128925,-0.1964472017370525,0.20629204184109395,,0,0,0,0
2015-03-08,19.6,27.6,0.0,5.8,6.7,SSE,35.0,WNW,SSE,11,22,87,62,1011.1,1009.5,7,7,21.0,25.6,No,No,0,0,1,2015,3,Mar,2015-03-01,Q1,67,Automne,23.6,8.0,16.5,74.5,1010.3,Sec (≤1 mm),157.5,1.7187096774193584,0.74258064516129,0.7015219107607369,0.34612556874504313,,0,0,0,0
2015-03-09,20.3,31.2,0.0,4.0,11.0,ENE,31.0,WNW,E,11,24,75,57,1011.9,1009.9,0,1,23.7,27.7,No,No,0,0,1,2015,3,Mar,2015-03-01,Q1,68,Automne,25.75,10.899999999999999,17.5,66.0,1010.9,Sec (≤1 mm),67.5,5.318709677419356,1.4425806451612893,2.170925913029844,0.6724037981875902,,0,0,0,0
2015-03-10,21.1,24.5,0.0,7.2,0.9,SSW,35.0,SSW,E,17,20,79,79,1017.7,1016.5,7,7,22.8,24.0,No,No,0,0,1,2015,3,Mar,2015-03-01,Q1,69,Automne,22.8,3.3999999999999986,18.5,79.0,1017.1,Sec (≤1 mm),202.5,-1.381290322580643,2.24258064516129,-0.5637982023043289,1.0452932032647875,,0,0,0,0
2015-03-11,21.3,27.9,0.0,1.2,7.6,WNW,52.0,WNW,E,11,26,85,65,1016.9,1013.3,6,1,22.5,27.0,No,No,0,0,1,2015,3,Mar,2015-03-01,Q1,70,Automne,24.6,6.599999999999998,18.5,75.0,1015.0999999999999,Sec (≤1 mm),292.5,2.0187096774193556,2.4425806451612893,0.8239722442831614,1.1385155545340864,,0,0,0,0
2015-03-12,20.0,28.7,0.2,6.2,9.8,SE,41.0,SSE,SE,22,22,76,52,1014.9,1013.3,5,6,25.0,27.3,No,No,0,0,1,2015,3,Mar,2015-03-01,Q1,71,Automne,24.35,8.7,22.0,64.0,1014.0999999999999,Sec (≤1 mm),135.0,2.8187096774193563,1.1425806451612885,1.15050646700963,0.532570271283641,,0,0,0,0
2015-03-13,20.1,21.9,0.6,6.2,0.3,SSE,44.0,SSE,S,22,17,70,65,1019.9,1019.5,7,7,20.8,21.4,No,Yes,0,1,1,2015,3,Mar,2015-03-01,Q1,72,Automne,21.0,1.7999999999999972,19.5,67.5,1019.7,Sec (≤1 mm),157.5,-3.9812903225806444,1.24258064516129,-1.625034426165352,0.5791814469182913,,0,0,0,0
2015-03-14,15.8,24.5,1.2,3.4,8.9,NE,31.0,WNW,E,9,19,73,49,1018.7,1014.6,1,2,20.1,23.7,Yes,No,1,0,1,2015,3,Mar,2015-03-01,Q1,73,Automne,20.15,8.7,14.0,61.0,1016.6500000000001,Faible (1-10),45.0,-1.381290322580643,-3.0574193548387107,-0.5637982023043289,-1.4250991053716429,,0,0,0,0
2015-03-15,17.7,24.9,0.0,5.6,5.1,SSE,70.0,SSW,S,26,33,75,51,1010.0,1012.5,6,6,21.8,23.0,No,Yes,0,1,1,2015,3,Mar,2015-03-01,Q1,74,Automne,21.299999999999997,7.199999999999999,29.5,63.0,1011.25,Sec (≤1 mm),157.5,-0.9812903225806444,-1.1574193548387122,-0.4005310909410953,-0.5394867683133007,,0,0,0,0
2015-03-16,16.3,23.6,8.8,7.4,6.1,SSE,37.0,WNW,E,13,13,77,45,1017.2,1015.7,7,5,17.9,23.4,Yes,No,1,0,1,2015,3,Mar,2015-03-01,Q1,75,Automne,19.950000000000003,7.300000000000001,13.0,61.0,1016.45,Faible (1-10),157.5,-2.2812903225806416,-2.5574193548387107,-0.9311492028716053,-1.1920432271983947,,0,0,0,0
2015-03-17,15.3,24.4,0.0,4.8,3.9,N,31.0,WNW,NE,11,17,63,55,1015.9,1012.0,3,7,20.4,22.5,No,No,0,0,1,2015,3,Mar,2015-03-01,Q1,76,Automne,19.85,9.099999999999998,14.0,59.0,1013.95,Sec (≤1 mm),0.0,-1.4812903225806444,-3.5574193548387107,-0.604614980145138,-1.658154983544891,,0,0,0,0
2015-03-18,19.7,29.9,0.0,5.8,7.8,SSE,28.0,NNE,ESE,9,17,76,49,1007.2,1003.7,7,2,22.5,27.2,No,No,0,0,1,2015,3,Mar,2015-03-01,Q1,77,Automne,24.799999999999997,10.2,13.0,62.5,1005.45,Sec (≤1 mm),157.5,4.018709677419356,0.8425806451612878,1.6403078010993326,0.3927367443796918,,0,0,0,0
2015-03-19,19.6,28.9,0.2,3.0,10.5,SSW,35.0,W,ESE,20,19,72,54,1011.5,1010.5,2,1,22.8,27.2,No,No,0,0,1,2015,3,Mar,2015-03-01,Q1,78,Automne,24.25,9.299999999999997,19.5,63.0,1011.0,Sec (≤1 mm),202.5,3.0187096774193556,0.74258064516129,1.232140022691247,0.34612556874504313,,0,0,0,0
2015-03-20,20.0,31.4,0.0,5.2,8.0,SSE,72.0,W,S,13,39,75,65,1010.5,1012.0,1,5,23.8,24.9,No,Yes,0,1,1,2015,3,Mar,2015-03-01,Q1,79,Automne,25.7,11.399999999999999,26.0,70.0,1011.25,Sec (≤1 mm),157.5,5.518709677419356,1.1425806451612885,2.252559468711461,0.532570271283641,,0,0,0,0
2015-03-21,18.3,23.1,2.0,7.6,0.9,SSE,44.0,SE,SE,22,22,75,55,1024.7,1025.3,7,6,19.6,21.7,Yes,Yes,1,1,1,2015,3,Mar,2015-03-01,Q1,80,Automne,20.700000000000003,4.800000000000001,22.0,65.0,1025.0,Faible (1-10),157.5,-2.7812903225806416,-0.5574193548387107,-1.1352330920756482,-0.25981971450540225,,0,0,0,0
2015-03-22,18.6,24.4,2.2,5.4,1.6,ESE,44.0,E,E,24,22,71,59,1024.4,1022.0,7,7,22.2,24.1,Yes,Yes,1,1,1,2015,3,Mar,2015-03-01,Q1,81,Automne,21.5,5.799999999999997,23.0,65.0,1023.2,Faible (1-10),112.5,-1.4812903225806444,-0.25741935483871003,-0.604614980145138,-0.11998618760145306,,0,0,0,0
2015-03-23,18.4,26.5,1.4,3.4,8.7,NNE,41.0,N,NE,9,22,81,64,1018.9,1013.6,1,6,22.8,26.4,Yes,No,1,0,1,2015,3,Mar,2015-03-01,Q1,82,Automne,22.45,8.100000000000001,15.5,72.5,1016.25,Faible (1-10),22.5,0.618709677419357,-0.4574193548387129,0.2525373545118422,-0.21320853887075364,,0,0,0,0
2015-03-24,20.6,27.6,0.2,6.8,2.2,SW,31.0,SW,SE,2,9,86,93,1012.1,1010.4,7,8,22.2,22.5,No,Yes,0,1,1,2015,3,Mar,2015-03-01,Q1,83,Automne,24.1,7.0,5.5,89.5,1011.25,Sec (≤1 mm),225.0,1.7187096774193584,1.74258064516129,0.7015219107607369,0.8122373250915393,,0,0,0,0
2015-03-25,15.0,24.8,22.4,3.4,9.7,SSW,37.0,W,SSE,19,20,72,53,1017.2,1016.5,1,3,18.0,24.2,Yes,No,1,0,1,2015,3,Mar,2015-03-01,Q1,84,Automne,19.9,9.8,19.5,62.5,1016.85,Modérée (10-30),202.5,-1.0812903225806423,-3.8574193548387115,-0.44134786878190296,-1.7979885104488402,,0,0,0,0
2015-03-26,16.9,28.7,0.2,5.8,10.4,WSW,41.0,W,WNW,19,17,70,24,1017.8,1015.1,1,1,20.4,27.8,No,No,0,0,1,2015,3,Mar,2015-03-01,Q1,85,Automne,22.799999999999997,11.8,18.0,47.0,1016.45,Sec (≤1 mm),247.5,2.8187096774193563,-1.9574193548387129,1.15050646700963,-0.9123761733904979,,0,0,0,0
2015-03-27,14.7,27.6,0.0,7.0,11.2,WSW,52.0,W,W,15,22,34,20,1020.5,1017.1,1,0,17.2,26.4,No,No,0,0,1,2015,3,Mar,2015-03-01,Q1,86,Automne,21.15,12.900000000000002,18.5,27.0,1018.8,Sec (≤1 mm),247.5,1.7187096774193584,-4.157419354838712,0.7015219107607369,-1.9378220373527892,,0,0,0,0
2015-03-28,14.7,24.5,0.0,7.0,10.9,W,37.0,W,ESE,24,20,39,45,1023.4,1021.9,1,2,18.5,22.2,No,No,0,0,1,2015,3,Mar,2015-03-01,Q1,87,Automne,19.6,9.8,22.0,42.0,1022.65,Sec (≤1 mm),270.0,-1.381290322580643,-4.157419354838712,-0.5637982023043289,-1.9378220373527892,,0,0,0,0
2015-03-29,15.2,24.7,0.0,5.0,6.4,ENE,31.0,WNW,ENE,11,20,78,59,1023.4,1021.1,7,6,17.3,23.2,No,No,0,0,1,2015,3,Mar,2015-03-01,Q1,88,Automne,19.95,9.5,15.5,68.5,1022.25,Sec (≤1 mm),67.5,-1.1812903225806437,-3.657419354838712,-0.4821646466227121,-1.7047661591795413,,0,0,0,0
2015-03-30,17.3,23.9,0.0,4.8,2.7,NW,28.0,W,ENE,19,19,84,64,1024.3,1022.9,8,5,19.1,23.1,No,Yes,0,1,1,2015,3,Mar,2015-03-01,Q1,89,Automne,20.6,6.599999999999998,19.0,74.0,1023.5999999999999,Sec (≤1 mm),315.0,-1.9812903225806444,-1.5574193548387107,-0.8086988693491808,-0.7259314708518985,,0,0,0,0
2015-03-31,17.3,24.1,14.2,3.0,3.8,ESE,31.0,W,E,6,13,93,58,1026.2,1024.8,7,6,19.7,22.7,Yes,Yes,1,1,1,2015,3,Mar,2015-03-01,Q1,90,Automne,20.700000000000003,6.800000000000001,9.5,75.5,1025.5,Modérée (10-30),112.5,-1.7812903225806416,-1.5574193548387107,-0.7270653136675626,-0.7259314708518985,,0,0,0,0
2015-04-01,17.8,25.3,6.0,4.2,9.9,NNE,39.0,W,ENE,13,17,95,72,1025.0,1021.0,1,5,18.8,23.6,Yes,No,1,0,1,2015,4,Apr,2015-04-01,Q2,91,Automne,21.55,7.5,15.0,83.5,1023.0,Faible (1-10),22.5,1.808301886792453,2.440754716981134,0.648661172422364,1.0650252955729909,,0,0,0,0
2015-04-02,18.5,27.9,0.0,4.2,3.9,S,48.0,N,E,7,11,86,57,1018.9,1016.3,7,7,20.3,27.1,No,No,0,0,1,2015,4,Apr,2015-04-01,Q2,92,Automne,23.2,9.399999999999999,9.0,71.5,1017.5999999999999,Sec (≤1 mm),180.0,4.408301886792451,3.1407547169811334,1.581314652804268,1.370470861944032,,0,0,0,0
2015-04-03,17.9,19.0,0.6,6.4,0.0,S,48.0,SSE,SSW,13,13,91,89,1023.9,1022.9,8,8,18.1,18.5,No,Yes,0,1,1,2015,4,Apr,2015-04-01,Q2,93,Automne,18.45,1.1000000000000014,13.0,90.0,1023.4,Sec (≤1 mm),180.0,-4.491698113207548,2.540754716981132,-1.6112299531184056,1.1086603764831386,,0,0,0,0
2015-04-04,17.7,20.1,24.0,5.4,0.0,ESE,52.0,ESE,SE,33,26,95,93,1020.3,1017.4,8,8,18.0,17.4,Yes,Yes,1,1,1,2015,4,Apr,2015-04-01,Q2,94,Automne,18.9,2.400000000000002,29.5,94.0,1018.8499999999999,Modérée (10-30),112.5,-3.3916981132075463,2.3407547169811327,-1.2166457883414452,1.0213902146628413,,0,0,0,0
2015-04-05,15.5,25.9,21.4,2.2,9.7,W,31.0,W,ESE,13,19,76,54,1010.5,1005.7,4,4,19.9,25.6,Yes,No,1,0,1,2015,4,Apr,2015-04-01,Q2,95,Automne,20.7,10.399999999999999,16.0,65.0,1008.1,Modérée (10-30),270.0,2.408301886792451,0.1407547169811334,0.8638888986643413,0.06141843463956848,,0,0,0,0
2015-04-06,15.8,24.9,0.0,4.0,5.1,N,35.0,WNW,NW,7,15,81,62,1008.0,1006.6,1,8,19.9,20.2,No,No,0,0,1,2015,4,Apr,2015-04-01,Q2,96,Automne,20.35,9.099999999999998,11.0,71.5,1007.3,Sec (≤1 mm),0.0,1.4083018867924508,0.4407547169811341,0.5051760215943779,0.19232367737001513,,0,0,0,0
2015-04-07,15.1,23.0,0.4,3.2,9.8,NW,70.0,WNW,WNW,15,22,67,42,1007.9,1007.2,6,2,20.0,21.2,No,Yes,0,1,1,2015,4,Apr,2015-04-01,Q2,97,Automne,19.05,7.9,18.5,54.5,1007.55,Sec (≤1 mm),315.0,-0.49169811320754775,-0.25924528301886696,-0.176378444838552,-0.11312188900102679,,0,0,0,0
2015-04-08,14.2,22.3,5.8,5.6,4.6,WSW,63.0,WSW,WSW,30,30,43,39,1010.7,1013.1,3,6,18.3,21.0,Yes,No,1,0,1,2015,4,Apr,2015-04-01,Q2,98,Automne,18.25,8.100000000000001,30.0,41.0,1011.9000000000001,Faible (1-10),247.5,-1.191698113207547,-1.1592452830188673,-0.42747745878752613,-0.505837617192366,,0,0,0,0
2015-04-09,15.3,22.2,0.2,6.6,6.1,S,54.0,WSW,S,13,31,49,42,1020.6,1020.2,3,3,18.6,21.2,No,No,0,0,1,2015,4,Apr,2015-04-01,Q2,99,Automne,18.75,6.899999999999999,22.0,45.5,1020.4000000000001,Sec (≤1 mm),180.0,-1.2916981132075485,-0.05924528301886589,-0.46334874649452296,-0.025851727180728767,,0,0,0,0
2015-04-10,14.7,22.4,0.4,5.2,6.0,S,35.0,SSW,S,13,20,82,58,1024.8,1022.8,7,3,16.8,21.7,No,Yes,0,1,1,2015,4,Apr,2015-04-01,Q2,100,Automne,18.549999999999997,7.699999999999999,16.5,70.0,1023.8,Sec (≤1 mm),180.0,-1.0916981132075492,-0.6592452830188673,-0.39160617108053053,-0.28766221264162206,,0,0,0,0
2015-04-11,15.6,22.7,7.8,1.8,4.6,W,22.0,W,E,13,13,94,69,1023.3,1019.6,7,5,17.5,20.4,Yes,No,1,0,1,2015,4,Apr,2015-04-01,Q2,101,Automne,19.15,7.1,13.0,81.5,1021.45,Faible (1-10),270.0,-0.7916981132075485,0.24075471698113304,-0.2839923079595413,0.10505351554971712,,0,0,0,0
2015-04-12,14.8,23.5,0.2,2.0,8.8,SSW,44.0,WNW,SSE,17,28,80,63,1018.7,1018.0,5,7,18.7,21.4,No,No,0,0,1,2015,4,Apr,2015-04-01,Q2,102,Automne,19.15,8.7,22.5,71.5,1018.35,Sec (≤1 mm),202.5,0.008301886792452251,-0.5592452830188659,0.002977993696429677,-0.24402713173147267,,0,0,0,0
2015-04-13,14.8,22.2,0.0,4.0,10.2,SSE,35.0,SW,SSE,13,19,65,50,1023.7,1021.3,3,3,19.1,22.2,No,No,0,0,1,2015,4,Apr,2015-04-01,Q2,103,Automne,18.5,7.399999999999999,16.0,57.5,1022.5,Sec (≤1 mm),157.5,-1.2916981132075485,-0.5592452830188659,-0.46334874649452296,-0.24402713173147267,,0,0,0,0
2015-04-14,14.5,22.4,0.0,4.2,8.5,ENE,24.0,WNW,ENE,13,17,63,54,1023.9,1021.4,5,3,18.2,20.8,No,No,0,0,1,2015,4,Apr,2015-04-01,Q2,104,Automne,18.45,7.899999999999999,15.0,58.5,1022.65,Sec (≤1 mm),67.5,-1.0916981132075492,-0.8592452830188666,-0.39160617108053053,-0.37493237446191935,,0,0,0,0
2015-04-15,15.0,24.2,0.0,5.0,8.7,W,46.0,W,ENE,15,19,72,66,1025.1,1021.6,7,2,18.6,23.2,No,No,0,0,1,2015,4,Apr,2015-04-01,Q2,105,Automne,19.6,9.2,17.0,69.0,1023.3499999999999,Sec (≤1 mm),270.0,0.7083018867924515,-0.3592452830188666,0.2540770076454038,-0.15675696991117544,,0,0,0,0
2015-04-16,17.7,31.7,0.6,3.2,10.4,SSE,41.0,WNW,ENE,4,15,67,44,1022.4,1019.3,6,7,21.6,29.2,No,Yes,0,1,1,2015,4,Apr,2015-04-01,Q2,106,Automne,24.7,14.0,9.5,55.5,1020.8499999999999,Sec (≤1 mm),157.5,8.208301886792452,2.3407547169811327,2.944423585670129,1.0213902146628413,,0,0,0,0
2015-04-17,19.9,23.7,1.6,4.0,0.0,SSE,20.0,E,E,17,13,86,89,1024.6,1021.3,7,8,21.0,21.0,Yes,No,1,0,1,2015,4,Apr,2015-04-01,Q2,107,Automne,21.799999999999997,3.8000000000000007,15.0,87.5,1022.9499999999999,Faible (1-10),157.5,0.20830188679245154,4.540754716981132,0.0747205691104221,1.9813619946861143,,0,0,0,0
2015-04-18,19.7,28.6,0.4,2.0,5.0,NW,54.0,N,N,19,26,71,51,1017.8,1013.9,7,8,23.7,26.1,No,Yes,0,1,1,2015,4,Apr,2015-04-01,Q2,108,Automne,24.15,8.900000000000002,22.5,61.0,1015.8499999999999,Sec (≤1 mm),315.0,5.108301886792454,4.340754716981133,1.8324136667532434,1.894091832865817,,0,0,0,0
2015-04-19,18.0,22.5,2.4,6.6,6.6,S,61.0,WSW,SSE,22,35,50,69,1018.5,1019.6,6,7,19.4,20.0,Yes,Yes,1,1,1,2015,4,Apr,2015-04-01,Q2,109,Automne,20.25,4.5,28.5,59.5,1019.05,Faible (1-10),180.0,-0.9916981132075477,2.6407547169811334,-0.3557348833735337,1.152295457393288,,0,0,0,0
2015-04-20,13.6,17.2,13.2,3.2,0.0,SSE,83.0,S,SSE,24,46,96,94,1023.6,1020.7,8,8,15.0,17.1,Yes,Yes,1,1,1,2015,4,Apr,2015-04-01,Q2,110,Automne,15.399999999999999,3.5999999999999996,35.0,95.0,1022.1500000000001,Modérée (10-30),157.5,-6.2916981132075485,-1.759245283018867,-2.25691313184434,-0.7676481026532586,,0,1,0,0
2015-04-21,14.5,17.7,119.4,4.8,0.0,SSE,87.0,SSE,S,54,46,87,96,1019.6,1016.8,8,8,14.9,14.6,Yes,Yes,1,1,1,2015,4,Apr,2015-04-01,Q2,111,Automne,16.1,3.1999999999999993,50.0,91.5,1018.2,Forte (>30),157.5,-5.7916981132075485,-0.8592452830188666,-2.0775566933093583,-0.37493237446191935,,1,1,0,0
2015-04-22,14.1,17.9,105.8,4.8,0.6,S,72.0,SSW,SSW,20,22,98,94,1013.4,1010.5,8,7,16.1,17.2,Yes,Yes,1,1,1,2015,4,Apr,2015-04-01,Q2,112,Automne,16.0,3.799999999999999,21.0,96.0,1011.95,Forte (>30),180.0,-5.591698113207549,-1.259245283018867,-2.005814117895366,-0.5494726981025146,,1,0,0,0
2015-04-23,14.3,23.8,29.0,4.8,8.6,SSE,26.0,WNW,SE,13,7,98,56,1012.3,1009.6,4,4,16.4,23.1,Yes,No,1,0,1,2015,4,Apr,2015-04-01,Q2,113,Automne,19.05,9.5,10.0,77.0,1010.95,Modérée (10-30),157.5,0.30830188679245296,-1.059245283018866,0.11059185681741894,-0.4622025362822166,,0,0,0,0
2015-04-24,15.0,25.1,0.0,2.2,8.5,W,19.0,WNW,E,11,13,89,59,1008.0,1004.4,4,4,17.3,23.9,No,No,0,0,1,2015,4,Apr,2015-04-01,Q2,114,Automne,20.05,10.100000000000001,12.0,74.0,1006.2,Sec (≤1 mm),270.0,1.6083018867924537,-0.3592452830188666,0.5769185970083716,-0.15675696991117544,,0,0,0,0
2015-04-25,14.4,25.9,0.2,4.4,8.1,SSE,57.0,W,ENE,17,19,78,49,1008.8,1004.7,3,3,17.2,22.5,No,Yes,0,1,1,2015,4,Apr,2015-04-01,Q2,115,Automne,20.15,11.499999999999998,18.0,63.5,1006.75,Sec (≤1 mm),157.5,2.408301886792451,-0.9592452830188662,0.8638888986643413,-0.41856745537206796,,0,0,0,0
2015-04-26,12.7,17.1,13.0,4.0,1.3,SW,48.0,W,SW,19,19,81,81,1008.0,1010.4,6,6,13.8,16.2,Yes,Yes,1,1,1,2015,4,Apr,2015-04-01,Q2,116,Automne,14.9,4.400000000000002,19.0,81.0,1009.2,Modérée (10-30),225.0,-6.391698113207546,-2.6592452830188673,-2.2927844195513356,-1.1603638308445978,,0,0,0,0
2015-04-27,12.5,20.9,4.0,0.4,10.5,S,35.0,W,SSE,19,17,59,41,1018.9,1019.0,1,1,15.3,20.7,Yes,No,1,0,1,2015,4,Apr,2015-04-01,Q2,117,Automne,16.7,8.399999999999999,18.0,50.0,1018.95,Faible (1-10),180.0,-2.591698113207549,-2.8592452830188666,-0.9296754866854756,-1.247633992664895,,0,0,0,0
2015-04-28,10.3,20.9,0.2,5.6,10.4,SSE,39.0,WNW,S,20,22,63,50,1026.1,1024.5,1,1,14.0,20.1,No,No,0,0,1,2015,4,Apr,2015-04-01,Q2,118,Automne,15.6,10.599999999999998,21.0,56.5,1025.3,Sec (≤1 mm),157.5,-2.591698113207549,-5.059245283018866,-0.9296754866854756,-2.2076057726881677,,0,0,0,0
2015-04-29,10.6,18.9,0.0,4.0,0.9,SSE,37.0,WNW,SE,20,17,81,77,1030.6,1028.9,6,7,14.0,17.5,No,Yes,0,1,1,2015,4,Apr,2015-04-01,Q2,119,Automne,14.75,8.299999999999999,18.5,79.0,1029.75,Sec (≤1 mm),157.5,-4.591698113207549,-4.759245283018867,-1.6471012408254024,-2.076700529957722,,0,0,0,0
2015-04-30,14.0,20.9,10.2,3.8,3.0,SSE,33.0,SSE,SE,17,17,92,65,1031.3,1028.4,8,6,16.0,20.4,Yes,Yes,1,1,1,2015,4,Apr,2015-04-01,Q2,120,Automne,17.45,6.899999999999999,17.0,78.5,1029.85,Modérée (10-30),157.5,-2.591698113207549,-1.3592452830188666,-0.9296754866854756,-0.5931077790126632,,0,0,0,0
2015-05-01,14.1,21.7,28.4,2.2,1.0,E,41.0,SSW,ESE,17,15,98,83,1028.2,1024.5,8,7,16.7,19.8,Yes,Yes,1,1,1,2015,5,May,2015-05-01,Q2,121,Automne,17.9,7.6,16.0,90.5,1026.35,Modérée (10-30),90.0,0.5464516129032226,1.9893548387096764,0.2129226943479597,0.9514032796813079,,0,0,0,0
2015-05-02,16.6,23.0,8.6,2.6,2.3,ESE,52.0,ESE,NE,20,17,79,95,1020.6,1016.5,7,7,21.7,19.0,Yes,Yes,1,1,1,2015,5,May,2015-05-01,Q2,122,Automne,19.8,6.399999999999999,18.5,87.0,1018.55,Faible (1-10),112.5,1.8464516129032233,4.489354838709678,0.7194625162029085,2.1470211518282425,,0,0,0,0
2015-05-03,18.9,20.9,31.6,1.2,0.4,SSW,50.0,SSW,S,15,22,98,86,1014.8,1012.8,8,6,19.0,20.8,Yes,No,1,0,1,2015,5,May,2015-05-01,Q2,123,Automne,19.9,2.0,18.5,92.0,1013.8,Forte (>30),202.5,-0.25354838709677807,6.789354838709675,-0.09879411910123959,3.24698959420342,Nuit chaude extrême,0,0,0,0
2015-05-04,17.3,21.8,0.4,1.8,0.3,S,28.0,W,SSE,17,7,83,66,1016.0,1013.2,7,6,18.3,21.6,No,No,0,0,1,2015,5,May,2015-05-01,Q2,124,Automne,19.55,4.5,12.0,74.5,1014.6,Sec (≤1 mm),180.0,0.6464516129032241,5.1893548387096775,0.25188729602911014,2.4817941560293835,,0,0,0,0
2015-05-05,14.7,27.5,0.0,1.6,9.8,W,41.0,NNW,NNW,20,26,84,33,1008.3,1003.9,4,1,19.0,27.0,No,No,0,0,1,2015,5,May,2015-05-01,Q2,125,Automne,21.1,12.8,23.0,58.5,1006.0999999999999,Sec (≤1 mm),270.0,6.346451612903223,2.589354838709676,2.472869591854653,1.2383515689965718,,0,0,0,0
2015-05-06,13.4,21.0,0.2,6.4,10.0,W,46.0,W,WSW,28,26,41,29,1014.0,1012.5,0,0,15.3,20.4,No,No,0,0,1,2015,5,May,2015-05-01,Q2,126,Automne,17.2,7.6,27.0,35.0,1013.25,Sec (≤1 mm),270.0,-0.15354838709677665,1.2893548387096772,-0.05982951742008916,0.6166302754801668,,0,0,0,0
2015-05-07,11.5,20.3,0.0,6.6,10.3,W,56.0,W,WSW,19,30,51,31,1018.2,1015.4,1,1,15.1,19.8,No,No,0,0,1,2015,5,May,2015-05-01,Q2,127,Automne,15.9,8.8,24.5,41.0,1016.8,Sec (≤1 mm),270.0,-0.8535483870967759,-0.6106451612903232,-0.33258172918813805,-0.2920393073515029,,0,0,0,0
2015-05-08,11.1,21.0,0.0,5.2,10.3,W,35.0,W,WNW,22,11,51,31,1019.4,1016.1,1,0,13.8,20.5,No,No,0,0,1,2015,5,May,2015-05-01,Q2,128,Automne,16.05,9.9,16.5,41.0,1017.75,Sec (≤1 mm),270.0,-0.15354838709677665,-1.0106451612903236,-0.05982951742008916,-0.48333816689501247,,0,0,0,0
2015-05-09,11.4,21.0,0.0,2.8,10.3,WNW,35.0,W,NW,19,19,52,36,1017.1,1013.9,1,1,14.5,20.7,No,No,0,0,1,2015,5,May,2015-05-01,Q2,129,Automne,16.2,9.6,19.0,44.0,1015.5,Sec (≤1 mm),292.5,-0.15354838709677665,-0.7106451612903228,-0.05982951742008916,-0.3398640222373801,,0,0,0,0
2015-05-10,11.3,21.2,0.0,4.8,7.8,NW,52.0,N,WNW,20,26,49,33,1011.3,1006.0,1,5,15.4,20.8,No,No,0,0,1,2015,5,May,2015-05-01,Q2,130,Automne,16.25,9.899999999999999,23.0,41.0,1008.65,Sec (≤1 mm),315.0,0.04645161290322264,-0.8106451612903225,0.01809968594221032,-0.3876887371232573,,0,0,0,0
2015-05-11,15.4,21.9,0.0,5.0,10.2,WNW,70.0,WNW,WSW,17,39,48,35,1010.2,1009.6,1,1,16.8,21.1,No,No,0,0,1,2015,5,May,2015-05-01,Q2,131,Automne,18.65,6.499999999999998,28.0,41.5,1009.9000000000001,Sec (≤1 mm),292.5,0.7464516129032219,3.289354838709677,0.2908518977102592,1.5731245731977137,,0,0,0,0
2015-05-12,12.2,22.5,0.0,6.6,10.3,W,52.0,NW,W,11,30,56,34,1014.3,1010.2,0,1,16.2,21.9,No,No,0,0,1,2015,5,May,2015-05-01,Q2,132,Automne,17.35,10.3,20.5,45.0,1012.25,Sec (≤1 mm),270.0,1.3464516129032233,0.08935483870967609,0.5246395077971591,0.04273369684963815,,0,0,0,0
2015-05-13,13.2,17.3,0.0,4.6,7.7,W,59.0,W,SW,33,13,42,32,1015.3,1016.3,1,6,13.9,16.4,No,Yes,0,1,1,2015,5,May,2015-05-01,Q2,133,Automne,15.25,4.100000000000001,23.0,37.0,1015.8,Sec (≤1 mm),270.0,-3.853548387096776,1.089354838709676,-1.5015197796226345,0.5209808457084116,,0,0,0,0
2015-05-14,7.9,19.3,2.2,4.0,10.1,W,46.0,W,W,28,20,49,34,1024.7,1024.2,1,2,11.3,18.4,Yes,No,1,0,1,2015,5,May,2015-05-01,Q2,134,Automne,13.600000000000001,11.4,24.0,41.5,1024.45,Faible (1-10),270.0,-1.853548387096776,-4.210645161290323,-0.7222277459996368,-2.013729043243087,,0,0,0,0
2015-05-15,10.2,20.0,0.2,4.4,7.8,S,48.0,W,SSW,22,24,59,61,1031.4,1031.1,1,5,14.2,17.8,No,No,0,0,1,2015,5,May,2015-05-01,Q2,135,Automne,15.1,9.8,23.0,60.0,1031.25,Sec (≤1 mm),180.0,-1.1535483870967767,-1.910645161290324,-0.4494755342315879,-0.9137606008679088,,0,0,0,0
2015-05-16,13.0,20.8,0.8,2.8,9.3,S,41.0,SW,S,19,20,87,50,1035.4,1033.7,3,3,15.1,19.6,No,No,0,0,1,2015,5,May,2015-05-01,Q2,136,Automne,16.9,7.800000000000001,19.5,68.5,1034.5500000000002,Sec (≤1 mm),180.0,-0.35354838709677594,0.8893548387096768,-0.13775872078238866,0.42533141593665724,,0,0,0,0
2015-05-17,11.1,20.5,0.6,3.0,3.0,W,24.0,W,ESE,17,17,89,66,1035.5,1032.2,3,6,13.0,18.4,No,No,0,0,1,2015,5,May,2015-05-01,Q2,137,Automne,15.8,9.4,17.0,77.5,1033.85,Sec (≤1 mm),270.0,-0.6535483870967767,-1.0106451612903236,-0.2546525258258386,-0.48333816689501247,,0,0,0,0
2015-05-18,11.5,19.3,0.0,2.0,0.5,W,20.0,W,SE,15,2,91,84,1031.8,1027.3,7,8,13.8,18.2,No,No,0,0,1,2015,5,May,2015-05-01,Q2,138,Automne,15.4,7.800000000000001,8.5,87.5,1029.55,Sec (≤1 mm),270.0,-1.853548387096776,-0.6106451612903232,-0.7222277459996368,-0.2920393073515029,,0,0,0,0
2015-05-19,13.8,21.5,0.2,0.4,1.8,NNW,28.0,NNE,NE,2,7,84,66,1020.6,1015.5,8,6,16.9,20.9,No,No,0,0,1,2015,5,May,2015-05-01,Q2,139,Automne,17.65,7.699999999999999,4.5,75.0,1018.05,Sec (≤1 mm),337.5,0.34645161290322335,1.6893548387096775,0.13499349098566024,0.8079291350236764,,0,0,0,0
2015-05-20,16.2,25.4,0.4,1.4,5.8,NW,31.0,NW,ENE,17,19,79,58,1015.9,1013.4,7,7,17.4,21.6,No,No,0,0,1,2015,5,May,2015-05-01,Q2,140,Automne,20.799999999999997,9.2,18.0,68.5,1014.65,Sec (≤1 mm),315.0,4.246451612903222,4.089354838709676,1.654612956550505,1.955722292284732,,0,0,0,0
2015-05-21,14.5,21.8,0.2,4.0,5.8,S,41.0,W,S,20,19,67,58,1018.6,1016.9,1,5,16.5,19.2,No,Yes,0,1,1,2015,5,May,2015-05-01,Q2,141,Automne,18.15,7.300000000000001,19.5,62.5,1017.75,Sec (≤1 mm),180.0,0.6464516129032241,2.389354838709677,0.25188729602911014,1.1427021392248173,,0,0,0,0
2015-05-22,13.0,17.7,11.2,3.4,1.4,S,72.0,S,S,31,30,94,56,1016.9,1020.4,8,6,15.2,16.9,Yes,Yes,1,1,1,2015,5,May,2015-05-01,Q2,142,Automne,15.35,4.699999999999999,30.5,75.0,1018.65,Modérée (10-30),180.0,-3.4535483870967774,0.8893548387096768,-1.3456613728980356,0.42533141593665724,,0,0,0,0
2015-05-23,10.2,19.0,24.4,5.6,8.6,SSW,44.0,W,S,26,22,69,50,1029.1,1028.1,3,3,11.8,17.9,Yes,No,1,0,1,2015,5,May,2015-05-01,Q2,143,Automne,14.6,8.8,24.0,59.5,1028.6,Modérée (10-30),202.5,-2.1535483870967767,-1.910645161290324,-0.8391215510430867,-0.9137606008679088,,0,0,0,0
2015-05-24,8.3,20.3,0.2,2.8,8.1,W,35.0,W,ESE,19,6,87,44,1032.3,1030.7,3,2,10.1,18.9,No,No,0,0,1,2015,5,May,2015-05-01,Q2,144,Automne,14.3,12.0,12.5,65.5,1031.5,Sec (≤1 mm),270.0,-0.8535483870967759,-3.8106451612903225,-0.33258172918813805,-1.8224301836995775,,0,0,0,0
2015-05-25,9.4,19.5,0.0,2.6,6.0,W,26.0,WNW,NNW,11,7,84,52,1032.2,1028.5,7,7,11.4,18.2,No,No,0,0,1,2015,5,May,2015-05-01,Q2,145,Automne,14.45,10.1,9.0,68.0,1030.35,Sec (≤1 mm),270.0,-1.6535483870967767,-2.710645161290323,-0.6442985426373373,-1.2963583199549271,,0,0,0,0
2015-05-26,8.5,19.0,0.0,2.0,5.9,WNW,30.0,W,SSE,24,9,77,55,1030.0,1026.6,3,7,10.4,17.9,No,No,0,0,1,2015,5,May,2015-05-01,Q2,146,Automne,13.75,10.5,16.5,66.0,1028.3,Sec (≤1 mm),292.5,-2.1535483870967767,-3.610645161290323,-0.8391215510430867,-1.7267807539278233,,0,0,0,0
2015-05-27,10.4,21.6,0.0,3.2,8.3,W,26.0,W,WNW,15,9,69,40,1025.4,1021.6,6,6,13.1,20.5,No,No,0,0,1,2015,5,May,2015-05-01,Q2,147,Automne,16.0,11.200000000000001,12.0,54.5,1023.5,Sec (≤1 mm),270.0,0.44645161290322477,-1.7106451612903228,0.17395809266681067,-0.8181111710961536,,0,0,0,0
2015-05-28,11.7,21.0,0.0,1.4,7.6,NNW,24.0,WNW,ENE,11,4,82,60,1023.6,1020.2,1,5,13.6,20.3,No,No,0,0,1,2015,5,May,2015-05-01,Q2,148,Automne,16.35,9.3,7.5,71.0,1021.9000000000001,Sec (≤1 mm),337.5,-0.15354838709677665,-0.4106451612903239,-0.05982951742008916,-0.19638987757974857,,0,0,0,0
2015-05-29,13.6,19.2,0.0,2.0,0.6,NW,26.0,W,WNW,9,7,79,65,1020.6,1020.1,8,6,17.3,18.7,No,No,0,0,1,2015,5,May,2015-05-01,Q2,149,Automne,16.4,5.6,8.0,72.0,1020.35,Sec (≤1 mm),315.0,-1.9535483870967774,1.4893548387096764,-0.7611923476807873,0.7122797052519212,,0,0,0,0
2015-05-30,11.1,18.3,0.2,2.4,1.1,W,28.0,WNW,WNW,11,9,84,52,1022.0,1017.8,7,7,13.1,17.0,No,No,0,0,1,2015,5,May,2015-05-01,Q2,150,Automne,14.7,7.200000000000001,10.0,68.0,1019.9,Sec (≤1 mm),270.0,-2.853548387096776,-1.0106451612903236,-1.1118737628111357,-0.48333816689501247,,0,0,0,0
2015-05-31,11.5,15.0,0.0,3.4,0.0,W,30.0,WNW,NW,11,13,78,59,1016.5,1012.3,8,7,12.1,14.5,No,No,0,0,1,2015,5,May,2015-05-01,Q2,151,Automne,13.25,3.5,12.0,68.5,1014.4,Sec (≤1 mm),270.0,-6.153548387096777,-0.6106451612903232,-2.397705618289082,-0.2920393073515029,,0,0,0,0
2015-06-01,10.1,15.9,0.0,0.4,8.6,WSW,63.0,WSW,SW,28,26,47,25,1014.7,1016.7,5,2,13.4,14.8,No,No,0,0,1,2015,6,Jun,2015-06-01,Q2,152,Hiver,13.0,5.800000000000001,27.0,36.0,1015.7,Sec (≤1 mm),247.5,-2.4762068965517248,-0.4382758620689664,-1.2192097995221127,-0.1939333678130403,,0,0,0,0
2015-06-02,6.1,16.6,0.2,4.6,9.1,WSW,50.0,WSW,S,31,20,47,41,1023.8,1022.4,1,1,9.5,15.6,No,No,0,0,1,2015,6,Jun,2015-06-01,Q2,153,Hiver,11.350000000000001,10.500000000000002,25.5,44.0,1023.0999999999999,Sec (≤1 mm),247.5,-1.7762068965517237,-4.438275862068966,-0.8745508532709093,-1.9638995886086839,,0,0,0,0
2015-06-03,6.1,18.4,0.0,3.2,8.8,W,35.0,W,SSW,22,11,64,56,1023.2,1020.7,1,6,8.8,15.6,No,No,0,0,1,2015,6,Jun,2015-06-01,Q2,154,Hiver,12.25,12.299999999999999,16.5,60.0,1021.95,Sec (≤1 mm),270.0,0.023793103448273456,-4.438275862068966,0.011715008517896846,-1.9638995886086839,,0,0,0,0
2015-06-04,7.4,19.0,0.0,1.2,9.0,W,33.0,WNW,ENE,17,9,82,53,1022.0,1017.8,3,2,8.9,17.5,No,No,0,0,1,2015,6,Jun,2015-06-01,Q2,155,Hiver,13.2,11.6,13.0,67.5,1019.9,Sec (≤1 mm),270.0,0.6237931034482749,-3.1382758620689657,0.30713696244750005,-1.3886605668500993,,0,0,0,0
2015-06-05,8.9,17.7,0.0,4.0,6.9,W,33.0,WSW,SSW,19,7,69,42,1019.3,1019.3,7,1,10.2,16.8,No,No,0,0,1,2015,6,Jun,2015-06-01,Q2,156,Hiver,13.3,8.799999999999999,13.0,55.5,1019.3,Sec (≤1 mm),270.0,-0.6762068965517258,-1.6382758620689657,-0.3329439377333057,-0.7249232340517331,,0,0,0,0
2015-06-06,10.1,21.0,1.0,1.8,6.1,W,28.0,W,W,20,4,66,45,1028.3,1027.0,2,1,11.9,20.6,No,No,0,0,1,2015,6,Jun,2015-06-01,Q2,157,Hiver,15.55,10.9,12.0,55.5,1027.65,Sec (≤1 mm),270.0,2.623793103448275,-0.4382758620689664,1.2918768088795085,-0.1939333678130403,,0,0,0,0
2015-06-07,9.3,22.6,0.0,2.2,9.5,NW,24.0,W,N,17,15,89,43,1029.0,1024.1,1,5,10.8,21.3,No,No,0,0,1,2015,6,Jun,2015-06-01,Q2,158,Hiver,15.950000000000001,13.3,16.0,66.0,1026.55,Sec (≤1 mm),315.0,4.223793103448276,-1.2382758620689653,2.0796686860251157,-0.5479266119721685,,0,0,1,0
2015-06-08,10.8,22.9,0.0,2.8,8.1,WNW,52.0,WNW,WNW,15,19,67,36,1024.5,1019.5,5,1,14.8,22.5,No,No,0,0,1,2015,6,Jun,2015-06-01,Q2,159,Hiver,16.85,12.099999999999998,17.0,51.5,1022.0,Sec (≤1 mm),292.5,4.5237931034482735,0.26172413793103466,2.227379662989916,0.1158107208261978,,0,0,1,0
2015-06-09,13.6,22.6,0.0,4.0,6.5,NNW,30.0,WNW,WSW,13,19,57,29,1020.7,1019.5,6,5,17.1,21.9,No,Yes,0,1,1,2015,6,Jun,2015-06-01,Q2,160,Hiver,18.1,9.000000000000002,16.0,43.0,1020.1,Sec (≤1 mm),337.5,4.223793103448276,3.0617241379310336,2.0796686860251157,1.354787075383148,,0,0,1,0
2015-06-10,12.8,14.6,2.0,3.0,0.0,SSE,31.0,W,SSW,11,9,94,92,1031.1,1031.2,7,7,12.9,14.2,Yes,Yes,1,1,1,2015,6,Jun,2015-06-01,Q2,161,Hiver,13.7,1.799999999999999,10.0,93.0,1031.15,Faible (1-10),157.5,-3.7762068965517255,2.2617241379310347,-1.8592906997029186,1.0007938312240197,,0,0,0,0
2015-06-11,11.7,16.1,6.6,0.6,0.2,W,24.0,W,N,9,4,83,69,1036.8,1034.4,7,7,13.3,15.9,Yes,No,1,0,1,2015,6,Jun,2015-06-01,Q2,162,Hiver,13.9,4.400000000000002,6.5,76.0,1035.6,Faible (1-10),270.0,-2.2762068965517237,1.1617241379310332,-1.1207358148789115,0.514053120505217,,0,0,0,0
2015-06-12,12.6,19.4,0.4,1.4,0.7,W,24.0,W,NNW,13,4,88,57,1034.6,1031.5,7,6,13.5,19.2,No,No,0,0,1,2015,6,Jun,2015-06-01,Q2,163,Hiver,16.0,6.799999999999999,8.5,72.5,1033.05,Sec (≤1 mm),270.0,1.0237931034482735,2.0617241379310336,0.504084931733901,0.9122955201842369,,0,0,0,0
2015-06-13,13.1,19.7,0.0,2.4,4.5,NNW,33.0,W,NNW,17,11,85,46,1031.3,1027.1,7,7,13.8,19.0,No,No,0,0,1,2015,6,Jun,2015-06-01,Q2,164,Hiver,16.4,6.6,14.0,65.5,1029.1999999999998,Sec (≤1 mm),337.5,1.3237931034482742,2.5617241379310336,0.6517959086987026,1.1335412977836923,,0,0,0,0
2015-06-14,9.5,19.9,0.0,2.0,8.3,WSW,24.0,W,E,19,6,88,52,1028.5,1025.7,4,3,11.2,18.6,No,No,0,0,1,2015,6,Jun,2015-06-01,Q2,165,Hiver,14.7,10.399999999999999,12.5,70.0,1027.1,Sec (≤1 mm),247.5,1.5237931034482735,-1.038275862068966,0.7502698933419032,-0.4594283009323867,,0,0,0,0
2015-06-15,10.9,16.9,0.2,4.0,0.6,NE,39.0,WNW,W,13,9,85,79,1027.8,1025.2,7,7,12.9,16.4,No,Yes,0,1,1,2015,6,Jun,2015-06-01,Q2,166,Hiver,13.899999999999999,5.999999999999998,11.0,82.0,1026.5,Sec (≤1 mm),45.0,-1.4762068965517265,0.3617241379310343,-0.7268398763061095,0.16005987634608873,,0,0,0,0
2015-06-16,12.9,17.9,2.6,4.8,0.3,WNW,24.0,N,NNE,9,7,85,94,1022.8,1018.3,7,7,16.5,15.8,Yes,Yes,1,1,1,2015,6,Jun,2015-06-01,Q2,167,Hiver,15.399999999999999,4.999999999999998,8.0,89.5,1020.55,Faible (1-10),292.5,-0.47620689655172654,2.3617241379310343,-0.23446995309010527,1.0450429867439106,,0,0,0,0
2015-06-17,14.7,17.6,10.8,0.6,0.0,NW,30.0,N,W,9,7,95,92,1012.5,1009.1,8,8,16.0,16.4,Yes,Yes,1,1,1,2015,6,Jun,2015-06-01,Q2,168,Hiver,16.15,2.900000000000002,8.0,93.5,1010.8,Modérée (10-30),315.0,-0.7762068965517237,4.161724137931033,-0.3821809300549051,1.8415277861019497,,0,0,0,0
2015-06-18,11.4,17.4,2.2,1.0,0.8,W,39.0,W,SSW,17,13,80,84,1014.4,1013.6,7,7,13.5,15.8,Yes,Yes,1,1,1,2015,6,Jun,2015-06-01,Q2,169,Hiver,14.399999999999999,5.999999999999998,15.0,82.0,1014.0,Faible (1-10),270.0,-0.9762068965517265,0.8617241379310343,-0.48065491469810734,0.38130565394554417,,0,0,0,0
2015-06-19,9.6,14.5,67.0,4.8,2.5,W,41.0,W,SSW,24,20,98,88,1017.2,1017.5,7,7,9.9,12.5,Yes,Yes,1,1,1,2015,6,Jun,2015-06-01,Q2,170,Hiver,12.05,4.9,22.0,93.0,1017.35,Forte (>30),270.0,-3.876206896551725,-0.9382758620689664,-1.9085276920245189,-0.41517914541249573,,1,0,0,0
2015-06-20,8.3,16.6,7.2,2.2,8.6,W,41.0,W,SSW,15,13,76,59,1024.1,1023.4,2,7,9.8,14.1,Yes,Yes,1,1,1,2015,6,Jun,2015-06-01,Q2,171,Hiver,12.450000000000001,8.3,14.0,67.5,1023.75,Faible (1-10),270.0,-1.7762068965517237,-2.2382758620689653,-0.8745508532709093,-0.9904181671710794,,0,0,0,0
2015-06-21,8.5,14.1,1.2,2.2,0.0,W,33.0,W,SSW,20,11,90,88,1028.7,1027.6,7,7,9.1,13.7,Yes,Yes,1,1,1,2015,6,Jun,2015-06-01,Q2,172,Hiver,11.3,5.6,15.5,89.0,1028.15,Faible (1-10),270.0,-4.2762068965517255,-2.038275862068966,-2.105475661310921,-0.9019198561312975,,0,0,0,0
2015-06-22,8.0,19.2,3.0,0.6,7.7,W,22.0,WNW,NNE,13,7,94,45,1029.6,1026.1,1,7,9.3,17.5,Yes,No,1,0,1,2015,6,Jun,2015-06-01,Q2,173,Hiver,13.6,11.2,10.0,69.5,1027.85,Faible (1-10),270.0,0.8237931034482742,-2.538275862068966,0.40561094709070056,-1.123165633730753,,0,0,0,0
2015-06-23,8.0,20.3,0.0,2.0,8.1,NNW,26.0,W,NNE,13,9,85,47,1026.5,1023.3,1,4,10.2,18.7,No,No,0,0,1,2015,6,Jun,2015-06-01,Q2,174,Hiver,14.15,12.3,11.0,66.0,1024.9,Sec (≤1 mm),337.5,1.9237931034482756,-2.538275862068966,0.9472178626283059,-1.123165633730753,,0,0,0,0
2015-06-24,10.2,21.3,0.0,3.0,6.5,W,24.0,W,ESE,11,6,82,41,1023.2,1019.9,5,7,13.2,20.0,No,No,0,0,1,2015,6,Jun,2015-06-01,Q2,175,Hiver,15.75,11.100000000000001,8.5,61.5,1021.55,Sec (≤1 mm),270.0,2.9237931034482756,-0.33827586206896676,1.43958778584431,-0.14968421229314938,,0,0,0,0
2015-06-25,12.7,19.4,0.0,2.4,4.2,SSE,37.0,W,SSE,19,20,77,74,1023.3,1023.5,6,7,15.2,17.6,No,Yes,0,1,1,2015,6,Jun,2015-06-01,Q2,176,Hiver,16.049999999999997,6.699999999999999,19.5,75.5,1023.4,Sec (≤1 mm),157.5,1.0237931034482735,2.1617241379310332,0.504084931733901,0.9565446757041278,,0,0,0,0
2015-06-26,10.1,19.2,6.2,2.0,7.2,W,26.0,WNW,NNE,19,2,85,40,1032.9,1031.1,1,3,11.7,18.7,Yes,No,1,0,1,2015,6,Jun,2015-06-01,Q2,177,Hiver,14.649999999999999,9.1,10.5,62.5,1032.0,Faible (1-10),270.0,0.8237931034482742,-0.4382758620689664,0.40561094709070056,-0.1939333678130403,,0,0,0,0
2015-06-27,8.3,19.4,0.0,1.8,9.7,W,26.0,WNW,W,15,11,87,44,1032.6,1029.2,0,1,9.7,19.0,No,No,0,0,1,2015,6,Jun,2015-06-01,Q2,178,Hiver,13.85,11.099999999999998,13.0,65.5,1030.9,Sec (≤1 mm),270.0,1.0237931034482735,-2.2382758620689653,0.504084931733901,-0.9904181671710794,,0,0,0,0
2015-06-28,7.4,19.6,0.0,2.6,9.5,W,28.0,W,ESE,20,9,73,53,1032.9,1030.9,0,1,9.3,18.5,No,No,0,0,1,2015,6,Jun,2015-06-01,Q2,179,Hiver,13.5,12.200000000000001,14.5,63.0,1031.9,Sec (≤1 mm),270.0,1.2237931034482763,-3.1382758620689657,0.6025589163771032,-1.3886605668500993,,0,0,0,0
2015-06-29,9.3,19.5,0.0,1.0,5.1,W,22.0,W,E,19,9,84,54,1033.4,1030.0,7,6,11.0,17.8,No,No,0,0,1,2015,6,Jun,2015-06-01,Q2,180,Hiver,14.4,10.2,14.0,69.0,1031.7,Sec (≤1 mm),270.0,1.1237931034482749,-1.2382758620689653,0.5533219240555022,-0.5479266119721685,,0,0,0,0
2015-06-30,9.0,19.1,0.0,1.2,4.3,W,28.0,W,ENE,22,7,94,56,1029.4,1025.0,7,5,10.7,17.9,No,No,0,0,1,2015,6,Jun,2015-06-01,Q2,181,Hiver,14.05,10.100000000000001,14.5,75.0,1027.2,Sec (≤1 mm),270.0,0.7237931034482763,-1.538275862068966,0.35637395476910116,-0.6806740785318421,,0,0,0,0
2015-07-01,10.7,17.5,1.0,0.6,8.7,W,33.0,W,NW,19,9,85,37,1026.2,1022.6,5,1,12.0,17.4,No,No,0,0,1,2015,7,Jul,2015-07-01,Q3,182,Hiver,14.1,6.800000000000001,14.0,61.0,1024.4,Sec (≤1 mm),270.0,-0.5065217391304344,1.7068840579710134,-0.21382604806622274,0.8319250174380419,,0,0,0,0
2015-07-02,7.0,16.4,0.0,3.0,8.1,WSW,65.0,W,WSW,22,33,70,40,1020.0,1016.8,7,1,8.4,16.1,No,No,0,0,1,2015,7,Jul,2015-07-01,Q3,183,Hiver,11.7,9.399999999999999,27.5,55.0,1018.4,Sec (≤1 mm),247.5,-1.6065217391304358,-1.993115942028986,-0.6781864786306387,-0.9714327151192257,,0,0,0,0
2015-07-03,6.2,16.2,0.0,4.0,9.3,W,44.0,W,SSE,26,15,55,46,1026.5,1024.6,1,1,8.1,15.9,No,No,0,0,1,2015,7,Jul,2015-07-01,Q3,184,Hiver,11.2,10.0,20.5,50.5,1025.55,Sec (≤1 mm),270.0,-1.8065217391304351,-2.7931159420289857,-0.7626156478241685,-1.3613479005370133,,0,0,0,0
2015-07-04,5.8,16.1,0.0,0.2,6.8,W,31.0,WNW,WNW,13,11,82,31,1022.7,1020.3,6,2,7.6,15.5,No,No,0,0,1,2015,7,Jul,2015-07-01,Q3,185,Hiver,10.950000000000001,10.3,12.0,56.5,1021.5,Sec (≤1 mm),270.0,-1.906521739130433,-3.193115942028986,-0.8048302324209327,-1.5563054932459073,,0,0,0,0
2015-07-05,6.0,18.6,0.0,1.6,9.3,W,30.0,W,ESE,20,4,66,35,1022.2,1018.0,1,1,7.7,16.6,No,No,0,0,1,2015,7,Jul,2015-07-01,Q3,186,Hiver,12.3,12.600000000000001,12.0,50.5,1020.1,Sec (≤1 mm),270.0,0.593478260869567,-2.993115942028986,0.25053438249819326,-1.4588266968914603,,0,0,0,0
2015-07-06,6.0,17.3,0.0,3.2,9.5,W,37.0,WNW,W,17,22,58,34,1016.3,1013.3,1,1,8.6,17.1,No,No,0,0,1,2015,7,Jul,2015-07-01,Q3,187,Hiver,11.65,11.3,19.5,46.0,1014.8,Sec (≤1 mm),270.0,-0.7065217391304337,-2.993115942028986,-0.2982552172597525,-1.4588266968914603,,0,0,0,0
2015-07-07,7.8,14.7,0.0,3.2,2.7,SSW,43.0,W,SSW,24,11,58,85,1019.8,1021.7,5,8,11.2,11.8,No,Yes,0,1,1,2015,7,Jul,2015-07-01,Q3,188,Hiver,11.25,6.8999999999999995,17.5,71.5,1020.75,Sec (≤1 mm),202.5,-3.306521739130435,-1.193115942028986,-1.395834416775644,-0.5815175297014381,,0,0,0,0
2015-07-08,7.9,16.5,5.6,0.6,6.3,SSE,31.0,W,SSE,22,17,86,64,1028.7,1027.6,6,4,8.4,13.7,Yes,No,1,0,1,2015,7,Jul,2015-07-01,Q3,189,Hiver,12.2,8.6,19.5,75.0,1028.15,Faible (1-10),157.5,-1.5065217391304344,-1.0931159420289855,-0.6359718940338731,-0.5327781315242144,,0,0,0,0
2015-07-09,6.6,17.6,0.0,2.0,9.6,W,24.0,WNW,E,19,7,92,46,1030.8,1026.9,1,1,8.3,16.4,No,No,0,0,1,2015,7,Jul,2015-07-01,Q3,190,Hiver,12.100000000000001,11.000000000000002,13.0,69.0,1028.85,Sec (≤1 mm),270.0,-0.406521739130433,-2.3931159420289863,-0.1716114634694571,-1.1663903078281197,,0,0,0,0
2015-07-10,7.3,16.9,0.0,1.2,3.2,W,43.0,W,WNW,13,13,92,61,1022.6,1019.0,4,7,9.4,16.0,No,No,0,0,1,2015,7,Jul,2015-07-01,Q3,191,Hiver,12.1,9.599999999999998,13.0,76.5,1020.8,Sec (≤1 mm),270.0,-1.1065217391304358,-1.693115942028986,-0.46711355564681356,-0.8252145205875554,,0,0,0,0
2015-07-11,6.6,19.9,0.8,1.4,9.3,WNW,61.0,W,NNW,20,17,100,48,1015.4,1009.4,0,1,7.2,19.2,No,Yes,0,1,1,2015,7,Jul,2015-07-01,Q3,192,Hiver,13.25,13.299999999999999,18.5,74.0,1012.4,Sec (≤1 mm),292.5,1.8934782608695642,-2.3931159420289863,0.7993239822561374,-1.1663903078281197,,0,0,0,0
2015-07-12,7.1,15.1,2.2,2.8,4.0,WNW,57.0,WNW,WNW,22,33,60,42,1003.6,1001.5,7,2,9.8,13.1,Yes,Yes,1,1,1,2015,7,Jul,2015-07-01,Q3,193,Hiver,11.1,8.0,27.5,51.0,1002.55,Faible (1-10),292.5,-2.9065217391304348,-1.8931159420289863,-1.2269760783885837,-0.9226933169420024,,0,0,0,0
2015-07-13,8.1,16.9,4.8,4.8,5.5,WSW,76.0,W,WSW,15,39,96,41,1000.9,1002.9,7,1,8.6,16.5,Yes,No,1,0,1,2015,7,Jul,2015-07-01,Q3,194,Hiver,12.5,8.799999999999999,27.0,68.5,1001.9,Faible (1-10),247.5,-1.1065217391304358,-0.8931159420289863,-0.46711355564681356,-0.4352993351697678,,0,0,0,0
2015-07-14,8.6,17.6,0.6,2.0,8.3,WSW,44.0,W,W,13,17,62,31,1011.5,1010.4,1,4,11.5,17.6,No,No,0,0,1,2015,7,Jul,2015-07-01,Q3,195,Hiver,13.100000000000001,9.000000000000002,15.0,46.5,1010.95,Sec (≤1 mm),247.5,-0.406521739130433,-0.39311594202898625,-0.1716114634694571,-0.19160234428365056,,0,0,0,0
2015-07-15,6.2,16.8,0.2,3.4,9.6,WNW,24.0,W,ENE,9,13,62,42,1018.1,1016.1,1,3,8.7,14.9,No,No,0,0,1,2015,7,Jul,2015-07-01,Q3,196,Hiver,11.5,10.600000000000001,11.0,52.0,1017.1,Sec (≤1 mm),292.5,-1.2065217391304337,-2.7931159420289857,-0.5093281402435776,-1.3613479005370133,,0,0,0,0
2015-07-16,8.3,13.4,0.2,3.4,2.6,NW,43.0,SSW,W,13,13,91,68,1016.8,1013.7,7,6,10.3,12.9,No,Yes,0,1,1,2015,7,Jul,2015-07-01,Q3,197,Hiver,10.850000000000001,5.1,13.0,79.5,1015.25,Sec (≤1 mm),315.0,-4.606521739130434,-0.6931159420289852,-1.944624016533589,-0.33782053881532037,,0,0,0,0
2015-07-17,6.2,14.3,17.2,0.0,1.7,SSW,57.0,W,SW,26,26,95,51,1010.1,1012.9,8,7,6.7,13.5,Yes,Yes,1,1,1,2015,7,Jul,2015-07-01,Q3,198,Hiver,10.25,8.100000000000001,26.0,73.0,1011.5,Modérée (10-30),202.5,-3.7065217391304337,-2.7931159420289857,-1.5646927551627035,-1.3613479005370133,,0,0,0,0
2015-07-18,6.6,14.6,9.0,3.0,4.3,SSW,48.0,WNW,SSW,19,28,58,78,1025.6,1027.2,3,7,10.4,11.8,Yes,No,1,0,1,2015,7,Jul,2015-07-01,Q3,199,Hiver,10.6,8.0,23.5,68.0,1026.4,Faible (1-10),202.5,-3.4065217391304348,-2.3931159420289863,-1.4380490013724088,-1.1663903078281197,,0,0,0,0
2015-07-19,7.8,16.7,0.6,2.0,9.0,W,33.0,W,S,17,17,84,55,1032.6,1031.1,3,2,10.3,15.8,No,No,0,0,1,2015,7,Jul,2015-07-01,Q3,200,Hiver,12.25,8.899999999999999,17.0,69.5,1031.85,Sec (≤1 mm),270.0,-1.3065217391304351,-1.193115942028986,-0.5515427248403433,-0.5815175297014381,,0,0,0,0
2015-07-20,7.8,17.9,0.0,1.6,4.2,W,26.0,W,SE,20,15,84,64,1034.6,1032.1,3,6,10.0,15.9,No,Yes,0,1,1,2015,7,Jul,2015-07-01,Q3,201,Hiver,12.85,10.099999999999998,17.5,74.0,1033.35,Sec (≤1 mm),270.0,-0.10652173913043583,-1.193115942028986,-0.0449677096791632,-0.5815175297014381,,0,0,0,0
2015-07-21,8.2,19.3,3.0,0.8,9.9,NNE,33.0,WNW,NE,17,15,93,54,1033.1,1029.3,1,1,9.9,18.3,Yes,No,1,0,1,2015,7,Jul,2015-07-01,Q3,202,Hiver,13.75,11.100000000000001,16.0,73.5,1031.1999999999998,Faible (1-10),22.5,1.2934782608695663,-0.7931159420289866,0.5460364746755482,-0.38655993699254454,,0,0,0,0
2015-07-22,9.9,16.9,0.0,4.0,0.9,N,28.0,SE,NNW,2,17,71,57,1027.4,1025.0,7,7,13.4,16.5,No,Yes,0,1,1,2015,7,Jul,2015-07-01,Q3,203,Hiver,13.399999999999999,6.999999999999998,9.5,64.0,1026.2,Sec (≤1 mm),0.0,-1.1065217391304358,0.9068840579710145,-0.46711355564681356,0.44200983202025473,,0,0,0,0
2015-07-23,11.2,19.1,1.8,0.8,2.2,W,28.0,W,ESE,24,9,96,70,1026.1,1023.4,8,7,12.0,16.4,Yes,No,1,0,1,2015,7,Jul,2015-07-01,Q3,204,Hiver,15.15,7.900000000000002,16.5,83.0,1024.75,Faible (1-10),270.0,1.093478260869567,2.2068840579710134,0.4616073054820184,1.0756220083241592,,0,0,0,0
2015-07-24,11.6,20.0,0.0,2.0,3.7,NNW,33.0,W,E,13,9,95,58,1020.0,1014.5,7,7,12.9,18.6,No,No,0,0,1,2015,7,Jul,2015-07-01,Q3,205,Hiver,15.8,8.4,11.0,76.5,1017.25,Sec (≤1 mm),337.5,1.9934782608695656,2.6068840579710137,0.8415385668529031,1.2705796010330532,,0,0,0,0
2015-07-25,10.8,20.8,0.0,2.6,10.1,NNW,31.0,NNW,WNW,11,15,50,29,1017.5,1015.8,1,1,14.3,20.5,No,No,0,0,1,2015,7,Jul,2015-07-01,Q3,206,Hiver,15.8,10.0,13.0,39.5,1016.65,Sec (≤1 mm),337.5,2.7934782608695663,1.8068840579710148,1.1792552436270236,0.880664415615266,,0,0,0,0
2015-07-26,11.0,20.2,0.0,4.6,9.3,NW,59.0,N,WNW,9,35,53,31,1017.0,1012.4,6,1,13.8,19.5,No,No,0,0,1,2015,7,Jul,2015-07-01,Q3,207,Hiver,15.6,9.2,22.0,42.0,1014.7,Sec (≤1 mm),315.0,2.193478260869565,2.006884057971014,0.9259677360464329,0.9781432119697125,,0,0,0,0
2015-07-27,7.3,15.7,0.0,5.0,10.1,W,63.0,W,WSW,20,26,41,28,1025.0,1024.5,1,1,10.2,15.2,No,No,0,0,1,2015,7,Jul,2015-07-01,Q3,208,Hiver,11.5,8.399999999999999,23.0,34.5,1024.75,Sec (≤1 mm),270.0,-2.306521739130435,-1.693115942028986,-0.9736885708079936,-0.8252145205875554,,0,0,0,0
2015-07-28,6.4,17.3,0.0,4.8,9.6,W,41.0,WNW,S,24,19,56,40,1032.9,1030.8,1,2,9.6,16.6,No,No,0,0,1,2015,7,Jul,2015-07-01,Q3,209,Hiver,11.850000000000001,10.9,21.5,48.0,1031.85,Sec (≤1 mm),270.0,-0.7065217391304337,-2.5931159420289855,-0.2982552172597525,-1.2638691041825663,,0,0,0,0
2015-07-29,8.1,18.4,0.0,4.8,8.5,W,41.0,W,ESE,20,11,70,50,1035.0,1030.2,3,1,9.3,16.4,No,No,0,0,1,2015,7,Jul,2015-07-01,Q3,210,Hiver,13.25,10.299999999999999,15.5,60.0,1032.6,Sec (≤1 mm),270.0,0.39347826086956417,-0.8931159420289863,0.16610521330466196,-0.4352993351697678,,0,0,0,0
2015-07-30,8.2,20.5,0.0,1.0,7.6,W,41.0,W,E,11,19,80,30,1026.3,1020.1,5,5,10.7,19.2,No,No,0,0,1,2015,7,Jul,2015-07-01,Q3,211,Hiver,14.35,12.3,15.0,55.0,1023.2,Sec (≤1 mm),270.0,2.4934782608695656,-0.7931159420289866,1.0526114898367283,-0.38655993699254454,,0,0,0,0
2015-07-31,10.7,21.0,0.0,4.8,9.5,W,41.0,N,WNW,6,9,49,31,1021.4,1019.5,2,1,14.7,20.4,No,No,0,0,1,2015,7,Jul,2015-07-01,Q3,212,Hiver,15.85,10.3,7.5,40.0,1020.45,Sec (≤1 mm),270.0,2.9934782608695656,1.7068840579710134,1.2636844128205535,0.8319250174380419,,0,0,0,0
2015-08-01,9.4,22.3,0.0,3.4,9.2,WNW,61.0,NW,NW,15,28,54,28,1018.6,1015.6,6,6,14.3,20.7,No,No,0,0,1,2015,8,Aug,2015-08-01,Q3,213,Hiver,15.850000000000001,12.9,21.5,41.0,1017.1,Sec (≤1 mm),292.5,2.918215613382902,-0.3494423791821557,1.0560104356381546,-0.15831031955320563,,0,0,0,0
2015-08-02,14.3,24.7,0.0,5.4,7.8,WNW,43.0,WNW,NW,9,20,51,30,1015.1,1010.4,5,5,16.9,23.8,No,No,0,0,1,2015,8,Aug,2015-08-01,Q3,214,Hiver,19.5,10.399999999999999,14.5,40.5,1012.75,Sec (≤1 mm),292.5,5.3182156133829,4.550557620817845,1.9244949416865516,2.0615708740965877,,0,0,0,0
2015-08-03,8.4,19.4,0.0,5.4,10.1,WSW,57.0,WNW,WSW,20,17,48,29,1015.2,1013.7,1,1,11.7,19.0,No,No,0,0,1,2015,8,Aug,2015-08-01,Q3,215,Hiver,13.899999999999999,10.999999999999998,18.5,38.5,1014.45,Sec (≤1 mm),247.5,0.018215613382899676,-1.3494423791821557,0.006591657496340085,-0.6113472978490818,,0,0,0,0
2015-08-04,8.3,15.1,0.0,3.8,4.6,WSW,33.0,W,SSE,19,2,57,42,1023.0,1018.9,7,4,8.9,14.4,No,No,0,0,1,2015,8,Aug,2015-08-01,Q3,216,Hiver,11.7,6.799999999999999,10.5,49.5,1020.95,Sec (≤1 mm),247.5,-4.281784386617099,-1.4494423791821553,-1.5494430825070384,-0.6566509956786692,,0,0,0,0
2015-08-05,5.0,14.2,0.0,0.6,4.8,W,48.0,WNW,WNW,20,19,46,46,1014.5,1010.3,6,6,9.4,13.0,No,No,0,0,1,2015,8,Aug,2015-08-01,Q3,217,Hiver,9.6,9.2,19.5,46.0,1012.4,Sec (≤1 mm),270.0,-5.1817843866171,-4.749442379182156,-1.8751247722751876,-2.1516730240550612,,0,0,0,0
2015-08-06,6.8,16.4,0.0,3.8,8.5,WSW,37.0,WNW,S,22,11,53,39,1016.5,1016.7,3,7,9.5,14.3,No,No,0,0,1,2015,8,Aug,2015-08-01,Q3,218,Hiver,11.6,9.599999999999998,16.5,46.0,1016.6,Sec (≤1 mm),247.5,-2.9817843866171003,-2.9494423791821562,-1.0790139750641567,-1.336206463122484,,0,0,0,0
2015-08-07,6.7,18.5,0.0,2.8,10.1,WNW,33.0,W,SSE,26,17,60,40,1024.0,1021.0,1,2,10.0,16.1,No,No,0,0,1,2015,8,Aug,2015-08-01,Q3,219,Hiver,12.6,11.8,21.5,50.0,1022.5,Sec (≤1 mm),292.5,-0.8817843866170989,-3.049442379182156,-0.3190900322718085,-1.3815101609520715,,0,0,0,0
2015-08-08,7.9,17.5,0.0,2.6,8.9,SSW,33.0,WNW,SSE,19,24,63,44,1024.7,1022.5,5,1,11.0,16.3,No,No,0,0,1,2015,8,Aug,2015-08-01,Q3,220,Hiver,12.7,9.6,21.5,53.5,1023.6,Sec (≤1 mm),202.5,-1.881784386617099,-1.8494423791821557,-0.6809585764586408,-0.8378657869970199,,0,0,0,0
2015-08-09,6.2,17.6,0.0,1.8,9.5,W,30.0,W,E,20,13,68,56,1024.8,1019.6,1,1,9.1,16.3,No,No,0,0,1,2015,8,Aug,2015-08-01,Q3,221,Hiver,11.9,11.400000000000002,16.5,62.0,1022.2,Sec (≤1 mm),270.0,-1.7817843866170975,-3.549442379182156,-0.644771722039957,-1.6080286501000094,,0,0,0,0
2015-08-10,8.6,20.6,0.0,2.6,10.2,NNE,33.0,W,E,13,20,66,41,1017.7,1012.9,1,1,11.8,18.8,No,No,0,0,1,2015,8,Aug,2015-08-01,Q3,222,Hiver,14.600000000000001,12.000000000000002,16.5,53.5,1015.3,Sec (≤1 mm),22.5,1.2182156133829025,-1.1494423791821564,0.4408339105205399,-0.5207399021899068,,0,0,0,0
2015-08-11,9.8,21.0,0.0,5.0,10.5,W,30.0,W,WNW,17,9,52,27,1014.6,1011.1,1,1,13.3,20.4,No,No,0,0,1,2015,8,Aug,2015-08-01,Q3,223,Hiver,15.4,11.2,13.0,39.5,1012.85,Sec (≤1 mm),270.0,1.618215613382901,0.05055762081784465,0.5855813281952723,0.022904471765145026,,0,0,0,0
2015-08-12,8.4,17.5,0.0,3.8,8.7,NW,74.0,W,WNW,19,28,54,37,1007.9,1004.0,1,1,11.1,16.2,No,No,0,0,1,2015,8,Aug,2015-08-01,Q3,224,Hiver,12.95,9.1,23.5,45.5,1005.95,Sec (≤1 mm),315.0,-1.881784386617099,-1.3494423791821557,-0.6809585764586408,-0.6113472978490818,,0,0,0,0
2015-08-13,9.4,19.8,0.0,4.8,10.5,WSW,48.0,WSW,SW,28,17,50,23,1014.9,1014.7,1,1,12.3,19.3,No,No,0,0,1,2015,8,Aug,2015-08-01,Q3,225,Hiver,14.600000000000001,10.4,22.5,36.5,1014.8,Sec (≤1 mm),247.5,0.4182156133829018,-0.3494423791821557,0.15133907517107378,-0.15831031955320563,,0,0,0,0
2015-08-14,7.9,20.4,0.0,4.0,10.5,WSW,30.0,W,E,15,19,55,38,1025.1,1023.4,1,1,11.8,18.0,No,No,0,0,1,2015,8,Aug,2015-08-01,Q3,226,Hiver,14.149999999999999,12.499999999999998,17.0,46.5,1024.25,Sec (≤1 mm),247.5,1.0182156133828997,-1.8494423791821557,0.3684602016831724,-0.8378657869970199,,0,0,0,0
2015-08-15,8.2,18.1,0.0,3.0,7.3,W,30.0,WNW,SSE,20,19,63,61,1030.5,1028.8,3,5,12.4,17.0,No,No,0,0,1,2015,8,Aug,2015-08-01,Q3,227,Hiver,13.15,9.900000000000002,19.5,62.0,1029.65,Sec (≤1 mm),270.0,-1.2817843866170975,-1.5494423791821568,-0.4638374499465409,-0.7019546935082576,,0,0,0,0
2015-08-16,10.5,19.8,0.0,3.0,9.2,NW,28.0,W,NE,13,15,70,63,1027.4,1021.4,5,4,14.0,17.4,No,Yes,0,1,1,2015,8,Aug,2015-08-01,Q3,228,Hiver,15.15,9.3,14.0,66.5,1024.4,Sec (≤1 mm),315.0,0.4182156133829018,0.7505576208178439,0.15133907517107378,0.34003035657225805,,0,0,0,0
2015-08-17,9.3,20.5,5.6,2.8,10.4,WSW,46.0,W,NW,13,13,53,29,1017.1,1013.3,3,1,13.4,20.4,Yes,No,1,0,1,2015,8,Aug,2015-08-01,Q3,229,Hiver,14.9,11.2,13.0,41.0,1015.2,Faible (1-10),247.5,1.118215613382901,-0.44944237918215535,0.40464705610185614,-0.20361401738279308,,0,0,0,0
2015-08-18,10.9,16.2,0.0,4.4,10.4,SW,39.0,WSW,SSE,20,19,40,46,1020.8,1021.0,1,2,12.6,14.7,No,No,0,0,1,2015,8,Aug,2015-08-01,Q3,230,Hiver,13.55,5.299999999999999,19.5,43.0,1020.9,Sec (≤1 mm),225.0,-3.1817843866170996,1.1505576208178443,-1.1513876839015231,0.5212451478906087,,0,0,0,0
2015-08-19,9.0,17.0,0.0,3.6,6.6,WNW,24.0,W,E,17,13,58,54,1027.2,1025.0,3,6,12.5,16.4,No,No,0,0,1,2015,8,Aug,2015-08-01,Q3,231,Hiver,13.0,8.0,15.0,56.0,1026.1,Sec (≤1 mm),292.5,-2.381784386617099,-0.7494423791821561,-0.861892848552057,-0.33952511087155623,,0,0,0,0
2015-08-20,8.2,18.9,0.0,2.6,9.8,NE,31.0,WNW,NE,11,20,71,59,1028.3,1025.0,1,1,12.1,18.7,No,No,0,0,1,2015,8,Aug,2015-08-01,Q3,232,Hiver,13.549999999999999,10.7,15.5,65.0,1026.65,Sec (≤1 mm),45.0,-0.4817843866171003,-1.5494423791821568,-0.17434261459707606,-0.7019546935082576,,0,0,0,0
2015-08-21,9.4,21.0,0.0,3.8,9.4,NNE,31.0,WNW,NE,13,15,73,63,1025.8,1021.2,0,7,13.0,19.8,No,No,0,0,1,2015,8,Aug,2015-08-01,Q3,233,Hiver,15.2,11.6,14.0,68.0,1023.5,Sec (≤1 mm),22.5,1.618215613382901,-0.3494423791821557,0.5855813281952723,-0.15831031955320563,,0,0,0,0
2015-08-22,12.9,28.3,0.0,4.2,9.4,NNW,33.0,N,N,19,11,45,32,1021.0,1016.2,2,5,19.8,26.9,No,Yes,0,1,1,2015,8,Aug,2015-08-01,Q3,234,Hiver,20.6,15.4,15.0,38.5,1018.6,Sec (≤1 mm),337.5,8.918215613382902,3.1505576208178443,3.2272217007591486,1.427319104482361,Chaleur extrême,0,0,0,0
2015-08-23,15.4,18.5,2.4,6.4,0.2,NNW,22.0,N,NNW,7,7,85,73,1021.8,1018.4,7,7,15.6,17.9,Yes,Yes,1,1,1,2015,8,Aug,2015-08-01,Q3,235,Hiver,16.95,3.0999999999999996,7.0,79.0,1020.0999999999999,Faible (1-10),337.5,-0.8817843866170989,5.650557620817844,-0.3190900322718085,2.5599115502220515,,0,0,0,0
2015-08-24,15.1,17.4,4.2,1.8,0.6,E,59.0,S,SSE,17,9,90,95,1018.4,1015.0,8,7,16.3,16.4,Yes,Yes,1,1,1,2015,8,Aug,2015-08-01,Q3,236,Hiver,16.25,2.299999999999999,13.0,92.5,1016.7,Faible (1-10),90.0,-1.9817843866171003,5.350557620817844,-0.7171454308773245,2.4240004567332885,,0,0,0,0
2015-08-25,12.5,19.9,54.4,5.0,4.4,NW,56.0,WNW,W,22,20,66,53,1013.4,1012.8,7,7,16.1,18.7,Yes,Yes,1,1,1,2015,8,Aug,2015-08-01,Q3,237,Hiver,16.2,7.399999999999999,21.0,59.5,1013.0999999999999,Forte (>30),315.0,0.5182156133828997,2.750557620817844,0.18752592958975625,1.2461043131640104,,1,0,0,0
2015-08-26,12.3,20.2,5.2,2.8,6.3,SSW,28.0,SSE,S,13,13,80,59,1018.1,1017.8,7,7,16.3,18.9,Yes,No,1,0,1,2015,8,Aug,2015-08-01,Q3,238,Hiver,16.25,7.899999999999999,13.0,69.5,1017.95,Faible (1-10),202.5,0.8182156133829004,2.5505576208178447,0.2960864928458062,1.1554969175048355,,0,0,0,0
2015-08-27,11.6,20.5,0.0,3.0,4.3,W,52.0,W,NW,9,17,87,44,1019.7,1015.1,7,6,15.1,20.1,No,No,0,0,1,2015,8,Aug,2015-08-01,Q3,239,Hiver,16.05,8.9,13.0,65.5,1017.4000000000001,Sec (≤1 mm),270.0,1.118215613382901,1.8505576208178436,0.40464705610185614,0.8383710326977217,,0,0,0,0
2015-08-28,10.6,20.8,0.0,2.8,9.2,WSW,48.0,W,S,22,20,48,43,1019.8,1018.9,3,5,14.6,18.5,No,No,0,0,1,2015,8,Aug,2015-08-01,Q3,240,Hiver,15.7,10.200000000000001,21.0,45.5,1019.3499999999999,Sec (≤1 mm),247.5,1.4182156133829018,0.8505576208178436,0.513207619357906,0.3853340544018455,,0,0,0,0
2015-08-29,9.0,20.3,0.0,4.2,10.8,WSW,30.0,W,WNW,13,15,60,31,1022.7,1017.9,1,2,13.0,20.1,No,No,0,0,1,2015,8,Aug,2015-08-01,Q3,241,Hiver,14.65,11.3,14.0,45.5,1020.3,Sec (≤1 mm),247.5,0.9182156133829018,-0.7494423791821561,0.3322733472644899,-0.33952511087155623,,0,0,0,0
2015-08-30,8.3,18.7,0.0,3.6,10.8,SSW,39.0,WNW,S,20,22,52,44,1020.3,1017.5,1,3,12.1,18.1,No,No,0,0,1,2015,8,Aug,2015-08-01,Q3,242,Hiver,13.5,10.399999999999999,21.0,48.0,1018.9,Sec (≤1 mm),202.5,-0.6817843866170996,-1.4494423791821553,-0.24671632343444228,-0.6566509956786692,,0,0,0,0
2015-08-31,9.6,19.7,0.0,4.8,10.9,SSE,35.0,WSW,SSE,15,22,48,39,1017.3,1013.8,1,2,13.9,18.4,No,No,0,0,1,2015,8,Aug,2015-08-01,Q3,243,Hiver,14.649999999999999,10.1,18.5,43.5,1015.55,Sec (≤1 mm),157.5,0.3182156133829004,-0.14944237918215642,0.11515222075239004,-0.0677029238940307,,0,0,0,0
2015-09-01,9.0,19.7,0.0,3.2,10.8,W,31.0,W,ESE,17,13,50,39,1015.8,1013.3,1,1,12.7,17.0,No,No,0,0,1,2015,9,Sep,2015-09-01,Q3,244,Printemps,14.35,10.7,15.0,44.5,1014.55,Sec (≤1 mm),270.0,-2.2876923076923106,-3.611923076923077,-0.6083106798626459,-1.394566845685331,,0,0,0,0
2015-09-02,8.0,18.8,0.0,4.0,10.4,WNW,31.0,W,ENE,11,19,61,46,1018.0,1012.0,5,1,11.9,18.6,No,Yes,0,1,1,2015,9,Sep,2015-09-01,Q3,245,Printemps,13.4,10.8,15.0,53.5,1015.0,Sec (≤1 mm),292.5,-3.187692307692309,-4.611923076923077,-0.8476259103398798,-1.7806677719745294,,0,0,0,0
2015-09-03,11.2,20.8,2.8,5.6,8.0,SW,52.0,WNW,WSW,20,24,69,28,1006.0,1005.6,3,6,14.4,20.6,Yes,Yes,1,1,1,2015,9,Sep,2015-09-01,Q3,246,Printemps,16.0,9.600000000000001,22.0,48.5,1005.8,Faible (1-10),225.0,-1.1876923076923092,-1.4119230769230775,-0.31581428705713693,-0.5451448078490951,,0,0,0,0
2015-09-04,12.5,19.5,20.4,4.0,5.7,S,48.0,SSW,S,19,20,92,54,1021.5,1020.5,7,2,13.7,18.3,Yes,No,1,0,1,2015,9,Sep,2015-09-01,Q3,247,Printemps,16.0,7.0,19.5,73.0,1021.0,Modérée (10-30),180.0,-2.48769230769231,-0.11192307692307679,-0.6614918421909199,-0.04321360367313714,,0,0,0,0
2015-09-05,11.5,21.7,0.0,2.8,9.3,ESE,37.0,WNW,SE,17,24,68,53,1022.3,1019.6,1,5,15.2,18.7,No,No,0,0,1,2015,9,Sep,2015-09-01,Q3,248,Printemps,16.6,10.2,20.5,60.5,1020.95,Sec (≤1 mm),112.5,-0.2876923076923106,-1.1119230769230768,-0.07649905657990301,-0.42931452996233543,,0,0,0,0
2015-09-06,12.7,17.5,0.4,5.4,1.0,ENE,24.0,NNE,ENE,11,6,84,68,1024.9,1021.9,7,7,14.6,16.0,No,No,0,0,1,2015,9,Sep,2015-09-01,Q3,249,Printemps,15.1,4.800000000000001,8.5,76.0,1023.4000000000001,Sec (≤1 mm),67.5,-4.48769230769231,0.0880769230769225,-1.1933034654736627,0.03400658158470224,,0,0,0,0
2015-09-07,11.1,24.9,0.2,0.6,9.3,W,54.0,W,W,9,15,62,32,1018.3,1013.3,2,4,17.4,22.7,No,No,0,0,1,2015,9,Sep,2015-09-01,Q3,250,Printemps,18.0,13.799999999999999,12.0,47.0,1015.8,Sec (≤1 mm),270.0,2.9123076923076887,-1.5119230769230771,0.7743995406724854,-0.5837549004780148,,0,0,0,0
2015-09-08,10.0,20.0,0.0,6.8,11.0,W,52.0,WSW,W,30,24,42,32,1018.8,1015.7,1,2,13.3,19.7,No,No,0,0,1,2015,9,Sep,2015-09-01,Q3,251,Printemps,15.0,10.0,27.0,37.0,1017.25,Sec (≤1 mm),270.0,-1.9876923076923099,-2.611923076923077,-0.5285389363702342,-1.0084659193961327,,0,0,0,0
2015-09-09,9.8,20.2,0.0,5.0,10.9,W,41.0,W,SSE,20,17,48,39,1023.1,1022.0,1,1,15.4,18.9,No,No,0,0,1,2015,9,Sep,2015-09-01,Q3,252,Printemps,15.0,10.399999999999999,18.5,43.5,1022.55,Sec (≤1 mm),270.0,-1.7876923076923106,-2.811923076923076,-0.47535777404196017,-1.0856861046539723,,0,0,0,0
2015-09-10,11.3,19.6,0.0,4.8,6.5,SSW,37.0,WNW,SSE,13,15,59,41,1030.9,1029.8,1,7,15.5,18.9,No,No,0,0,1,2015,9,Sep,2015-09-01,Q3,253,Printemps,15.450000000000001,8.3,14.0,50.0,1030.35,Sec (≤1 mm),202.5,-2.3876923076923084,-1.311923076923076,-0.6349012610267825,-0.5065347152201748,,0,0,0,0
2015-09-11,14.0,21.3,0.0,4.0,9.1,NNE,39.0,WNW,NE,11,24,56,44,1032.1,1027.6,1,0,17.6,20.5,No,No,0,0,1,2015,9,Sep,2015-09-01,Q3,254,Printemps,17.65,7.300000000000001,17.5,50.0,1029.85,Sec (≤1 mm),22.5,-0.6876923076923092,1.3880769230769232,-0.1828613812364512,0.5359377857606603,,0,0,0,0
2015-09-12,10.9,25.4,0.0,7.4,10.4,ENE,24.0,W,E,11,19,61,51,1028.5,1024.7,1,5,17.2,21.3,No,No,0,0,1,2015,9,Sep,2015-09-01,Q3,255,Printemps,18.15,14.499999999999998,15.0,56.0,1026.6,Sec (≤1 mm),67.5,3.4123076923076887,-1.7119230769230764,0.907352446493171,-0.6609750857358543,,0,0,0,0
2015-09-13,12.4,22.3,0.0,3.8,10.6,NNE,30.0,WNW,E,11,20,61,60,1028.5,1025.0,1,1,18.3,21.4,No,No,0,0,1,2015,9,Sep,2015-09-01,Q3,256,Printemps,17.35,9.9,15.5,60.5,1026.75,Sec (≤1 mm),22.5,0.31230769230769084,-0.21192307692307644,0.08304443040492022,-0.08182369630205683,,0,0,0,0
2015-09-14,15.3,23.6,0.0,5.0,10.7,NE,43.0,NNE,NE,17,24,58,59,1025.9,1020.5,1,1,20.7,21.4,No,No,0,0,1,2015,9,Sep,2015-09-01,Q3,257,Printemps,19.450000000000003,8.3,20.5,58.5,1023.2,Sec (≤1 mm),45.0,1.6123076923076916,2.688076923076924,0.4287219855387033,1.0378689899366182,,0,0,0,0
2015-09-15,15.8,29.8,0.0,6.4,11.0,W,41.0,NNE,NNW,9,35,33,25,1015.4,1009.0,1,3,23.5,29.2,No,No,0,0,1,2015,9,Sep,2015-09-01,Q3,258,Printemps,22.8,14.0,22.0,29.0,1012.2,Sec (≤1 mm),270.0,7.812307692307691,3.188076923076924,2.077338017715206,1.2309194530812175,,0,0,0,0
2015-09-16,12.4,21.1,0.0,10.2,10.2,ESE,37.0,W,ESE,19,26,42,60,1017.7,1015.0,2,3,17.2,19.3,No,No,0,0,1,2015,9,Sep,2015-09-01,Q3,259,Printemps,16.75,8.700000000000001,22.5,51.0,1016.35,Sec (≤1 mm),112.5,-0.8876923076923084,-0.21192307692307644,-0.2360425435647253,-0.08182369630205683,,0,0,0,0
2015-09-17,12.2,19.9,0.0,4.2,8.2,S,43.0,WNW,SE,9,28,53,57,1018.4,1018.3,3,7,18.0,17.7,No,Yes,0,1,1,2015,9,Sep,2015-09-01,Q3,260,Printemps,16.049999999999997,7.699999999999999,18.5,55.0,1018.3499999999999,Sec (≤1 mm),180.0,-2.0876923076923113,-0.4119230769230775,-0.5551295175343718,-0.1590438815598969,,0,0,0,0
2015-09-18,13.6,20.0,2.2,6.4,7.7,S,52.0,S,S,20,26,65,44,1026.2,1025.5,5,2,15.8,18.9,Yes,Yes,1,1,1,2015,9,Sep,2015-09-01,Q3,261,Printemps,16.8,6.4,23.0,54.5,1025.85,Faible (1-10),180.0,-1.9876923076923099,0.9880769230769229,-0.5285389363702342,0.3814974152449808,,0,0,0,0
2015-09-19,12.5,19.5,10.8,5.4,7.3,E,33.0,W,ESE,17,24,88,54,1026.5,1023.9,7,6,14.7,18.1,Yes,No,1,0,1,2015,9,Sep,2015-09-01,Q3,262,Printemps,16.0,7.0,20.5,71.0,1025.2,Modérée (10-30),90.0,-2.48769230769231,-0.11192307692307679,-0.6614918421909199,-0.04321360367313714,,0,0,0,0
2015-09-20,12.5,18.6,0.4,4.0,3.4,ENE,37.0,W,E,11,13,62,72,1024.5,1021.7,5,7,16.6,17.4,No,No,0,0,1,2015,9,Sep,2015-09-01,Q3,263,Printemps,15.55,6.100000000000001,12.0,67.0,1023.1,Sec (≤1 mm),67.5,-3.3876923076923084,-0.11192307692307679,-0.9008070726681539,-0.04321360367313714,,0,0,0,0
2015-09-21,12.4,22.5,0.2,1.6,10.4,SSW,35.0,W,NE,15,15,74,60,1019.9,1015.2,1,2,16.3,21.3,No,No,0,0,1,2015,9,Sep,2015-09-01,Q3,264,Printemps,17.45,10.1,15.0,67.0,1017.55,Sec (≤1 mm),202.5,0.5123076923076901,-0.21192307692307644,0.13622559273319432,-0.08182369630205683,,0,0,0,0
2015-09-22,14.6,19.5,0.2,6.2,9.2,SSW,59.0,SW,S,24,37,36,47,1016.8,1017.5,3,2,18.7,17.8,No,No,0,0,1,2015,9,Sep,2015-09-01,Q3,265,Printemps,17.05,4.9,30.5,41.5,1017.15,Sec (≤1 mm),202.5,-2.48769230769231,1.9880769230769229,-0.6614918421909199,0.767598341534179,,0,0,0,0
2015-09-23,10.0,16.2,0.2,8.8,6.5,S,69.0,SSW,SSW,31,35,55,74,1025.5,1025.4,3,7,13.3,11.7,No,Yes,0,1,1,2015,9,Sep,2015-09-01,Q3,266,Printemps,13.1,6.199999999999999,33.0,64.5,1025.45,Sec (≤1 mm),180.0,-5.787692307692311,-2.611923076923077,-1.538981020607446,-1.0084659193961327,,0,0,0,0
2015-09-24,8.3,16.3,3.2,4.0,6.1,S,65.0,SSW,SSW,22,28,63,62,1025.6,1024.6,7,7,13.0,13.6,Yes,Yes,1,1,1,2015,9,Sep,2015-09-01,Q3,267,Printemps,12.3,8.0,25.0,62.5,1025.1,Faible (1-10),180.0,-5.687692307692309,-4.311923076923076,-1.5123904394433083,-1.6648374940877697,,0,0,0,0
2015-09-25,10.1,16.4,31.8,2.8,4.3,S,54.0,S,SSE,13,26,91,63,1029.3,1027.8,7,7,13.4,15.9,Yes,Yes,1,1,1,2015,9,Sep,2015-09-01,Q3,268,Printemps,13.25,6.299999999999999,19.5,77.0,1028.55,Forte (>30),180.0,-5.587692307692311,-2.511923076923077,-1.4857998582791718,-0.9698558267672132,,0,0,0,0
2015-09-26,11.1,20.1,3.4,4.4,7.7,S,43.0,W,SSE,22,24,86,48,1028.5,1025.4,6,3,14.4,18.4,Yes,Yes,1,1,1,2015,9,Sep,2015-09-01,Q3,269,Printemps,15.600000000000001,9.000000000000002,23.0,67.0,1026.95,Faible (1-10),180.0,-1.8876923076923084,-1.5119230769230771,-0.5019483552060967,-0.5837549004780148,,0,0,0,0
2015-09-27,12.3,19.2,3.6,3.8,6.2,SW,46.0,SW,S,20,20,70,51,1023.7,1021.1,7,7,15.3,18.3,Yes,No,1,0,1,2015,9,Sep,2015-09-01,Q3,270,Printemps,15.75,6.899999999999999,20.0,60.5,1022.4000000000001,Faible (1-10),225.0,-2.7876923076923106,-0.3119230769230761,-0.7412635856833316,-0.12043378893097652,,0,0,0,0
2015-09-28,10.9,20.8,0.2,4.2,11.0,W,28.0,W,ESE,15,17,56,49,1021.1,1017.8,1,1,17.3,19.1,No,No,0,0,1,2015,9,Sep,2015-09-01,Q3,271,Printemps,15.850000000000001,9.9,16.0,52.5,1019.45,Sec (≤1 mm),270.0,-1.1876923076923092,-1.7119230769230764,-0.31581428705713693,-0.6609750857358543,,0,0,0,0
2015-09-29,11.9,23.4,0.0,5.8,3.4,NW,50.0,N,NE,15,17,58,55,1019.5,1015.8,0,1,19.1,21.7,No,No,0,0,1,2015,9,Sep,2015-09-01,Q3,272,Printemps,17.65,11.499999999999998,16.0,56.5,1017.65,Sec (≤1 mm),315.0,1.4123076923076887,-0.7119230769230764,0.3755408232104282,-0.27487415944665594,,0,0,0,0
2015-09-30,16.7,21.4,0.0,5.6,6.4,SSE,33.0,SSE,ESE,17,20,57,62,1022.1,1021.4,7,7,21.0,18.7,No,No,0,0,1,2015,9,Sep,2015-09-01,Q3,273,Printemps,19.049999999999997,4.699999999999999,18.5,59.5,1021.75,Sec (≤1 mm),157.5,-0.5876923076923113,4.0880769230769225,-0.15627080007231461,1.5784102867414953,,0,0,0,0
2015-10-01,16.8,22.9,0.0,5.6,9.6,ENE,33.0,W,E,6,24,68,65,1026.4,1022.8,4,1,19.9,21.7,No,No,0,0,1,2015,10,Oct,2015-10-01,Q4,274,Printemps,19.85,6.099999999999998,15.0,66.5,1024.6,Sec (≤1 mm),67.5,-0.6526717557251942,2.0263358778625964,-0.14627465666530623,0.7077151021196193,,0,0,0,0
2015-10-02,16.5,23.0,0.0,4.8,10.5,SSE,33.0,NNW,ENE,4,24,57,57,1033.4,1031.8,1,1,21.3,21.1,No,No,0,0,1,2015,10,Oct,2015-10-01,Q4,275,Printemps,19.75,6.5,14.0,57.0,1032.6,Sec (≤1 mm),157.5,-0.5526717557251928,1.7263358778625957,-0.12386298412360412,0.6029375413236083,,0,0,0,0
2015-10-03,14.2,27.5,0.0,7.2,11.1,E,22.0,W,E,13,11,62,47,1030.6,1024.7,0,1,21.5,27.3,No,No,0,0,1,2015,10,Oct,2015-10-01,Q4,276,Printemps,20.85,13.3,12.0,54.5,1027.65,Sec (≤1 mm),90.0,3.947328244274807,-0.573664122137405,0.8846622802529757,-0.20035709144580677,,0,0,0,0
2015-10-04,19.8,33.8,0.0,8.0,8.2,WSW,46.0,W,W,4,28,28,13,1023.4,1021.8,7,7,26.4,32.6,No,No,0,0,1,2015,10,Oct,2015-10-01,Q4,277,Printemps,26.799999999999997,13.999999999999996,16.0,20.5,1022.5999999999999,Sec (≤1 mm),247.5,10.247328244274804,5.026335877862596,2.296597650380187,1.7554907100797257,,0,0,0,0
2015-10-05,16.1,37.0,0.0,11.0,11.4,S,20.0,WNW,E,11,11,42,16,1024.0,1021.1,1,7,21.1,35.6,No,No,0,0,1,2015,10,Oct,2015-10-01,Q4,278,Printemps,26.55,20.9,11.0,29.0,1022.55,Sec (≤1 mm),180.0,13.447328244274807,1.326335877862597,3.013771171714644,0.463234126928928,Chaleur extrême,0,0,0,0
2015-10-06,20.3,32.3,0.0,8.6,11.4,NNE,43.0,WNW,ENE,15,17,37,26,1023.2,1019.7,1,1,23.8,30.6,No,No,0,0,1,2015,10,Oct,2015-10-01,Q4,279,Printemps,26.299999999999997,11.999999999999996,16.0,31.5,1021.45,Sec (≤1 mm),22.5,8.747328244274804,5.526335877862596,1.96042256225466,1.9301199780730767,,0,0,0,0
2015-10-07,19.7,21.5,0.0,13.2,1.3,SSW,67.0,SSE,SE,39,26,61,56,1029.6,1033.6,5,7,20.3,19.0,No,No,0,0,1,2015,10,Oct,2015-10-01,Q4,280,Printemps,20.6,1.8000000000000007,32.5,58.5,1031.6,Sec (≤1 mm),202.5,-2.052671755725193,4.926335877862595,-0.46003807224913074,1.720564856481055,,0,0,0,0
2015-10-08,17.0,21.1,0.0,6.6,2.2,ENE,35.0,ESE,E,13,20,53,57,1038.8,1036.0,7,7,18.5,19.9,No,No,0,0,1,2015,10,Oct,2015-10-01,Q4,281,Printemps,19.05,4.100000000000001,16.5,55.0,1037.4,Sec (≤1 mm),67.5,-2.4526717557251914,2.2263358778625957,-0.5496847624159374,0.7775668093169594,,0,0,0,0
2015-10-09,16.8,22.7,0.0,5.4,8.7,ENE,43.0,N,NE,15,24,51,51,1034.4,1029.7,7,5,20.1,22.0,No,No,0,0,1,2015,10,Oct,2015-10-01,Q4,282,Printemps,19.75,5.899999999999999,19.5,51.0,1032.0500000000002,Sec (≤1 mm),67.5,-0.8526717557251935,2.0263358778625964,-0.1910980017487096,0.7077151021196193,,0,0,0,0
2015-10-10,15.7,24.3,0.0,6.8,9.5,E,24.0,SE,E,2,17,62,60,1028.9,1025.8,1,4,21.2,22.3,No,No,0,0,1,2015,10,Oct,2015-10-01,Q4,283,Printemps,20.0,8.600000000000001,9.5,61.0,1027.35,Sec (≤1 mm),90.0,0.7473282442748079,0.926335877862595,0.16748875891851908,0.3235307125342464,,0,0,0,0
2015-10-11,15.0,24.3,0.0,5.6,6.4,W,41.0,WNW,ENE,9,11,77,65,1022.7,1018.6,6,7,18.7,21.4,No,Yes,0,1,1,2015,10,Oct,2015-10-01,Q4,284,Printemps,19.65,9.3,10.0,71.0,1020.6500000000001,Sec (≤1 mm),270.0,0.7473282442748079,0.22633587786259568,0.16748875891851908,0.0790497373435552,,0,0,0,0
2015-10-12,16.5,29.5,3.6,5.0,9.6,SSE,43.0,WSW,NE,11,19,50,55,1016.7,1012.4,1,6,22.7,23.4,Yes,Yes,1,1,1,2015,10,Oct,2015-10-01,Q4,285,Printemps,23.0,13.0,15.0,52.5,1014.55,Faible (1-10),157.5,5.947328244274807,1.7263358778625957,1.332895731087011,0.6029375413236083,,0,0,0,0
2015-10-13,17.5,20.4,1.6,7.8,0.8,SSW,37.0,S,ESE,20,20,82,77,1022.3,1022.3,4,8,18.3,19.8,Yes,Yes,1,1,1,2015,10,Oct,2015-10-01,Q4,286,Printemps,18.95,2.8999999999999986,20.0,79.5,1022.3,Faible (1-10),202.5,-3.152671755725194,2.7263358778625957,-0.7065664702078506,0.9521960773103105,,0,0,0,0
2015-10-14,16.9,23.3,3.4,1.4,8.3,NE,37.0,W,NE,6,20,75,60,1026.8,1025.2,7,1,20.1,22.7,Yes,No,1,0,1,2015,10,Oct,2015-10-01,Q4,287,Printemps,20.1,6.400000000000002,13.0,67.5,1026.0,Faible (1-10),45.0,-0.25267175572519207,2.1263358778625943,-0.05662796649849865,0.7426409557182887,,0,0,0,0
2015-10-15,16.3,24.0,0.0,7.0,12.0,NE,44.0,NNE,ENE,13,30,65,63,1026.2,1022.0,1,0,21.6,23.1,No,No,0,0,1,2015,10,Oct,2015-10-01,Q4,288,Printemps,20.15,7.699999999999999,21.5,64.0,1024.1,Sec (≤1 mm),45.0,0.4473282442748072,1.5263358778625964,0.1002537412934136,0.5330858341262682,,0,0,0,0
2015-10-16,17.3,27.5,0.0,6.8,11.9,NNE,43.0,ESE,E,6,20,60,52,1021.7,1018.7,0,1,23.3,27.3,No,No,0,0,1,2015,10,Oct,2015-10-01,Q4,289,Printemps,22.4,10.2,13.0,56.0,1020.2,Sec (≤1 mm),22.5,3.947328244274807,2.5263358778625964,0.8846622802529757,0.8823443701129703,,0,0,0,0
2015-10-17,19.1,26.0,0.0,9.8,9.7,SSE,31.0,SSE,ESE,17,15,66,64,1023.1,1021.4,1,4,21.5,23.0,No,Yes,0,1,1,2015,10,Oct,2015-10-01,Q4,290,Printemps,22.55,6.899999999999999,16.0,65.0,1022.25,Sec (≤1 mm),157.5,2.447328244274807,4.326335877862597,0.548487192127449,1.5110097348890343,,0,0,0,0
2015-10-18,18.8,23.2,1.4,7.2,3.8,SSE,35.0,SE,E,17,15,69,56,1029.2,1027.9,8,7,19.5,22.1,Yes,No,1,0,1,2015,10,Oct,2015-10-01,Q4,291,Printemps,21.0,4.399999999999999,16.0,62.5,1028.5500000000002,Faible (1-10),157.5,-0.3526717557251935,4.026335877862596,-0.07903963904020074,1.4062321740930235,,0,0,0,0
2015-10-19,19.4,24.6,0.2,4.2,8.2,NE,39.0,N,ENE,11,24,81,54,1026.6,1022.4,7,4,21.8,24.4,No,No,0,0,1,2015,10,Oct,2015-10-01,Q4,292,Printemps,22.0,5.200000000000003,17.5,67.5,1024.5,Sec (≤1 mm),45.0,1.0473282442748086,4.626335877862594,0.23472377654362456,1.615787295685044,,0,0,0,0
2015-10-20,18.7,26.8,0.4,6.8,7.7,W,35.0,SE,ENE,6,15,60,55,1020.6,1016.3,2,2,23.7,26.0,No,No,0,0,1,2015,10,Oct,2015-10-01,Q4,293,Printemps,22.75,8.100000000000001,10.5,57.5,1018.45,Sec (≤1 mm),270.0,3.247328244274808,3.926335877862595,0.7277805724610634,1.3713063204943527,,0,0,0,0
2015-10-21,19.7,27.9,1.0,7.6,3.4,NNE,31.0,WNW,W,2,9,58,43,1013.8,1011.5,4,7,24.5,26.3,No,Yes,0,1,1,2015,10,Oct,2015-10-01,Q4,294,Printemps,23.799999999999997,8.2,5.5,50.5,1012.65,Sec (≤1 mm),22.5,4.347328244274806,4.926335877862595,0.9743089704197824,1.720564856481055,,0,0,0,0
2015-10-22,18.6,20.5,8.4,5.0,0.7,S,61.0,S,SSW,11,31,89,74,1011.4,1010.3,7,7,19.6,20.1,Yes,Yes,1,1,1,2015,10,Oct,2015-10-01,Q4,295,Printemps,19.55,1.8999999999999986,21.0,81.5,1010.8499999999999,Faible (1-10),180.0,-3.052671755725193,3.826335877862597,-0.6841547976661484,1.3363804668956833,,0,0,0,0
2015-10-23,14.5,21.4,14.8,2.8,3.4,SSW,41.0,SSW,SSW,19,17,70,55,1022.1,1021.6,7,7,16.6,19.4,Yes,No,1,0,1,2015,10,Oct,2015-10-01,Q4,296,Printemps,17.95,6.899999999999999,18.0,62.5,1021.85,Modérée (10-30),202.5,-2.152671755725194,-0.2736641221374043,-0.4824497447908328,-0.09557953064979587,,0,0,0,0
2015-10-24,12.9,22.3,0.2,4.6,12.0,ENE,39.0,WNW,ENE,13,26,62,54,1024.4,1020.9,5,1,17.8,20.7,No,No,0,0,1,2015,10,Oct,2015-10-01,Q4,297,Printemps,17.6,9.4,19.5,58.0,1022.6500000000001,Sec (≤1 mm),67.5,-1.252671755725192,-1.873664122137404,-0.2807446919155164,-0.6543931882285191,,0,0,0,0
2015-10-25,15.2,24.9,0.0,7.4,10.2,NE,43.0,E,NE,7,19,62,59,1022.1,1017.8,2,3,21.1,22.3,No,No,0,0,1,2015,10,Oct,2015-10-01,Q4,298,Printemps,20.049999999999997,9.7,13.0,60.5,1019.95,Sec (≤1 mm),45.0,1.3473282442748058,0.42633587786259497,0.3019587941687292,0.14890144454089538,,0,0,0,0
2015-10-26,17.5,29.4,0.0,7.0,5.2,WSW,69.0,ESE,WSW,9,13,54,53,1014.4,1015.1,3,7,24.6,22.2,No,Yes,0,1,1,2015,10,Oct,2015-10-01,Q4,299,Printemps,23.45,11.899999999999999,11.0,53.5,1014.75,Sec (≤1 mm),247.5,5.847328244274806,2.7263358778625957,1.310484058545309,0.9521960773103105,,0,0,0,0
2015-10-27,15.5,19.6,7.6,7.8,2.0,S,54.0,S,SSE,19,30,65,47,1025.8,1025.8,8,7,16.5,19.3,Yes,No,1,0,1,2015,10,Oct,2015-10-01,Q4,300,Printemps,17.55,4.100000000000001,24.5,56.0,1025.8,Faible (1-10),180.0,-3.9526717557251914,0.7263358778625957,-0.8858598505414641,0.25367900533690624,,0,0,0,0
2015-10-28,13.4,21.2,0.4,3.8,8.2,SSE,31.0,W,E,9,20,70,45,1025.3,1022.5,7,5,16.4,20.6,No,No,0,0,1,2015,10,Oct,2015-10-01,Q4,301,Printemps,17.3,7.799999999999999,14.5,57.5,1023.9,Sec (≤1 mm),157.5,-2.3526717557251935,-1.373664122137404,-0.5272730898742362,-0.47976392023516806,,0,0,0,0
2015-10-29,15.7,23.0,0.0,5.4,11.4,E,31.0,WNW,E,7,22,55,40,1023.6,1022.1,5,1,18.2,21.9,No,No,0,0,1,2015,10,Oct,2015-10-01,Q4,302,Printemps,19.35,7.300000000000001,14.5,47.5,1022.85,Sec (≤1 mm),90.0,-0.5526717557251928,0.926335877862595,-0.12386298412360412,0.3235307125342464,,0,0,0,0
2015-10-30,14.1,23.1,0.0,8.0,9.3,ENE,39.0,W,NE,7,24,59,48,1023.8,1020.8,1,7,19.0,21.8,No,No,0,0,1,2015,10,Oct,2015-10-01,Q4,303,Printemps,18.6,9.000000000000002,15.5,53.5,1022.3,Sec (≤1 mm),67.5,-0.45267175572519136,-0.6736641221374047,-0.10145131158190203,-0.23528294504447683,,0,0,0,0
2015-10-31,17.1,24.2,0.0,8.0,5.7,NE,48.0,NE,NE,19,28,59,61,1021.8,1018.6,7,8,22.2,22.5,No,No,0,0,1,2015,10,Oct,2015-10-01,Q4,304,Printemps,20.65,7.099999999999998,23.5,60.0,1020.2,Sec (≤1 mm),45.0,0.6473282442748065,2.326335877862597,0.145077086376817,0.8124926629156302,,0,0,0,0
2015-11-01,17.5,26.8,0.0,7.8,9.0,NE,44.0,E,NE,15,17,67,59,1015.2,1010.6,1,3,21.9,25.4,No,Yes,0,1,1,2015,11,Nov,2015-11-01,Q4,305,Printemps,22.15,9.3,16.0,63.0,1012.9000000000001,Sec (≤1 mm),45.0,1.973540856031132,0.18171206225680692,0.5073224131378241,0.07916487486782105,,0,0,0,0
2015-11-02,18.2,30.7,26.0,6.6,9.1,WSW,46.0,NW,E,13,15,75,53,1011.2,1009.0,5,5,21.6,26.4,Yes,Yes,1,1,1,2015,11,Nov,2015-11-01,Q4,306,Printemps,24.45,12.5,14.0,64.0,1010.1,Modérée (10-30),247.5,5.873540856031131,0.8817120622568062,1.5098643190685024,0.3841276369389385,,0,0,0,0
2015-11-03,18.6,20.0,1.4,6.8,0.0,S,35.0,SSE,SE,19,17,91,89,1017.0,1016.5,8,8,19.0,19.2,Yes,Yes,1,1,1,2015,11,Nov,2015-11-01,Q4,307,Printemps,19.3,1.3999999999999986,18.0,90.0,1016.75,Faible (1-10),180.0,-4.826459143968869,1.2817120622568083,-1.2406993715618209,0.5583920724081495,,0,0,0,0
2015-11-04,17.1,19.6,3.8,1.4,0.0,E,56.0,ESE,E,24,31,91,83,1017.6,1016.3,8,8,19.5,19.4,Yes,Yes,1,1,1,2015,11,Nov,2015-11-01,Q4,308,Printemps,18.35,2.5,27.5,87.0,1016.95,Faible (1-10),90.0,-5.226459143968867,-0.21828793774319166,-1.3435241824265054,-0.09509956060138845,,0,0,0,0
2015-11-05,16.0,23.4,13.0,0.0,0.7,ENE,50.0,NE,NE,30,26,94,80,1014.8,1010.5,8,8,18.2,20.5,Yes,Yes,1,1,1,2015,11,Nov,2015-11-01,Q4,309,Printemps,19.7,7.399999999999999,28.0,87.0,1012.65,Modérée (10-30),67.5,-1.42645914396887,-1.318287937743193,-0.3666884792119988,-0.5743267581417169,,0,0,0,0
2015-11-06,18.2,28.3,11.6,3.2,5.2,S,33.0,W,NE,9,13,77,87,1007.7,1006.3,4,7,23.3,20.5,Yes,Yes,1,1,1,2015,11,Nov,2015-11-01,Q4,310,Printemps,23.25,10.100000000000001,11.0,82.0,1007.0,Modérée (10-30),180.0,3.473540856031132,0.8817120622568062,0.8929154538803928,0.3841276369389385,,0,0,0,0
2015-11-07,18.4,24.6,10.0,5.6,5.3,SSE,46.0,ESE,ESE,9,28,69,69,1012.3,1012.3,3,7,22.5,21.8,Yes,No,1,0,1,2015,11,Nov,2015-11-01,Q4,311,Printemps,21.5,6.200000000000003,18.5,69.0,1012.3,Faible (1-10),157.5,-0.22645914396886724,1.0817120622568055,-0.058214046617943105,0.4712598546735432,,0,0,0,0
2015-11-08,16.2,21.7,0.4,7.2,4.6,SSW,46.0,SSW,SSE,17,26,67,65,1020.7,1020.0,7,6,18.0,20.4,No,No,0,0,1,2015,11,Nov,2015-11-01,Q4,312,Printemps,18.95,5.5,21.5,66.0,1020.35,Sec (≤1 mm),202.5,-3.1264591439688694,-1.1182879377431938,-0.8036939253869099,-0.48719454040711213,,0,0,0,0
2015-11-09,13.7,23.3,0.0,6.4,12.3,E,30.0,W,E,11,17,59,48,1021.3,1017.5,5,1,19.5,21.8,No,No,0,0,1,2015,11,Nov,2015-11-01,Q4,313,Printemps,18.5,9.600000000000001,14.0,53.5,1019.4,Sec (≤1 mm),90.0,-1.526459143968868,-3.618287937743194,-0.3923946819281695,-1.5763472620896755,,0,0,0,0
2015-11-10,15.2,25.6,0.0,6.0,11.3,ENE,30.0,S,ENE,2,19,61,45,1016.0,1013.5,3,7,20.6,24.8,No,No,0,0,1,2015,11,Nov,2015-11-01,Q4,314,Printemps,20.4,10.400000000000002,10.5,53.0,1014.75,Sec (≤1 mm),67.5,0.7735408560311328,-2.118287937743194,0.19884798054376937,-0.9228556290801374,,0,0,0,0
2015-11-11,18.9,23.9,0.0,8.6,0.0,SSW,31.0,S,ESE,13,11,82,66,1020.3,1020.3,7,7,20.0,22.1,No,Yes,0,1,1,2015,11,Nov,2015-11-01,Q4,315,Printemps,21.4,5.0,12.0,74.0,1020.3,Sec (≤1 mm),202.5,-0.9264591439688701,1.5817120622568055,-0.23815746563114257,0.6890903990100559,,0,0,0,0
2015-11-12,18.3,25.5,2.4,4.8,4.2,NNE,43.0,NNE,ENE,17,17,53,69,1020.4,1018.0,7,8,23.5,22.2,Yes,No,1,0,1,2015,11,Nov,2015-11-01,Q4,316,Printemps,21.9,7.199999999999999,17.0,61.0,1019.2,Faible (1-10),22.5,0.6735408560311313,0.9817120622568076,0.17314177782759776,0.4276937458062416,,0,0,0,0
2015-11-13,18.0,28.8,0.4,8.4,7.4,SSW,48.0,W,NE,7,6,63,60,1013.1,1009.8,1,7,22.7,23.3,No,Yes,0,1,1,2015,11,Nov,2015-11-01,Q4,317,Printemps,23.4,10.8,6.5,61.5,1011.45,Sec (≤1 mm),202.5,3.973540856031132,0.6817120622568069,1.0214464674612491,0.2969954192043337,,0,0,0,0
2015-11-14,17.7,20.1,18.2,9.0,0.0,SSE,33.0,S,ESE,15,19,81,70,1014.4,1013.4,8,8,18.7,18.9,Yes,Yes,1,1,1,2015,11,Nov,2015-11-01,Q4,318,Printemps,18.9,2.400000000000002,17.0,75.5,1013.9,Modérée (10-30),157.5,-4.726459143968867,0.3817120622568062,-1.2149931688456492,0.1662970926024258,,0,0,0,0
2015-11-15,14.9,20.9,29.6,2.2,0.8,SSW,46.0,SSE,S,24,19,64,70,1017.7,1017.4,7,7,18.2,18.5,Yes,Yes,1,1,1,2015,11,Nov,2015-11-01,Q4,319,Printemps,17.9,5.999999999999998,21.5,67.0,1017.55,Modérée (10-30),202.5,-3.92645914396887,-2.4182879377431927,-1.00934354711628,-1.0535539556820446,,0,0,0,0
2015-11-16,14.3,22.6,5.0,4.4,13.0,ESE,31.0,SSE,ESE,17,20,56,43,1020.0,1018.0,5,1,19.1,21.7,Yes,No,1,0,1,2015,11,Nov,2015-11-01,Q4,320,Printemps,18.450000000000003,8.3,18.5,49.5,1019.0,Faible (1-10),112.5,-2.2264591439688672,-3.0182879377431924,-0.572338100941368,-1.3149506088858596,,0,0,0,0
2015-11-17,14.4,25.1,0.0,8.0,12.6,NNE,44.0,W,NE,6,22,55,46,1019.1,1016.0,0,2,20.2,23.7,No,No,0,0,1,2015,11,Nov,2015-11-01,Q4,321,Printemps,19.75,10.700000000000001,14.0,50.5,1017.55,Sec (≤1 mm),22.5,0.27354085603113276,-2.9182879377431927,0.07031696696291313,-1.2713845000185573,,0,0,0,0
2015-11-18,17.4,36.5,0.0,11.0,13.0,SSW,57.0,W,W,11,22,45,17,1013.6,1009.7,5,1,25.1,35.6,No,No,0,0,1,2015,11,Nov,2015-11-01,Q4,322,Printemps,26.95,19.1,16.5,31.0,1011.6500000000001,Sec (≤1 mm),202.5,11.673540856031131,0.0817120622568055,3.000824076606435,0.0355987660005179,Chaleur extrême,0,0,0,0
2015-11-19,18.8,31.2,0.0,10.4,12.5,SSW,28.0,W,E,9,17,62,54,1015.0,1011.7,1,4,23.1,28.6,No,No,0,0,1,2015,11,Nov,2015-11-01,Q4,323,Printemps,25.0,12.399999999999999,13.0,58.0,1013.35,Sec (≤1 mm),202.5,6.373540856031131,1.4817120622568076,1.6383953326493588,0.6455242901427543,,0,0,0,0
2015-11-20,21.4,40.9,0.0,8.8,12.4,W,54.0,SW,WNW,2,28,63,13,1012.5,1006.3,1,1,25.2,40.7,No,No,0,0,1,2015,11,Nov,2015-11-01,Q4,324,Printemps,31.15,19.5,15.0,38.0,1009.4,Sec (≤1 mm),270.0,16.07354085603113,4.0817120622568055,4.13189699611797,1.778243120692619,Chaleur extrême,0,0,0,0
2015-11-21,20.3,22.1,0.0,14.6,0.3,S,54.0,SE,SE,13,24,65,56,1015.6,1017.3,7,7,20.8,20.7,No,No,0,0,1,2015,11,Nov,2015-11-01,Q4,325,Printemps,21.200000000000003,1.8000000000000007,18.5,60.5,1016.45,Sec (≤1 mm),180.0,-2.7264591439688672,2.9817120622568076,-0.7008691145222243,1.2990159231522922,,0,0,0,0
2015-11-22,19.0,22.4,0.0,6.2,2.7,NNE,33.0,E,ENE,17,17,59,58,1019.7,1016.7,7,8,19.8,20.8,No,No,0,0,1,2015,11,Nov,2015-11-01,Q4,326,Printemps,20.7,3.3999999999999986,17.0,58.5,1018.2,Sec (≤1 mm),22.5,-2.42645914396887,1.681712062256807,-0.6237505063737113,0.732656507877359,,0,0,0,0
2015-11-23,17.1,26.5,0.0,3.8,11.5,SSE,52.0,WNW,SE,11,30,60,52,1011.9,1010.8,1,2,22.4,25.4,No,No,0,0,1,2015,11,Nov,2015-11-01,Q4,327,Printemps,21.8,9.399999999999999,20.5,56.0,1011.3499999999999,Sec (≤1 mm),157.5,1.6735408560311313,-0.21828793774319166,0.4302038049893102,-0.09509956060138845,,0,0,0,0
2015-11-24,18.7,25.2,0.0,8.0,11.4,NE,52.0,ENE,NE,13,28,57,55,1017.4,1014.1,4,1,23.6,23.0,No,No,0,0,1,2015,11,Nov,2015-11-01,Q4,328,Printemps,21.95,6.5,20.5,56.0,1015.75,Sec (≤1 mm),45.0,0.37354085603113063,1.3817120622568062,0.09602316967908384,0.6019581812754511,,0,0,0,0
2015-11-26,22.4,37.8,0.0,12.6,9.6,W,74.0,NNW,W,28,35,31,14,999.8,1000.0,1,2,32.4,36.0,No,No,0,0,1,2015,11,Nov,2015-11-01,Q4,330,Printemps,30.099999999999998,15.399999999999999,31.5,22.5,999.9,Sec (≤1 mm),270.0,12.973540856031128,5.0817120622568055,3.3350047119166604,2.2139042093656442,Chaleur extrême,0,0,0,1
2015-11-27,16.5,22.6,0.6,14.6,7.1,ENE,37.0,SE,ESE,4,22,54,60,1016.1,1013.8,7,4,21.1,21.6,No,No,0,0,1,2015,11,Nov,2015-11-01,Q4,331,Printemps,19.55,6.100000000000001,13.0,57.0,1014.95,Sec (≤1 mm),67.5,-2.2264591439688672,-0.8182879377431931,-0.572338100941368,-0.35649621380520424,,0,0,0,0
2015-11-28,19.1,23.8,0.0,7.4,0.3,ENE,37.0,ENE,NE,20,17,69,55,1016.7,1016.0,8,8,21.5,22.5,No,No,0,0,1,2015,11,Nov,2015-11-01,Q4,332,Printemps,21.450000000000003,4.699999999999999,18.5,62.0,1016.35,Sec (≤1 mm),67.5,-1.026459143968868,1.7817120622568083,-0.2638636683473133,0.7762226167446622,,0,0,0,0
2015-11-29,19.9,26.0,0.0,6.4,7.1,ENE,43.0,NNE,NE,17,22,80,65,1013.7,1009.7,7,2,21.1,25.1,No,No,0,0,1,2015,11,Nov,2015-11-01,Q4,333,Printemps,22.95,6.100000000000001,19.5,72.5,1011.7,Sec (≤1 mm),67.5,1.1735408560311313,2.5817120622568055,0.301672791408454,1.124751487683081,,0,0,0,0
2015-11-30,18.2,26.3,0.2,7.4,11.1,S,48.0,WSW,E,7,22,65,65,1012.4,1008.7,4,1,21.1,23.8,No,No,0,0,1,2015,11,Nov,2015-11-01,Q4,334,Printemps,22.25,8.100000000000001,14.5,65.0,1010.55,Sec (≤1 mm),180.0,1.473540856031132,0.8817120622568062,0.37879139955696794,0.3841276369389385,,0,0,0,0
2015-12-01,19.0,33.3,0.0,8.0,10.4,S,63.0,ESE,NE,9,31,58,34,1010.3,1006.7,1,5,26.3,32.0,No,No,0,0,1,2015,12,Dec,2015-12-01,Q4,335,Été,26.15,14.299999999999997,20.0,46.0,1008.5,Sec (≤1 mm),180.0,7.471666666666664,0.4179166666666667,2.168954860237514,0.1858455666342531,,0,0,0,0
2015-12-02,19.2,22.8,0.0,14.2,5.3,SSE,61.0,S,S,22,35,66,59,1015.1,1017.0,7,7,21.0,19.4,No,No,0,0,1,2015,12,Dec,2015-12-01,Q4,336,Été,21.0,3.6000000000000014,28.5,62.5,1016.05,Sec (≤1 mm),157.5,-3.0283333333333324,0.617916666666666,-0.8790968059450286,0.2747846214542343,,0,0,0,0
2015-12-03,17.1,21.7,0.0,9.2,8.1,ESE,31.0,ESE,ESE,11,20,52,49,1027.1,1026.0,7,5,19.4,20.3,No,No,0,0,1,2015,12,Dec,2015-12-01,Q4,337,Été,19.4,4.599999999999998,15.5,50.5,1026.55,Sec (≤1 mm),112.5,-4.128333333333334,-1.4820833333333319,-1.1984165043070096,-0.6590754541555709,,0,0,0,0
2015-12-04,14.6,23.6,0.0,6.4,9.3,E,28.0,WNW,E,6,19,53,44,1026.3,1024.1,4,3,20.3,22.8,No,No,0,0,1,2015,12,Dec,2015-12-01,Q4,338,Été,19.1,9.000000000000002,12.5,48.5,1025.1999999999998,Sec (≤1 mm),90.0,-2.2283333333333317,-3.9820833333333336,-0.646864298045406,-1.7708136394053409,,0,0,0,0
2015-12-06,16.6,25.8,0.0,9.0,12.7,ENE,35.0,SE,ENE,7,24,58,46,1020.5,1017.8,3,5,23.0,24.9,No,No,0,0,1,2015,12,Dec,2015-12-01,Q4,340,Été,21.200000000000003,9.2,15.5,52.0,1019.15,Sec (≤1 mm),67.5,-0.028333333333332433,-1.9820833333333319,-0.008224901321444697,-0.8814230912055248,,0,0,0,1
2015-12-07,18.8,25.5,0.0,9.2,7.9,E,39.0,ESE,E,9,22,61,57,1021.4,1019.9,7,7,23.2,24.1,No,No,0,0,1,2015,12,Dec,2015-12-01,Q4,341,Été,22.15,6.699999999999999,15.5,59.0,1020.65,Sec (≤1 mm),90.0,-0.32833333333333314,0.21791666666666742,-0.09531209178380329,0.09690651181427189,,0,0,0,0
2015-12-08,20.9,25.0,0.0,7.6,0.3,NE,43.0,NE,ENE,11,17,68,64,1018.6,1015.8,7,7,22.7,24.4,No,No,0,0,1,2015,12,Dec,2015-12-01,Q4,342,Été,22.95,4.100000000000001,14.0,66.0,1017.2,Sec (≤1 mm),45.0,-0.8283333333333331,2.3179166666666653,-0.24045740922106726,1.030766587424077,,0,0,0,0
2015-12-09,21.3,33.3,0.8,4.6,8.6,S,61.0,NNE,ENE,7,17,70,58,1014.2,1012.1,5,3,24.6,27.5,No,Yes,0,1,1,2015,12,Dec,2015-12-01,Q4,343,Été,27.299999999999997,11.999999999999996,12.0,64.0,1013.1500000000001,Sec (≤1 mm),180.0,7.471666666666664,2.7179166666666674,2.168954860237514,1.2086446970640412,,0,0,0,0
2015-12-10,20.2,25.5,15.2,10.0,6.4,SSW,44.0,S,E,7,19,80,63,1015.9,1011.7,7,3,21.3,25.0,Yes,No,1,0,1,2015,12,Dec,2015-12-01,Q4,344,Été,22.85,5.300000000000001,13.0,71.5,1013.8,Modérée (10-30),202.5,-0.32833333333333314,1.617916666666666,-0.09531209178380329,0.719479895554142,,0,0,0,0
2015-12-11,21.2,35.3,0.2,6.4,8.8,W,59.0,W,WNW,17,30,66,13,1005.8,1001.1,3,7,24.4,34.7,No,No,0,0,1,2015,12,Dec,2015-12-01,Q4,345,Été,28.25,14.099999999999998,23.5,39.5,1003.45,Sec (≤1 mm),270.0,9.471666666666664,2.617916666666666,2.74953612998657,1.1641751696540497,,0,0,0,0
2015-12-12,18.4,22.6,0.0,12.2,5.8,ESE,39.0,E,ESE,15,28,57,50,1014.7,1015.1,3,4,20.8,21.4,No,No,0,0,1,2015,12,Dec,2015-12-01,Q4,346,Été,20.5,4.200000000000003,21.5,53.5,1014.9000000000001,Sec (≤1 mm),112.5,-3.2283333333333317,-0.1820833333333347,-0.9371549329199339,-0.08097159782569213,,0,0,0,0
2015-12-13,18.2,24.4,0.0,7.6,6.5,NE,48.0,NE,NE,19,30,58,56,1019.3,1016.1,5,7,21.4,23.2,No,No,0,0,1,2015,12,Dec,2015-12-01,Q4,347,Été,21.299999999999997,6.199999999999999,24.5,57.0,1017.7,Sec (≤1 mm),45.0,-1.4283333333333346,-0.382083333333334,-0.41463179014578444,-0.16991065264567337,,0,0,0,0
2015-12-14,18.3,29.6,0.0,8.0,13.1,ENE,28.0,WNW,E,9,19,63,59,1015.4,1013.4,3,3,23.4,25.5,No,No,0,0,1,2015,12,Dec,2015-12-01,Q4,348,Été,23.950000000000003,11.3,14.0,61.0,1014.4,Sec (≤1 mm),67.5,3.7716666666666683,-0.2820833333333326,1.0948795112017617,-0.12544112523568196,,0,0,0,0
2015-12-15,20.6,26.9,0.0,10.0,5.7,ENE,43.0,ENE,ENE,11,22,72,65,1015.3,1012.5,6,8,23.1,25.0,No,No,0,0,1,2015,12,Dec,2015-12-01,Q4,349,Été,23.75,6.299999999999997,16.5,68.5,1013.9,Sec (≤1 mm),67.5,1.0716666666666654,2.017916666666668,0.31109479704053544,0.897358005194106,,0,0,0,0
2015-12-16,21.1,23.4,0.6,5.4,1.8,SSE,80.0,NE,N,22,13,87,82,1014.8,1016.7,7,8,22.9,18.2,No,Yes,0,1,1,2015,12,Dec,2015-12-01,Q4,350,Été,22.25,2.299999999999997,17.5,84.5,1015.75,Sec (≤1 mm),157.5,-2.4283333333333346,2.517916666666668,-0.7049224250203124,1.1197056422440599,,0,1,0,0
2015-12-17,16.6,26.1,9.8,4.8,12.0,E,37.0,WNW,E,9,24,70,60,1018.5,1016.9,4,1,21.6,24.6,Yes,No,1,0,1,2015,12,Dec,2015-12-01,Q4,351,Été,21.35,9.5,16.5,65.0,1017.7,Faible (1-10),90.0,0.2716666666666683,-1.9820833333333319,0.0788622891409139,-0.8814230912055248,,0,0,0,0
2015-12-18,19.0,27.5,0.0,13.6,12.3,NNE,46.0,E,ENE,15,30,58,53,1016.8,1014.0,0,1,24.5,27.1,No,No,0,0,1,2015,12,Dec,2015-12-01,Q4,352,Été,23.25,8.5,22.5,55.5,1015.4,Sec (≤1 mm),22.5,1.6716666666666669,0.4179166666666667,0.48526917796525265,0.1858455666342531,,0,0,0,0
2015-12-19,20.3,29.0,0.0,9.4,13.2,NE,52.0,ESE,NE,9,20,59,53,1014.6,1012.8,1,1,26.3,27.5,No,No,0,0,1,2015,12,Dec,2015-12-01,Q4,353,Été,24.65,8.7,14.5,56.0,1013.7,Sec (≤1 mm),45.0,3.171666666666667,1.7179166666666674,0.9207051302770446,0.7639494229641334,,0,0,0,0
2015-12-21,23.6,29.1,0.0,14.0,3.6,SSE,50.0,ENE,S,7,22,56,79,1014.8,1017.2,6,8,27.1,21.5,No,Yes,0,1,1,2015,12,Dec,2015-12-01,Q4,355,Été,26.35,5.5,14.5,67.5,1016.0,Sec (≤1 mm),157.5,3.2716666666666683,5.017916666666668,0.9497341937644977,2.231443827493829,,0,0,0,1
2015-12-22,17.7,21.8,29.8,4.4,0.0,ESE,44.0,SSW,NE,19,2,89,90,1023.2,1021.5,8,8,17.8,17.7,Yes,Yes,1,1,1,2015,12,Dec,2015-12-01,Q4,356,Été,19.75,4.100000000000001,10.5,89.5,1022.35,Modérée (10-30),112.5,-4.028333333333332,-0.882083333333334,-1.1693874408195566,-0.3922582896956272,,0,0,0,0
2015-12-23,17.3,23.0,34.0,3.6,4.5,ESE,31.0,SE,ESE,13,22,65,59,1019.4,1017.7,7,7,21.8,22.0,Yes,No,1,0,1,2015,12,Dec,2015-12-01,Q4,357,Été,20.15,5.699999999999999,17.5,62.0,1018.55,Forte (>30),112.5,-2.828333333333333,-1.2820833333333326,-0.8210386789701232,-0.5701363993355897,,0,0,0,0
2015-12-24,16.9,24.6,1.0,5.0,9.5,E,37.0,ESE,ESE,20,20,60,52,1019.9,1018.7,4,2,21.6,23.9,No,No,0,0,1,2015,12,Dec,2015-12-01,Q4,358,Été,20.75,7.700000000000003,20.0,56.0,1019.3,Sec (≤1 mm),90.0,-1.2283333333333317,-1.6820833333333347,-0.356573663170878,-0.7480145089755537,,0,0,0,0
2015-12-25,17.5,25.2,0.0,7.0,9.6,ENE,35.0,ENE,E,4,20,55,48,1018.7,1015.4,5,4,21.8,24.5,No,No,0,0,1,2015,12,Dec,2015-12-01,Q4,359,Été,21.35,7.699999999999999,12.0,51.5,1017.05,Sec (≤1 mm),67.5,-0.6283333333333339,-1.0820833333333333,-0.1823992822461619,-0.4811973445156084,,0,0,0,0
2015-12-26,18.8,26.1,0.6,7.4,6.1,NE,39.0,N,NE,17,17,74,77,1009.7,1006.0,5,7,22.7,23.4,No,Yes,0,1,1,2015,12,Dec,2015-12-01,Q4,360,Été,22.450000000000003,7.300000000000001,17.0,75.5,1007.85,Sec (≤1 mm),45.0,0.2716666666666683,0.21791666666666742,0.0788622891409139,0.09690651181427189,,0,0,0,0
2015-12-27,17.1,23.0,1.8,8.8,5.7,S,59.0,SSE,S,22,28,74,47,1016.7,1018.4,8,1,17.1,22.3,Yes,Yes,1,1,1,2015,12,Dec,2015-12-01,Q4,361,Été,20.05,5.899999999999999,25.0,60.5,1017.55,Faible (1-10),180.0,-2.828333333333333,-1.4820833333333319,-0.8210386789701232,-0.6590754541555709,,0,0,0,0
2015-12-28,15.3,22.6,2.6,5.8,4.8,SSW,44.0,SW,SSE,20,24,78,50,1023.7,1023.0,7,7,16.7,21.6,Yes,No,1,0,1,2015,12,Dec,2015-12-01,Q4,362,Été,18.950000000000003,7.300000000000001,22.0,64.0,1023.35,Faible (1-10),202.5,-3.2283333333333317,-3.2820833333333326,-0.9371549329199339,-1.4595269475354051,,0,0,0,0
2015-12-29,15.4,24.9,0.2,7.4,12.5,SSE,35.0,SE,ESE,20,22,51,38,1022.4,1020.7,6,1,21.2,24.1,No,No,0,0,1,2015,12,Dec,2015-12-01,Q4,363,Été,20.15,9.499999999999998,21.0,44.5,1021.55,Sec (≤1 mm),157.5,-0.9283333333333346,-3.182083333333333,-0.2694864727085205,-1.4150574201254145,,0,0,0,0
2015-12-30,15.0,25.6,0.0,7.4,13.1,ESE,26.0,NW,E,6,19,60,50,1019.9,1018.7,0,1,20.2,23.7,No,No,0,0,1,2015,12,Dec,2015-12-01,Q4,364,Été,20.3,10.600000000000001,12.5,55.0,1019.3,Sec (≤1 mm),112.5,-0.22833333333333172,-3.5820833333333333,-0.06628302829635008,-1.5929355297653776,,0,0,0,0
2015-12-31,17.4,26.7,0.0,8.0,12.7,W,41.0,WNW,E,9,24,62,52,1019.4,1016.8,1,5,21.3,24.2,No,No,0,0,1,2015,12,Dec,2015-12-01,Q4,365,Été,22.049999999999997,9.3,16.5,57.0,1018.0999999999999,Sec (≤1 mm),270.0,0.8716666666666661,-1.1820833333333347,0.2530366700656301,-0.5256668719255998,,0,0,0,0
2016-01-01,17.9,25.6,0.0,11.0,12.3,E,35.0,SSW,E,2,28,57,52,1016.4,1013.7,6,4,22.9,24.2,No,No,0,0,1,2016,1,Jan,2016-01-01,Q1,1,Été,21.75,7.700000000000003,15.0,54.5,1015.05,Sec (≤1 mm),90.0,-1.876895306859204,-2.4036101083032513,-0.4896800762265028,-1.1315174980734821,,0,0,0,0
2016-01-02,18.0,25.4,0.0,6.8,3.3,ESE,28.0,W,ESE,0,19,60,51,1013.4,1012.3,7,7,22.3,23.5,No,No,0,0,1,2016,1,Jan,2016-01-01,Q1,2,Été,21.7,7.399999999999999,9.5,55.5,1012.8499999999999,Sec (≤1 mm),112.5,-2.076895306859207,-2.30361010830325,-0.54185987276997,-1.0844417475528516,,0,0,0,0
2016-01-03,20.2,24.6,0.0,8.0,0.0,SE,44.0,SSE,SE,20,22,63,84,1015.2,1014.7,8,8,22.2,19.9,No,Yes,0,1,1,2016,1,Jan,2016-01-01,Q1,3,Été,22.4,4.400000000000002,21.0,73.5,1014.95,Sec (≤1 mm),135.0,-2.876895306859204,-0.10361010830325057,-0.7505790589438357,-0.048775236098992744,,0,0,0,0
2016-01-04,18.6,23.6,15.0,6.4,0.7,ESE,46.0,ESE,ESE,6,7,86,89,1016.8,1016.3,8,8,18.8,19.1,Yes,Yes,1,1,1,2016,1,Jan,2016-01-01,Q1,4,Été,21.1,5.0,6.5,87.5,1016.55,Modérée (10-30),112.5,-3.876895306859204,-1.7036101083032484,-1.0114780416611686,-0.8019872444290711,,0,0,0,0
2016-01-05,17.8,20.3,34.2,0.0,0.0,ESE,54.0,SE,SE,26,26,87,87,1016.5,1014.6,8,8,19.1,19.5,Yes,Yes,1,1,1,2016,1,Jan,2016-01-01,Q1,5,Été,19.05,2.5,26.0,87.0,1015.55,Forte (>30),112.5,-7.176895306859205,-2.503610108303249,-1.8724446846283676,-1.178593248594111,,0,0,0,0
2016-01-06,17.4,18.6,51.4,8.0,0.0,SE,48.0,SE,SSE,19,20,92,91,1012.3,1011.6,8,8,18.2,17.9,Yes,Yes,1,1,1,2016,1,Jan,2016-01-01,Q1,6,Été,18.0,1.2000000000000028,19.5,91.5,1011.95,Forte (>30),135.0,-8.876895306859204,-2.9036101083032513,-2.315972955247833,-1.366896250676632,,0,0,0,0
2016-01-07,16.5,24.4,41.4,2.0,7.6,W,41.0,SSW,SSW,22,24,91,66,1014.0,1015.8,7,7,18.1,21.0,Yes,No,1,0,1,2016,1,Jan,2016-01-01,Q1,7,Été,20.45,7.899999999999999,23.0,78.5,1014.9,Forte (>30),270.0,-3.076895306859207,-3.80361010830325,-0.8027588554873031,-1.7905780053623008,,0,0,0,0
2016-01-08,15.5,25.4,0.4,6.6,12.1,W,41.0,NW,E,4,19,58,53,1020.1,1019.0,5,1,20.6,24.1,No,No,0,0,1,2016,1,Jan,2016-01-01,Q1,8,Été,20.45,9.899999999999999,11.5,55.5,1019.55,Sec (≤1 mm),270.0,-2.076895306859207,-4.80361010830325,-0.54185987276997,-2.2613355105686006,,0,0,0,0
2016-01-09,18.5,25.5,0.0,7.0,8.6,ENE,31.0,N,E,2,22,71,52,1021.9,1018.8,5,6,21.2,24.5,No,No,0,0,1,2016,1,Jan,2016-01-01,Q1,9,Été,22.0,7.0,12.0,61.5,1020.3499999999999,Sec (≤1 mm),67.5,-1.9768953068592054,-1.8036101083032499,-0.5157699744982365,-0.8490629949497017,,0,0,0,0
2016-01-10,18.5,27.1,0.0,8.0,12.2,ENE,41.0,W,ENE,9,26,67,53,1020.4,1017.5,3,1,22.9,26.2,No,No,0,0,1,2016,1,Jan,2016-01-01,Q1,10,Été,22.8,8.600000000000001,17.5,60.0,1018.95,Sec (≤1 mm),67.5,-0.376895306859204,-1.8036101083032499,-0.09833160215050336,-0.8490629949497017,,0,0,0,0
2016-01-11,20.5,31.6,0.0,9.0,12.1,E,28.0,ESE,E,7,15,69,52,1013.3,1009.1,1,1,24.5,31.1,No,No,0,0,1,2016,1,Jan,2016-01-01,Q1,11,Été,26.05,11.100000000000001,11.0,60.5,1011.2,Sec (≤1 mm),90.0,4.123104693140796,0.19638989169675014,1.075713820077495,0.09245201546289747,,0,0,0,0
2016-01-12,23.5,34.0,0.0,10.6,4.4,S,52.0,W,SSE,2,24,56,70,1010.4,1012.1,6,7,26.5,25.9,No,No,0,0,1,2016,1,Jan,2016-01-01,Q1,12,Été,28.75,10.5,13.0,63.0,1011.25,Sec (≤1 mm),180.0,6.5231046931407946,3.19638989169675,1.7018713785990935,1.5047245310817963,,0,0,0,0
2016-01-13,21.3,31.0,0.0,6.0,11.0,NE,37.0,NNE,E,4,28,69,59,1019.7,1016.2,3,1,23.2,26.7,No,No,0,0,1,2016,1,Jan,2016-01-01,Q1,13,Été,26.15,9.7,16.0,64.0,1017.95,Sec (≤1 mm),45.0,3.5231046931407946,0.9963898916967509,0.9191744304470947,0.4690580196279375,,0,0,0,0
2016-01-15,14.3,21.7,34.0,12.2,2.7,S,54.0,W,S,19,22,92,71,1024.4,1024.0,8,7,14.5,19.4,Yes,Yes,1,1,1,2016,1,Jan,2016-01-01,Q1,15,Été,18.0,7.399999999999999,20.5,81.5,1024.2,Forte (>30),180.0,-5.776895306859206,-6.003610108303249,-1.5071861088241019,-2.8262445168161596,,0,0,0,1
2016-01-16,14.3,23.8,5.4,6.0,7.2,SE,43.0,SSE,SSE,20,20,66,45,1026.9,1026.1,7,5,19.7,22.8,Yes,No,1,0,1,2016,1,Jan,2016-01-01,Q1,16,Été,19.05,9.5,20.0,55.5,1026.5,Faible (1-10),135.0,-3.6768953068592047,-6.003610108303249,-0.9592982451177022,-2.8262445168161596,,0,0,0,0
2016-01-17,16.0,26.1,0.0,5.6,11.8,SE,33.0,SSE,ESE,13,22,71,49,1025.1,1022.6,6,4,20.4,25.1,No,No,0,0,1,2016,1,Jan,2016-01-01,Q1,17,Été,21.05,10.100000000000001,17.5,60.0,1023.8499999999999,Sec (≤1 mm),135.0,-1.376895306859204,-4.30361010830325,-0.3592305848678363,-2.0259567579654507,,0,0,0,0
2016-01-18,16.7,27.0,0.0,7.0,13.5,NNE,35.0,WNW,E,6,20,64,55,1020.6,1017.7,2,2,22.1,25.1,No,No,0,0,1,2016,1,Jan,2016-01-01,Q1,18,Été,21.85,10.3,13.0,59.5,1019.1500000000001,Sec (≤1 mm),22.5,-0.47689530685920545,-3.6036101083032506,-0.12442150042223703,-1.6964265043210414,,0,0,0,0
2016-01-19,19.2,30.2,0.0,8.0,13.0,NNE,41.0,N,ENE,6,13,60,54,1017.4,1013.3,3,3,24.2,29.2,No,No,0,0,1,2016,1,Jan,2016-01-01,Q1,19,Été,24.7,11.0,9.5,57.0,1015.3499999999999,Sec (≤1 mm),22.5,2.723104693140794,-1.1036101083032506,0.7104552442732281,-0.5195327413052924,,0,0,0,0
2016-01-20,21.9,37.5,0.0,11.8,10.0,NNE,39.0,ESE,E,4,9,39,39,1012.6,1009.8,1,6,27.9,32.1,No,No,0,0,1,2016,1,Jan,2016-01-01,Q1,20,Été,29.7,15.600000000000001,6.5,39.0,1011.2,Sec (≤1 mm),22.5,10.023104693140795,1.5963898916967487,2.615017818109759,0.7515125227517162,,0,0,0,0
2016-01-21,23.6,33.5,0.0,11.6,6.9,SW,61.0,SW,ENE,4,20,66,48,1010.5,1007.4,5,4,26.2,32.3,No,Yes,0,1,1,2016,1,Jan,2016-01-01,Q1,21,Été,28.55,9.899999999999999,12.0,57.0,1008.95,Sec (≤1 mm),225.0,6.0231046931407946,3.2963898916967516,1.571421887240427,1.5518002816024268,,0,0,0,0
2016-01-22,22.8,29.2,30.6,10.4,1.4,NE,30.0,SSW,E,7,13,85,76,1011.0,1006.4,7,7,24.9,25.7,Yes,Yes,1,1,1,2016,1,Jan,2016-01-01,Q1,22,Été,26.0,6.399999999999999,10.0,80.5,1008.7,Forte (>30),45.0,1.7231046931407938,2.496389891696751,0.44955626155589523,1.175194277437387,,0,0,0,0
2016-01-23,22.3,26.0,13.0,3.4,9.5,W,41.0,S,S,17,33,60,59,1006.7,1008.6,3,6,25.6,25.5,Yes,No,1,0,1,2016,1,Jan,2016-01-01,Q1,23,Été,24.15,3.6999999999999993,25.0,59.5,1007.6500000000001,Modérée (10-30),270.0,-1.4768953068592054,1.9963898916967509,-0.38532048313956996,0.939815524834237,,0,0,0,0
2016-01-24,20.8,25.0,0.0,6.6,0.6,SSE,31.0,SSW,ESE,11,15,73,62,1013.4,1012.1,8,7,21.9,24.1,No,No,0,0,1,2016,1,Jan,2016-01-01,Q1,24,Été,22.9,4.199999999999999,13.0,67.5,1012.75,Sec (≤1 mm),157.5,-2.4768953068592054,0.49638989169675085,-0.6462194658569029,0.23367926702478767,,0,0,0,0
2016-01-25,21.6,25.2,0.0,4.6,0.0,W,41.0,E,E,13,13,73,64,1014.5,1013.3,8,8,23.2,24.7,No,No,0,0,1,2016,1,Jan,2016-01-01,Q1,25,Été,23.4,3.599999999999998,13.0,68.5,1013.9,Sec (≤1 mm),270.0,-2.276895306859206,1.2963898916967516,-0.5940396693134365,0.6102852711898277,,0,0,0,0
2016-01-26,21.6,27.8,0.0,2.4,8.7,W,41.0,E,ENE,11,19,73,54,1017.7,1017.3,8,4,22.9,26.4,No,Yes,0,1,1,2016,1,Jan,2016-01-01,Q1,26,Été,24.700000000000003,6.199999999999999,15.0,63.5,1017.5,Sec (≤1 mm),270.0,0.32310469314079526,1.2963898916967516,0.0842976857516295,0.6102852711898277,,0,0,0,0
2016-01-27,20.8,24.9,2.2,9.8,0.5,NE,48.0,NE,NE,17,15,66,63,1016.2,1014.0,6,8,24.0,24.3,Yes,No,1,0,1,2016,1,Jan,2016-01-01,Q1,27,Été,22.85,4.099999999999998,16.0,64.5,1015.1,Faible (1-10),45.0,-2.576895306859207,0.49638989169675085,-0.6723093641286366,0.23367926702478767,,0,0,0,0
2016-01-28,21.4,27.6,0.4,5.6,6.7,NNE,39.0,N,ENE,17,15,74,64,1008.2,1004.7,7,7,23.5,27.2,No,No,0,0,1,2016,1,Jan,2016-01-01,Q1,28,Été,24.5,6.200000000000003,16.0,69.0,1006.45,Sec (≤1 mm),22.5,0.12310469314079597,1.0963898916967487,0.0321178892081631,0.5161337701485664,,0,0,0,0
2016-01-29,22.4,28.1,0.0,5.0,8.2,NW,65.0,NNE,ESE,11,6,72,86,1003.3,1001.9,3,7,26.3,23.2,No,Yes,0,1,1,2016,1,Jan,2016-01-01,Q1,29,Été,25.25,5.700000000000003,8.5,79.0,1002.5999999999999,Sec (≤1 mm),315.0,0.623104693140796,2.0963898916967487,0.16256738056682957,0.986891275354866,,0,0,0,0
2016-01-30,19.5,28.7,9.0,3.0,3.0,ESE,70.0,W,ESE,17,17,84,62,1004.9,1002.7,8,7,22.4,28.1,Yes,Yes,1,1,1,2016,1,Jan,2016-01-01,Q1,30,Été,24.1,9.2,17.0,73.0,1003.8,Faible (1-10),112.5,1.2231046931407938,-0.8036101083032499,0.3191067701972288,-0.3783054897434021,,0,0,0,0
2016-01-31,19.7,31.1,12.8,5.8,10.0,WNW,48.0,W,WNW,15,26,83,26,1004.4,1003.3,1,5,22.6,31.0,Yes,No,1,0,1,2016,1,Jan,2016-01-01,Q1,31,Été,25.4,11.400000000000002,20.5,54.5,1003.8499999999999,Modérée (10-30),292.5,3.623104693140796,-0.6036101083032506,0.9452643287188284,-0.28415398870214253,,0,0,0,0
2016-02-01,21.8,26.5,0.2,8.0,7.4,SSE,43.0,NNW,SE,2,15,42,52,1004.2,1001.1,5,4,26.0,25.5,No,Yes,0,1,1,2016,2,Feb,2016-02-01,Q1,32,Été,24.15,4.699999999999999,8.5,47.0,1002.6500000000001,Sec (≤1 mm),157.5,-0.38078431372549204,1.613725490196078,-0.11951510461899192,0.769230177314499,,0,0,0,0
2016-02-02,17.0,27.9,2.0,5.0,12.9,SE,33.0,WNW,ESE,17,24,62,45,1006.3,1004.0,2,3,20.9,26.6,Yes,No,1,0,1,2016,2,Feb,2016-02-01,Q1,33,Été,22.45,10.899999999999999,20.5,53.5,1005.15,Faible (1-10),135.0,1.0192156862745065,-3.1862745098039227,0.319896763032706,-1.5188323671155064,,0,0,0,0
2016-02-03,19.3,28.3,0.0,7.6,10.7,SSE,43.0,W,E,4,26,67,59,1003.6,1002.2,5,4,23.4,27.7,No,Yes,0,1,1,2016,2,Feb,2016-02-01,Q1,34,Été,23.8,9.0,15.0,63.0,1002.9000000000001,Sec (≤1 mm),157.5,1.4192156862745087,-0.886274509803922,0.44544301093319194,-0.4224690645761286,,0,0,0,0
2016-02-04,19.1,24.8,10.8,7.6,0.8,S,59.0,SSW,S,24,33,87,55,1012.0,1012.8,8,7,19.7,23.5,Yes,Yes,1,1,1,2016,2,Feb,2016-02-01,Q1,35,Été,21.950000000000003,5.699999999999999,28.5,71.0,1012.4,Modérée (10-30),180.0,-2.0807843137254913,-1.0862745098039213,-0.653086658196054,-0.5178050039273785,,0,0,0,0
2016-02-05,19.6,26.1,3.6,9.6,6.8,SSE,56.0,S,SSE,31,39,59,56,1017.4,1017.6,6,5,22.0,23.9,Yes,Yes,1,1,1,2016,2,Feb,2016-02-01,Q1,36,Été,22.85,6.5,35.0,57.5,1017.5,Faible (1-10),157.5,-0.7807843137254906,-0.5862745098039213,-0.24506135251947672,-0.27946515554925294,,0,0,0,0
2016-02-06,19.9,27.0,1.8,8.8,8.1,SSE,37.0,SE,ESE,20,20,75,49,1018.0,1016.9,7,3,22.8,26.4,Yes,No,1,0,1,2016,2,Feb,2016-02-01,Q1,37,Été,23.45,7.100000000000001,20.0,62.0,1017.45,Faible (1-10),157.5,0.11921568627450796,-0.2862745098039241,0.037417705256614635,-0.13646124652237895,,0,0,0,0
2016-02-07,19.1,27.4,0.0,7.2,10.1,ESE,30.0,WNW,ESE,9,17,76,54,1018.0,1016.6,5,3,22.5,25.7,No,No,0,0,1,2016,2,Feb,2016-02-01,Q1,38,Été,23.25,8.299999999999997,13.0,65.0,1017.3,Sec (≤1 mm),112.5,0.5192156862745065,-1.0862745098039213,0.16296395315709944,-0.5178050039273785,,0,0,0,0
2016-02-08,19.0,28.0,0.0,4.6,12.6,E,24.0,WNW,ESE,11,17,68,54,1019.1,1017.9,2,1,23.0,27.0,No,No,0,0,1,2016,2,Feb,2016-02-01,Q1,39,Été,23.5,9.0,14.0,61.0,1018.5,Sec (≤1 mm),90.0,1.119215686274508,-1.1862745098039227,0.3512833250078278,-0.5654729736030042,,0,0,0,0
2016-02-09,21.0,27.7,0.0,9.8,10.3,SSE,39.0,SSE,SE,26,19,70,47,1020.7,1019.6,6,1,25.0,27.3,No,No,0,0,1,2016,2,Feb,2016-02-01,Q1,40,Été,24.35,6.699999999999999,22.5,58.5,1020.1500000000001,Sec (≤1 mm),157.5,0.8192156862745072,0.8137254901960773,0.2571236390824636,0.38788641990949785,,0,0,0,0
2016-02-10,19.6,28.5,0.2,7.6,12.7,NE,43.0,W,ENE,11,22,68,46,1016.7,1012.9,2,1,23.2,27.6,No,No,0,0,1,2016,2,Feb,2016-02-01,Q1,41,Été,24.05,8.899999999999999,16.5,57.0,1014.8,Sec (≤1 mm),45.0,1.619215686274508,-0.5862745098039213,0.5082161348834343,-0.27946515554925294,,0,0,0,0
2016-02-11,20.7,28.4,0.0,10.4,9.6,E,26.0,WSW,E,6,20,65,58,1015.8,1014.2,3,7,24.6,26.7,No,No,0,0,1,2016,2,Feb,2016-02-01,Q1,42,Été,24.549999999999997,7.699999999999999,13.0,61.5,1015.0,Sec (≤1 mm),90.0,1.5192156862745065,0.5137254901960766,0.47682957290831257,0.24488251088262222,,0,0,0,0
2016-02-12,21.5,28.8,0.0,6.4,12.0,ENE,33.0,W,E,7,22,63,58,1017.0,1015.1,2,1,25.4,27.5,No,No,0,0,1,2016,2,Feb,2016-02-01,Q1,43,Été,25.15,7.300000000000001,14.5,60.5,1016.05,Sec (≤1 mm),67.5,1.9192156862745087,1.3137254901960773,0.6023758208087985,0.6262262682876234,,0,0,0,0
2016-02-13,20.7,28.9,0.0,8.8,12.1,NNE,46.0,N,NE,9,24,60,54,1014.6,1011.5,1,1,25.3,27.7,No,No,0,0,1,2016,2,Feb,2016-02-01,Q1,44,Été,24.799999999999997,8.2,16.5,57.0,1013.05,Sec (≤1 mm),22.5,2.0192156862745065,0.5137254901960766,0.6337623827839192,0.24488251088262222,,0,0,0,0
2016-02-14,21.1,32.5,0.0,9.6,10.4,SSE,48.0,NE,SSE,2,4,58,53,1008.4,1005.3,1,5,26.2,31.5,No,No,0,0,1,2016,2,Feb,2016-02-01,Q1,45,Été,26.8,11.399999999999999,3.0,55.5,1006.8499999999999,Sec (≤1 mm),157.5,5.619215686274508,0.9137254901960787,1.7636786138882867,0.43555438958512366,,0,0,0,0
2016-02-15,22.3,29.3,0.0,8.0,6.9,SW,31.0,W,ESE,15,20,75,62,1011.8,1007.7,7,3,24.1,27.4,No,No,0,0,1,2016,2,Feb,2016-02-01,Q1,46,Été,25.8,7.0,17.5,68.5,1009.75,Sec (≤1 mm),225.0,2.4192156862745087,2.113725490196078,0.759308630684405,1.0075700256926245,,0,0,0,0
2016-02-16,21.5,27.9,0.0,7.0,10.8,SSE,48.0,SSW,SE,17,31,36,51,1009.1,1008.8,1,2,25.3,25.6,No,No,0,0,1,2016,2,Feb,2016-02-01,Q1,47,Été,24.7,6.399999999999999,24.0,43.5,1008.95,Sec (≤1 mm),157.5,1.0192156862745065,1.3137254901960773,0.319896763032706,0.6262262682876234,,0,0,0,0
2016-02-17,19.5,26.0,0.0,8.8,10.4,SSE,39.0,SSW,ESE,22,22,57,34,1011.4,1008.4,3,1,20.5,25.5,No,No,0,0,1,2016,2,Feb,2016-02-01,Q1,48,Été,22.75,6.5,22.0,45.5,1009.9,Sec (≤1 mm),157.5,-0.880784313725492,-0.6862745098039227,-0.2764479144945985,-0.3271331252248787,,0,0,0,0
2016-02-18,18.3,26.4,0.0,8.0,11.7,E,30.0,SSW,ESE,11,19,59,47,1009.8,1008.7,3,1,22.9,26.1,No,No,0,0,1,2016,2,Feb,2016-02-01,Q1,49,Été,22.35,8.099999999999998,15.0,53.0,1009.25,Sec (≤1 mm),90.0,-0.48078431372549346,-1.886274509803922,-0.1509016665941137,-0.8991487613323796,,0,0,0,0
2016-02-19,20.5,29.4,0.0,8.0,11.1,ENE,35.0,NW,ENE,9,20,70,60,1012.4,1009.8,4,1,23.7,28.6,No,No,0,0,1,2016,2,Feb,2016-02-01,Q1,50,Été,24.95,8.899999999999999,14.5,65.0,1011.0999999999999,Sec (≤1 mm),67.5,2.5192156862745065,0.3137254901960773,0.7906951926595257,0.14954657153137235,,0,0,0,0
2016-02-20,23.1,29.3,0.0,9.4,5.9,S,52.0,SSW,S,24,26,75,52,1017.7,1018.2,7,5,24.6,28.8,No,Yes,0,1,1,2016,2,Feb,2016-02-01,Q1,51,Été,26.200000000000003,6.199999999999999,25.0,63.5,1017.95,Sec (≤1 mm),180.0,2.4192156862745087,2.9137254901960787,0.759308630684405,1.3889137830976257,,0,0,0,0
2016-02-21,21.4,27.0,6.0,8.2,4.8,E,37.0,S,ESE,9,13,89,67,1025.4,1024.6,6,4,21.9,26.6,Yes,Yes,1,1,1,2016,2,Feb,2016-02-01,Q1,52,Été,24.2,5.600000000000001,11.0,78.0,1025.0,Faible (1-10),90.0,0.11921568627450796,1.213725490196076,0.037417705256614635,0.5785582986119976,,0,0,0,0
2016-02-22,20.8,28.8,1.2,3.8,11.6,ENE,39.0,W,ENE,11,24,71,59,1025.4,1022.0,1,6,24.3,28.0,Yes,No,1,0,1,2016,2,Feb,2016-02-01,Q1,53,Été,24.8,8.0,17.5,65.0,1023.7,Faible (1-10),67.5,1.9192156862745087,0.613725490196078,0.6023758208087985,0.292550480558248,,0,0,0,0
2016-02-23,21.8,29.7,0.0,9.4,12.4,NNE,43.0,N,ENE,9,22,62,51,1021.3,1017.7,1,1,25.4,28.2,No,No,0,0,1,2016,2,Feb,2016-02-01,Q1,54,Été,25.75,7.899999999999999,15.5,56.5,1019.5,Sec (≤1 mm),22.5,2.8192156862745072,1.613725490196078,0.8848548785848899,0.769230177314499,,0,0,0,0
2016-02-24,20.9,29.5,0.0,11.0,12.3,NNE,46.0,NNE,ENE,11,26,60,58,1016.1,1012.9,0,1,26.1,28.4,No,No,0,0,1,2016,2,Feb,2016-02-01,Q1,55,Été,25.2,8.600000000000001,18.5,59.0,1014.5,Sec (≤1 mm),22.5,2.619215686274508,0.7137254901960759,0.8220817546346474,0.3402184502338721,,0,0,0,0
2016-02-25,21.9,32.8,0.0,8.4,12.2,NNE,44.0,NE,E,7,17,62,45,1012.4,1009.3,0,0,26.1,32.2,No,No,0,0,1,2016,2,Feb,2016-02-01,Q1,56,Été,27.349999999999998,10.899999999999999,12.0,53.5,1010.8499999999999,Sec (≤1 mm),22.5,5.919215686274505,1.713725490196076,1.8578382998136498,0.8168981469901231,,0,0,0,0
2016-02-26,23.2,27.8,0.0,12.2,5.2,S,63.0,SSW,SE,28,22,67,60,1014.9,1015.5,1,7,25.4,26.7,No,No,0,0,1,2016,2,Feb,2016-02-01,Q1,57,Été,25.5,4.600000000000001,25.0,63.5,1015.2,Sec (≤1 mm),180.0,0.9192156862745087,3.0137254901960766,0.28851020105758535,1.4365817527732498,,0,0,0,0
2016-02-27,22.5,27.5,0.0,6.0,10.0,ESE,33.0,ESE,ESE,17,22,60,55,1019.3,1019.0,7,5,26.0,25.2,No,No,0,0,1,2016,2,Feb,2016-02-01,Q1,58,Été,25.0,5.0,19.5,57.5,1019.15,Sec (≤1 mm),112.5,0.619215686274508,2.3137254901960773,0.19435051513222118,1.1029059650438744,,0,0,0,0
2016-02-28,20.7,28.1,0.0,8.0,10.1,E,28.0,W,E,11,17,62,53,1018.8,1017.2,1,1,23.7,26.3,No,No,0,0,1,2016,2,Feb,2016-02-01,Q1,59,Été,24.4,7.400000000000002,14.0,57.5,1018.0,Sec (≤1 mm),90.0,1.2192156862745094,0.5137254901960766,0.3826698869829495,0.24488251088262222,,0,0,0,0
2016-02-29,20.5,27.7,0.0,11.2,5.7,ESE,31.0,W,SE,9,20,73,60,1021.2,1020.4,7,5,23.0,27.5,No,No,0,0,1,2016,2,Feb,2016-02-01,Q1,60,Été,24.1,7.199999999999999,14.5,66.5,1020.8,Sec (≤1 mm),112.5,0.8192156862745072,0.3137254901960773,0.2571236390824636,0.14954657153137235,,0,0,0,0
2016-03-01,21.3,28.2,0.0,4.2,7.7,ENE,33.0,E,ENE,4,26,72,47,1022.0,1019.9,4,1,23.6,27.6,No,No,0,0,1,2016,3,Mar,2016-03-01,Q1,61,Automne,24.75,6.899999999999999,15.0,59.5,1020.95,Sec (≤1 mm),67.5,2.3187096774193563,2.4425806451612893,0.9464225778055874,1.1385155545340864,,0,0,0,0
2016-03-02,20.3,28.8,0.0,7.8,10.7,NNE,50.0,NNE,ENE,13,30,59,52,1021.1,1018.9,7,7,25.1,28.1,No,No,0,0,1,2016,3,Mar,2016-03-01,Q1,62,Automne,24.55,8.5,21.5,55.5,1020.0,Sec (≤1 mm),22.5,2.9187096774193577,1.4425806451612893,1.1913232448504394,0.6724037981875902,,0,0,0,0
2016-03-03,22.2,28.7,0.0,8.2,10.2,NE,46.0,NNE,NE,4,26,71,58,1021.3,1019.4,3,4,25.2,28.4,No,No,0,0,1,2016,3,Mar,2016-03-01,Q1,63,Automne,25.45,6.5,15.0,64.5,1020.3499999999999,Sec (≤1 mm),45.0,2.8187096774193563,3.342580645161288,1.15050646700963,1.5580161352459323,,0,0,0,0
2016-03-04,22.8,28.3,0.0,9.6,10.1,NE,39.0,N,NE,20,24,70,53,1022.0,1020.1,7,2,24.9,26.9,No,No,0,0,1,2016,3,Mar,2016-03-01,Q1,64,Automne,25.55,5.5,22.0,61.5,1021.05,Sec (≤1 mm),45.0,2.4187096774193577,3.9425806451612893,0.9872393556463965,1.8376831890538308,,0,0,0,0
2016-03-05,20.6,27.6,0.0,9.2,10.6,NE,41.0,NNE,NE,11,24,64,55,1021.7,1019.4,1,1,24.6,27.2,No,No,0,0,1,2016,3,Mar,2016-03-01,Q1,65,Automne,24.1,7.0,17.5,59.5,1020.55,Sec (≤1 mm),45.0,1.7187096774193584,1.74258064516129,0.7015219107607369,0.8122373250915393,,0,0,0,0
2016-03-06,20.8,27.9,0.0,9.8,10.5,NE,46.0,N,NE,4,20,64,59,1022.9,1021.2,2,1,24.9,26.3,No,No,0,0,1,2016,3,Mar,2016-03-01,Q1,66,Automne,24.35,7.099999999999998,12.0,61.5,1022.05,Sec (≤1 mm),45.0,2.0187096774193556,1.9425806451612893,0.8239722442831614,0.9054596763608384,,0,0,0,0
2016-03-07,21.0,28.3,0.0,8.0,11.8,ENE,44.0,E,NE,7,26,71,57,1021.6,1018.8,2,1,24.5,26.8,No,No,0,0,1,2016,3,Mar,2016-03-01,Q1,67,Automne,24.65,7.300000000000001,16.5,64.0,1020.2,Sec (≤1 mm),67.5,2.4187096774193577,2.1425806451612885,0.9872393556463965,0.9986820276301372,,0,0,0,0
2016-03-08,22.4,28.1,0.0,8.8,10.8,ENE,33.0,NE,ENE,7,20,61,57,1023.4,1022.6,1,3,26.2,27.0,No,No,0,0,1,2016,3,Mar,2016-03-01,Q1,68,Automne,25.25,5.700000000000003,13.5,59.0,1023.0,Sec (≤1 mm),67.5,2.2187096774193584,3.542580645161287,0.9056057999647797,1.6512384865152312,,0,0,0,0
2016-03-09,22.9,29.3,0.0,9.2,10.1,NNE,43.0,N,NE,13,24,71,55,1021.6,1017.9,4,4,24.8,29.1,No,No,0,0,1,2016,3,Mar,2016-03-01,Q1,69,Automne,26.1,6.400000000000002,18.5,63.0,1019.75,Sec (≤1 mm),22.5,3.4187096774193577,4.042580645161287,1.395407134054482,1.8842943646884793,,0,0,0,0
2016-03-10,22.0,30.6,0.0,8.0,6.5,SE,31.0,SSE,SSE,2,24,84,59,1019.7,1018.9,7,7,24.0,28.5,No,No,0,0,1,2016,3,Mar,2016-03-01,Q1,70,Automne,26.3,8.600000000000001,13.0,71.5,1019.3,Sec (≤1 mm),135.0,4.718709677419358,3.1425806451612885,1.9260252459849936,1.4647937839766334,,0,0,0,0
2016-03-11,22.8,27.8,0.0,5.8,2.3,ENE,37.0,ENE,ENE,6,19,79,66,1020.1,1017.9,8,7,23.8,26.8,No,No,0,0,1,2016,3,Mar,2016-03-01,Q1,71,Automne,25.3,5.0,12.5,72.5,1019.0,Sec (≤1 mm),67.5,1.9187096774193577,3.9425806451612893,0.7831554664423538,1.8376831890538308,,0,0,0,0
2016-03-12,21.8,28.7,0.0,4.6,10.7,NE,43.0,WNW,E,9,24,73,60,1019.6,1018.0,1,2,24.6,27.6,No,No,0,0,1,2016,3,Mar,2016-03-01,Q1,72,Automne,25.25,6.899999999999999,16.5,66.5,1018.8,Sec (≤1 mm),45.0,2.8187096774193563,2.9425806451612893,1.15050646700963,1.3715714327073345,,0,0,0,0
2016-03-13,22.6,27.7,0.0,9.0,7.7,ENE,30.0,NE,ENE,11,20,63,63,1020.5,1017.9,4,7,25.8,26.2,No,No,0,0,1,2016,3,Mar,2016-03-01,Q1,73,Automne,25.15,5.099999999999998,15.5,63.0,1019.2,Sec (≤1 mm),67.5,1.8187096774193563,3.74258064516129,0.7423386886015446,1.7444608377845319,,0,0,0,0
2016-03-14,21.8,30.7,0.0,7.2,4.9,SSW,41.0,WNW,SE,9,20,84,54,1016.3,1014.3,7,6,22.9,29.9,No,Yes,0,1,1,2016,3,Mar,2016-03-01,Q1,74,Automne,26.25,8.899999999999999,14.5,69.0,1015.3,Sec (≤1 mm),202.5,4.818709677419356,2.9425806451612893,1.9668420238258013,1.3715714327073345,,0,0,0,0
2016-03-15,19.9,25.6,16.8,7.0,4.5,SSW,44.0,SW,S,11,26,89,66,1019.5,1018.6,7,6,20.2,24.3,Yes,Yes,1,1,1,2016,3,Mar,2016-03-01,Q1,75,Automne,22.75,5.700000000000003,18.5,77.5,1019.05,Modérée (10-30),202.5,-0.28129032258064157,1.0425806451612871,-0.11481364605543422,0.4859590956489907,,0,0,0,0
2016-03-16,19.7,26.2,23.0,6.0,7.6,ESE,39.0,S,SSW,9,20,88,58,1019.7,1018.0,8,4,20.7,25.4,Yes,Yes,1,1,1,2016,3,Mar,2016-03-01,Q1,76,Automne,22.95,6.5,14.5,73.0,1018.85,Modérée (10-30),112.5,0.3187096774193563,0.8425806451612878,0.13008702098941624,0.3927367443796918,,0,0,0,0
2016-03-17,19.0,26.1,13.6,5.2,7.5,W,41.0,NW,E,4,15,92,59,1017.0,1012.9,7,4,19.6,25.5,Yes,Yes,1,1,1,2016,3,Mar,2016-03-01,Q1,77,Automne,22.55,7.100000000000001,9.5,75.5,1014.95,Modérée (10-30),270.0,0.21870967741935843,0.14258064516128854,0.08927024314860857,0.06645851493714476,,0,0,0,0
2016-03-18,19.6,28.2,3.4,5.6,4.4,SSW,52.0,NNE,NNE,11,13,71,67,1003.6,997.6,7,7,23.4,26.4,Yes,Yes,1,1,1,2016,3,Mar,2016-03-01,Q1,78,Automne,23.9,8.599999999999998,12.0,69.0,1000.6,Faible (1-10),202.5,2.3187096774193563,0.74258064516129,0.9464225778055874,0.34612556874504313,,0,0,0,0
2016-03-19,16.2,24.4,4.8,5.4,11.0,W,44.0,WSW,SE,20,22,43,36,1010.9,1011.2,1,1,18.4,23.8,Yes,No,1,0,1,2016,3,Mar,2016-03-01,Q1,79,Automne,20.299999999999997,8.2,21.0,39.5,1011.05,Faible (1-10),270.0,-1.4812903225806444,-2.657419354838712,-0.604614980145138,-1.238654402833045,,0,0,0,0
2016-03-20,17.4,22.0,0.2,7.8,3.4,S,52.0,SSW,S,15,20,63,81,1017.5,1016.8,7,8,18.6,18.1,No,Yes,0,1,1,2016,3,Mar,2016-03-01,Q1,80,Automne,19.7,4.600000000000001,17.5,72.0,1017.15,Sec (≤1 mm),180.0,-3.881290322580643,-1.4574193548387129,-1.584217648324543,-0.6793202952172499,,0,0,0,0
2016-03-21,15.4,21.2,61.2,5.8,2.7,S,43.0,WSW,SSW,19,24,91,65,1018.8,1016.5,8,7,15.6,20.7,Yes,Yes,1,1,1,2016,3,Mar,2016-03-01,Q1,81,Automne,18.3,5.799999999999999,21.5,78.0,1017.65,Forte (>30),180.0,-4.681290322580644,-3.457419354838711,-1.9107518710510116,-1.6115438079102415,,1,0,0,0
2016-03-22,14.3,23.8,25.4,2.8,6.9,S,50.0,W,S,20,19,74,63,1017.5,1015.5,3,7,17.1,21.5,Yes,Yes,1,1,1,2016,3,Mar,2016-03-01,Q1,82,Automne,19.05,9.5,19.5,68.5,1016.5,Modérée (10-30),180.0,-2.0812903225806423,-4.557419354838711,-0.8495156471899885,-2.1242667398913873,,0,0,0,0
2016-03-23,14.9,25.3,1.6,4.2,9.5,W,33.0,W,ESE,20,15,66,51,1018.2,1016.9,1,3,18.3,23.9,Yes,No,1,0,1,2016,3,Mar,2016-03-01,Q1,83,Automne,20.1,10.4,17.5,58.5,1017.55,Faible (1-10),270.0,-0.5812903225806423,-3.957419354838711,-0.23726397957786016,-1.8445996860834897,,0,0,0,0
2016-03-24,16.5,27.4,0.0,5.2,9.3,ENE,31.0,W,E,11,24,73,51,1020.7,1019.0,6,3,19.4,25.8,No,No,0,0,1,2016,3,Mar,2016-03-01,Q1,84,Automne,21.95,10.899999999999999,17.5,62.0,1019.85,Sec (≤1 mm),67.5,1.5187096774193556,-2.3574193548387115,0.6198883550791187,-1.0988208759290958,,0,0,0,0
2016-03-25,19.3,25.2,0.0,6.8,0.3,S,24.0,WNW,WNW,11,9,78,62,1018.9,1016.3,7,7,20.4,22.9,No,No,0,0,1,2016,3,Mar,2016-03-01,Q1,85,Automne,22.25,5.899999999999999,10.0,70.0,1017.5999999999999,Sec (≤1 mm),180.0,-0.6812903225806437,0.44258064516128925,-0.27808075741866933,0.20629204184109395,,0,0,0,0
2016-03-26,17.1,26.0,0.0,3.0,10.2,ENE,28.0,WNW,ENE,17,17,71,59,1018.6,1016.0,2,2,20.0,24.5,No,No,0,0,1,2016,3,Mar,2016-03-01,Q1,86,Automne,21.55,8.899999999999999,17.0,65.0,1017.3,Sec (≤1 mm),67.5,0.11870967741935701,-1.75741935483871,0.048453465307799426,-0.8191538221211974,,0,0,0,0
2016-03-27,19.3,24.2,0.2,4.0,5.7,ESE,41.0,S,E,9,20,83,63,1018.2,1017.0,5,6,22.2,23.0,No,Yes,0,1,1,2016,3,Mar,2016-03-01,Q1,87,Automne,21.75,4.899999999999999,14.5,73.0,1017.6,Sec (≤1 mm),112.5,-1.6812903225806437,0.44258064516128925,-0.6862485358267548,0.20629204184109395,,0,0,0,0
2016-03-28,19.4,26.0,34.8,5.8,4.1,SSW,26.0,S,ESE,15,20,88,64,1018.7,1015.7,6,6,20.6,26.0,Yes,No,1,0,1,2016,3,Mar,2016-03-01,Q1,88,Automne,22.7,6.600000000000001,17.5,76.0,1017.2,Forte (>30),202.5,0.11870967741935701,0.5425806451612871,0.048453465307799426,0.25290321747574257,,0,0,0,0
2016-03-29,20.6,23.3,0.0,4.0,0.0,SSW,37.0,SSW,SSW,13,19,84,84,1017.5,1016.0,7,8,21.2,21.1,No,Yes,0,1,1,2016,3,Mar,2016-03-01,Q1,89,Automne,21.950000000000003,2.6999999999999993,16.0,84.0,1016.75,Sec (≤1 mm),202.5,-2.5812903225806423,1.74258064516129,-1.0535995363940314,0.8122373250915393,,0,0,0,0
2016-03-30,19.0,28.7,7.0,1.4,7.5,WNW,30.0,W,NW,17,7,81,31,1015.0,1012.0,1,6,20.5,26.8,Yes,Yes,1,1,1,2016,3,Mar,2016-03-01,Q1,90,Automne,23.85,9.7,12.0,56.0,1013.5,Faible (1-10),292.5,2.8187096774193563,0.14258064516128854,1.15050646700963,0.06645851493714476,,0,0,0,0
2016-03-31,16.5,25.6,1.2,6.8,10.6,SSE,39.0,W,SSE,20,20,51,42,1017.1,1016.2,1,2,19.9,24.7,Yes,No,1,0,1,2016,3,Mar,2016-03-01,Q1,91,Automne,21.05,9.100000000000001,20.0,46.5,1016.6500000000001,Faible (1-10),157.5,-0.28129032258064157,-2.3574193548387115,-0.11481364605543422,-1.0988208759290958,,0,0,0,0
2016-04-01,16.6,25.6,0.0,5.4,10.2,NE,37.0,W,ENE,15,28,69,58,1019.1,1015.1,3,1,20.2,24.9,No,No,0,0,1,2016,4,Apr,2016-04-01,Q2,92,Automne,21.1,9.0,21.5,63.5,1017.1,Sec (≤1 mm),45.0,2.1083018867924537,1.2407547169811348,0.7562750355433533,0.5414043246512057,,0,0,0,0
2016-04-02,18.3,31.2,0.0,6.8,10.3,SSE,35.0,W,SW,19,9,63,19,1016.4,1014.6,7,3,19.9,29.7,No,No,0,0,1,2016,4,Apr,2016-04-01,Q2,93,Automne,24.75,12.899999999999999,14.0,41.0,1015.5,Sec (≤1 mm),157.5,7.7083018867924515,2.940754716981134,2.7650671471351473,1.2832007001237347,,0,0,0,0
2016-04-03,19.5,25.2,0.0,6.8,6.7,SSE,35.0,SSW,ESE,17,19,74,64,1024.6,1022.1,6,2,21.2,23.3,No,Yes,0,1,1,2016,4,Apr,2016-04-01,Q2,94,Automne,22.35,5.699999999999999,18.0,69.0,1023.3499999999999,Sec (≤1 mm),157.5,1.7083018867924515,4.140754716981133,0.6127898847153671,1.8068216710455198,,0,0,0,0
2016-04-04,18.7,23.5,94.4,3.4,0.8,ENE,33.0,SE,ESE,6,17,91,71,1023.2,1019.6,8,7,19.5,23.3,Yes,Yes,1,1,1,2016,4,Apr,2016-04-01,Q2,95,Automne,21.1,4.800000000000001,11.5,81.0,1021.4000000000001,Forte (>30),67.5,0.008301886792452251,3.3407547169811327,0.002977993696429677,1.4577410237643291,,1,0,0,0
2016-04-05,18.6,26.2,6.4,3.0,10.4,W,41.0,NNE,NNE,9,24,64,58,1020.1,1015.2,1,3,23.5,25.6,Yes,No,1,0,1,2016,4,Apr,2016-04-01,Q2,96,Automne,22.4,7.599999999999998,16.5,61.0,1017.6500000000001,Faible (1-10),270.0,2.7083018867924515,3.240754716981135,0.9715027617853306,1.4141059428541813,,0,0,0,0
2016-04-06,19.9,34.2,0.0,6.8,10.6,NE,43.0,ESE,NNE,7,26,54,46,1015.9,1011.6,1,1,25.0,29.3,No,No,0,0,1,2016,4,Apr,2016-04-01,Q2,97,Automne,27.05,14.300000000000004,16.5,50.0,1013.75,Sec (≤1 mm),45.0,10.708301886792455,4.540754716981132,3.8412057783450386,1.9813619946861143,Chaleur extrême,0,0,0,0
2016-04-07,19.9,20.5,0.2,8.4,0.0,SSE,43.0,SSE,SSE,26,19,59,54,1023.2,1022.3,8,7,20.1,19.9,No,No,0,0,1,2016,4,Apr,2016-04-01,Q2,98,Automne,20.2,0.6000000000000014,22.5,56.5,1022.75,Sec (≤1 mm),157.5,-2.9916981132075477,4.540754716981132,-1.0731606375134604,1.9813619946861143,,0,0,0,0
2016-04-08,17.7,20.6,0.0,4.0,0.0,ENE,31.0,W,E,13,2,71,70,1023.5,1021.2,8,8,18.8,20.5,No,No,0,0,1,2016,4,Apr,2016-04-01,Q2,99,Automne,19.15,2.900000000000002,7.5,70.5,1022.35,Sec (≤1 mm),67.5,-2.8916981132075463,2.3407547169811327,-1.0372893498064635,1.0213902146628413,,0,0,0,0
2016-04-09,16.0,25.0,0.4,1.2,9.5,ESE,26.0,WNW,SE,17,15,65,57,1022.0,1018.8,2,7,19.3,24.0,No,No,0,0,1,2016,4,Apr,2016-04-01,Q2,100,Automne,20.5,9.0,16.0,61.0,1020.4,Sec (≤1 mm),112.5,1.5083018867924523,0.6407547169811334,0.5410473093013747,0.2795938391903124,,0,0,0,0
2016-04-10,16.1,27.3,0.0,3.8,9.6,W,41.0,WNW,E,19,19,70,51,1019.8,1015.5,5,3,19.3,23.7,No,No,0,0,1,2016,4,Apr,2016-04-01,Q2,101,Automne,21.700000000000003,11.2,19.0,60.5,1017.65,Sec (≤1 mm),270.0,3.808301886792453,0.7407547169811348,1.3660869265622908,0.3232289201004618,,0,0,0,0
2016-04-11,16.1,26.5,0.0,6.4,9.4,WSW,31.0,WNW,SE,15,19,51,46,1017.5,1016.4,3,6,19.6,24.1,No,Yes,0,1,1,2016,4,Apr,2016-04-01,Q2,102,Automne,21.3,10.399999999999999,17.0,48.5,1016.95,Sec (≤1 mm),247.5,3.0083018867924523,0.7407547169811348,1.0791166249063198,0.3232289201004618,,0,0,0,0
2016-04-12,17.4,22.9,8.2,5.6,5.7,S,35.0,SE,SSE,7,22,85,68,1023.1,1021.8,7,5,18.3,20.5,Yes,No,1,0,1,2016,4,Apr,2016-04-01,Q2,103,Automne,20.15,5.5,14.5,76.5,1022.45,Faible (1-10),180.0,-0.5916981132075492,2.040754716981132,-0.21224973254554885,0.8904849719323947,,0,0,0,0
2016-04-13,15.5,24.2,0.6,4.2,8.3,ESE,28.0,WNW,ESE,11,19,72,57,1027.4,1026.3,6,2,19.7,22.5,No,No,0,0,1,2016,4,Apr,2016-04-01,Q2,104,Automne,19.85,8.7,15.0,64.5,1026.85,Sec (≤1 mm),112.5,0.7083018867924515,0.1407547169811334,0.2540770076454038,0.06141843463956848,,0,0,0,0
2016-04-14,15.7,22.9,0.6,3.4,2.4,ENE,33.0,S,NE,6,15,88,62,1030.2,1027.5,7,7,18.6,22.3,No,No,0,0,1,2016,4,Apr,2016-04-01,Q2,105,Automne,19.299999999999997,7.199999999999999,10.5,75.0,1028.85,Sec (≤1 mm),67.5,-0.5916981132075492,0.3407547169811327,-0.21224973254554885,0.14868859645986574,,0,0,0,0
2016-04-15,16.5,24.6,1.0,3.4,9.9,NE,33.0,W,NE,2,19,66,51,1026.4,1021.8,6,5,21.3,24.2,No,No,0,0,1,2016,4,Apr,2016-04-01,Q2,106,Automne,20.55,8.100000000000001,10.5,58.5,1024.1,Sec (≤1 mm),45.0,1.1083018867924537,1.1407547169811334,0.3975621584733899,0.4977692437410563,,0,0,0,0
2016-04-16,16.6,25.5,0.0,5.0,9.3,SSE,28.0,W,ENE,7,11,69,49,1021.2,1017.8,6,7,19.8,24.7,No,No,0,0,1,2016,4,Apr,2016-04-01,Q2,107,Automne,21.05,8.899999999999999,9.0,59.0,1019.5,Sec (≤1 mm),157.5,2.0083018867924523,1.2407547169811348,0.7204037478363564,0.5414043246512057,,0,0,0,0
2016-04-17,19.1,23.2,0.0,4.6,3.2,SSW,43.0,SSW,SSE,15,17,73,77,1022.1,1020.4,7,7,20.1,20.5,No,Yes,0,1,1,2016,4,Apr,2016-04-01,Q2,108,Automne,21.15,4.099999999999998,16.0,75.0,1021.25,Sec (≤1 mm),202.5,-0.29169811320754846,3.740754716981135,-0.10463586942455959,1.6322813474049254,,0,0,0,0
2016-04-18,15.1,24.2,2.0,3.0,7.6,SSE,37.0,W,SSE,17,17,75,68,1021.8,1019.2,6,7,18.9,21.2,Yes,Yes,1,1,1,2016,4,Apr,2016-04-01,Q2,109,Automne,19.65,9.1,17.0,71.5,1020.5,Faible (1-10),157.5,0.7083018867924515,-0.25924528301886696,0.2540770076454038,-0.11312188900102679,,0,0,0,0
2016-04-19,16.9,23.9,15.0,5.0,6.9,W,24.0,W,ESE,13,17,83,68,1021.7,1020.1,3,7,19.5,22.2,Yes,Yes,1,1,1,2016,4,Apr,2016-04-01,Q2,110,Automne,20.4,7.0,15.0,75.5,1020.9000000000001,Modérée (10-30),270.0,0.40830188679245083,1.540754716981132,0.14646314452441453,0.6723095673816508,,0,0,0,0
2016-04-20,16.7,25.5,15.8,3.4,10.3,E,22.0,W,E,15,13,82,66,1024.6,1022.0,3,2,19.3,23.2,Yes,No,1,0,1,2016,4,Apr,2016-04-01,Q2,111,Automne,21.1,8.8,14.0,74.0,1023.3,Modérée (10-30),90.0,2.0083018867924523,1.3407547169811327,0.7204037478363564,0.5850394055613536,,0,0,0,0
2016-04-21,17.3,24.5,0.0,3.4,10.5,ENE,30.0,W,NE,9,13,79,69,1023.1,1019.1,2,5,20.2,24.1,No,No,0,0,1,2016,4,Apr,2016-04-01,Q2,112,Automne,20.9,7.199999999999999,11.0,74.0,1021.1,Sec (≤1 mm),67.5,1.0083018867924523,1.940754716981134,0.36169087076639306,0.8468498910222468,,0,0,0,0
2016-04-22,17.1,25.9,0.0,4.0,7.1,SSW,44.0,WNW,S,13,24,70,69,1020.1,1019.1,1,7,20.2,21.8,No,Yes,0,1,1,2016,4,Apr,2016-04-01,Q2,113,Automne,21.5,8.799999999999997,18.5,69.5,1019.6,Sec (≤1 mm),202.5,2.408301886792451,1.7407547169811348,0.8638888986643413,0.7595797292019496,,0,0,0,0
2016-04-23,16.2,20.2,6.6,3.4,1.3,SSW,52.0,SSW,SSW,22,17,83,85,1024.2,1024.5,7,6,16.8,16.5,Yes,Yes,1,1,1,2016,4,Apr,2016-04-01,Q2,114,Automne,18.2,4.0,19.5,84.0,1024.35,Faible (1-10),202.5,-3.2916981132075485,0.8407547169811327,-1.1807745006344497,0.3668640010106097,,0,0,0,0
2016-04-24,15.3,23.1,3.8,2.6,9.9,SSE,43.0,ESE,ESE,22,20,61,49,1029.8,1029.3,5,3,20.1,21.5,Yes,No,1,0,1,2016,4,Apr,2016-04-01,Q2,115,Automne,19.200000000000003,7.800000000000001,21.0,55.0,1029.55,Faible (1-10),157.5,-0.39169811320754633,-0.05924528301886589,-0.14050715713155515,-0.025851727180728767,,0,0,0,0
2016-04-25,13.1,22.8,0.0,4.8,10.4,W,20.0,WNW,ESE,13,15,76,53,1032.0,1029.4,1,1,16.3,21.7,No,No,0,0,1,2016,4,Apr,2016-04-01,Q2,116,Automne,17.95,9.700000000000001,14.0,64.5,1030.7,Sec (≤1 mm),270.0,-0.691698113207547,-2.259245283018867,-0.24812102025254443,-0.9858235072040025,,0,0,0,0
2016-04-26,14.2,23.7,0.0,2.8,9.6,W,22.0,WNW,E,13,13,75,56,1030.9,1027.6,3,3,17.2,22.2,No,No,0,0,1,2016,4,Apr,2016-04-01,Q2,117,Automne,18.95,9.5,13.0,65.5,1029.25,Sec (≤1 mm),270.0,0.20830188679245154,-1.1592452830188673,0.0747205691104221,-0.505837617192366,,0,0,0,0
2016-04-27,15.3,23.7,0.0,2.8,10.7,NE,35.0,WNW,NE,15,19,78,54,1028.1,1023.7,1,2,17.8,23.0,No,No,0,0,1,2016,4,Apr,2016-04-01,Q2,118,Automne,19.5,8.399999999999999,17.0,66.0,1025.9,Sec (≤1 mm),45.0,0.20830188679245154,-0.05924528301886589,0.0747205691104221,-0.025851727180728767,,0,0,0,0
2016-04-28,15.7,25.1,0.0,5.2,7.7,E,24.0,W,E,11,20,84,61,1024.9,1021.5,7,1,18.4,23.7,No,No,0,0,1,2016,4,Apr,2016-04-01,Q2,119,Automne,20.4,9.400000000000002,15.5,72.5,1023.2,Sec (≤1 mm),90.0,1.6083018867924537,0.3407547169811327,0.5769185970083716,0.14868859645986574,,0,0,0,0
2016-04-29,16.0,24.2,0.0,4.8,4.6,NE,26.0,W,NE,13,11,75,65,1022.8,1018.5,4,8,18.8,23.3,No,No,0,0,1,2016,4,Apr,2016-04-01,Q2,120,Automne,20.1,8.2,12.0,70.0,1020.65,Sec (≤1 mm),45.0,0.7083018867924515,0.6407547169811334,0.2540770076454038,0.2795938391903124,,0,0,0,0
2016-04-30,18.8,26.5,0.0,3.4,4.5,N,33.0,NE,WNW,4,9,74,54,1018.7,1015.6,8,6,20.5,26.0,No,Yes,0,1,1,2016,4,Apr,2016-04-01,Q2,121,Automne,22.65,7.699999999999999,6.5,64.0,1017.1500000000001,Sec (≤1 mm),0.0,3.0083018867924523,3.440754716981134,1.0791166249063198,1.5013761046744787,,0,0,0,0
2016-05-01,18.1,26.1,2.8,3.4,4.7,NNW,44.0,N,N,19,20,86,55,1013.6,1009.6,7,5,19.4,25.4,Yes,No,1,0,1,2016,5,May,2016-05-01,Q2,122,Automne,22.1,8.0,19.5,70.5,1011.6,Faible (1-10),337.5,4.946451612903225,5.989354838709678,1.9273651683185553,2.8643918751164024,,0,0,0,0
2016-05-02,13.9,21.3,0.0,4.8,6.1,W,41.0,NW,NE,7,9,56,60,1017.3,1012.2,0,7,16.3,21.2,No,No,0,0,1,2016,5,May,2016-05-01,Q2,123,Automne,17.6,7.4,8.0,58.0,1014.75,Sec (≤1 mm),270.0,0.14645161290322406,1.7893548387096772,0.05706428762336076,0.8557538499095535,,0,0,0,0
2016-05-03,12.8,26.4,0.0,3.4,10.4,NW,33.0,W,WNW,11,20,61,27,1012.6,1006.4,1,0,16.0,25.8,No,No,0,0,1,2016,5,May,2016-05-01,Q2,124,Automne,19.6,13.599999999999998,15.5,44.0,1009.5,Sec (≤1 mm),315.0,5.246451612903222,0.6893548387096775,2.0442589733620036,0.3296819861649029,,0,0,0,0
2016-05-04,16.0,26.2,0.0,8.0,10.2,NNW,26.0,W,E,17,15,49,41,1015.2,1014.2,1,2,19.1,23.1,No,No,0,0,1,2016,5,May,2016-05-01,Q2,125,Automne,21.1,10.2,16.0,45.0,1014.7,Sec (≤1 mm),337.5,5.046451612903223,3.889354838709677,1.9663297699997042,1.8600728625129777,,0,0,0,0
2016-05-05,13.5,22.4,0.0,4.0,10.1,W,28.0,WNW,E,13,20,55,54,1020.7,1016.9,1,1,16.2,21.3,No,No,0,0,1,2016,5,May,2016-05-01,Q2,126,Automne,17.95,8.899999999999999,16.5,54.5,1018.8,Sec (≤1 mm),270.0,1.246451612903222,1.3893548387096768,0.4856749061160086,0.6644549903660439,,0,0,0,0
2016-05-06,14.0,26.7,0.0,3.4,9.9,W,41.0,W,ESE,19,13,69,42,1019.6,1017.2,4,1,16.4,23.2,No,No,0,0,1,2016,5,May,2016-05-01,Q2,127,Automne,20.35,12.7,16.0,55.5,1018.4000000000001,Sec (≤1 mm),270.0,5.546451612903223,1.8893548387096768,2.161152778405454,0.9035785647954307,,0,0,0,0
2016-05-07,12.4,22.9,0.0,5.6,8.7,W,24.0,W,ENE,13,13,75,60,1021.3,1018.4,0,6,15.4,21.6,No,No,0,0,1,2016,5,May,2016-05-01,Q2,128,Automne,17.65,10.499999999999998,13.0,67.5,1019.8499999999999,Sec (≤1 mm),270.0,1.746451612903222,0.28935483870967715,0.680497914521758,0.13838312662139335,,0,0,0,0
2016-05-08,15.3,20.8,0.0,1.4,0.0,WNW,22.0,W,E,11,9,86,74,1018.5,1013.8,7,7,18.2,20.5,No,Yes,0,1,1,2016,5,May,2016-05-01,Q2,129,Automne,18.05,5.5,10.0,80.0,1016.15,Sec (≤1 mm),292.5,-0.35354838709677594,3.1893548387096775,-0.13775872078238866,1.5252998583118365,,0,0,0,0
2016-05-09,18.0,22.2,1.6,1.0,0.0,NW,43.0,NNE,NNE,11,17,76,72,1008.8,1003.7,7,7,20.1,21.8,Yes,No,1,0,1,2016,5,May,2016-05-01,Q2,130,Automne,20.1,4.199999999999999,14.0,74.0,1006.25,Faible (1-10),315.0,1.0464516129032226,5.889354838709677,0.40774570275370914,2.8165671602305244,,0,0,0,0
2016-05-10,17.3,24.6,0.0,4.4,9.7,NW,72.0,NW,WNW,20,35,51,35,1006.5,1004.3,1,1,19.8,23.8,No,No,0,0,1,2016,5,May,2016-05-01,Q2,131,Automne,20.950000000000003,7.300000000000001,27.5,43.0,1005.4,Sec (≤1 mm),315.0,3.4464516129032248,5.1893548387096775,1.3428961431013071,2.4817941560293835,,0,0,0,0
2016-05-11,12.6,23.1,0.0,8.0,7.5,W,43.0,WSW,WSW,9,17,51,21,1015.5,1012.2,1,6,15.3,21.3,No,No,0,0,1,2016,5,May,2016-05-01,Q2,132,Automne,17.85,10.500000000000002,13.0,36.0,1013.85,Sec (≤1 mm),270.0,1.9464516129032248,0.48935483870967644,0.7584271178840588,0.2340325563931477,,0,0,0,0
2016-05-12,13.7,24.5,0.0,6.0,9.1,W,46.0,NNW,WNW,15,22,52,35,1014.7,1013.9,2,6,17.5,23.3,No,No,0,0,1,2016,5,May,2016-05-01,Q2,133,Automne,19.1,10.8,18.5,43.5,1014.3,Sec (≤1 mm),270.0,3.3464516129032233,1.589354838709676,1.3039315414201567,0.7601044201377983,,0,0,0,0
2016-05-13,13.9,25.9,0.0,4.0,10.0,WSW,30.0,WNW,WNW,13,11,60,32,1021.8,1019.6,1,1,17.3,25.6,No,No,0,0,1,2016,5,May,2016-05-01,Q2,134,Automne,19.9,11.999999999999998,12.0,46.0,1020.7,Sec (≤1 mm),247.5,4.746451612903222,1.7893548387096772,1.8494359649562544,0.8557538499095535,,0,0,0,0
2016-05-14,12.4,26.6,0.0,7.2,10.2,W,28.0,WNW,ENE,19,15,62,50,1023.7,1019.9,0,0,14.7,22.3,No,No,0,0,1,2016,5,May,2016-05-01,Q2,135,Automne,19.5,14.200000000000001,17.0,56.0,1021.8,Sec (≤1 mm),270.0,5.446451612903225,0.28935483870967715,2.1221881767243045,0.13838312662139335,,0,0,0,0
2016-05-15,13.2,24.4,0.0,2.2,5.2,W,30.0,W,N,20,9,42,41,1017.4,1013.7,6,5,17.8,22.4,No,No,0,0,1,2016,5,May,2016-05-01,Q2,136,Automne,18.799999999999997,11.2,14.5,41.5,1015.55,Sec (≤1 mm),270.0,3.246451612903222,1.089354838709676,1.2649669397390062,0.5209808457084116,,0,0,0,0
2016-05-16,13.6,22.9,0.0,3.2,9.1,ENE,28.0,W,NE,17,15,66,59,1021.4,1017.7,1,1,16.4,22.4,No,No,0,0,1,2016,5,May,2016-05-01,Q2,137,Automne,18.25,9.299999999999999,16.0,62.5,1019.55,Sec (≤1 mm),67.5,1.746451612903222,1.4893548387096764,0.680497914521758,0.7122797052519212,,0,0,0,0
2016-05-17,16.3,28.2,0.0,4.8,8.9,WSW,31.0,WNW,WNW,7,15,55,26,1017.0,1014.3,2,1,18.3,27.7,No,No,0,0,1,2016,5,May,2016-05-01,Q2,138,Automne,22.25,11.899999999999999,11.0,40.5,1015.65,Sec (≤1 mm),247.5,7.046451612903223,4.1893548387096775,2.745621803622702,2.00354700717061,,0,0,0,0
2016-05-18,12.7,21.9,0.0,6.6,3.0,WSW,39.0,W,N,17,11,49,34,1018.8,1015.2,7,7,14.6,21.4,No,No,0,0,1,2016,5,May,2016-05-01,Q2,139,Automne,17.299999999999997,9.2,14.0,41.5,1017.0,Sec (≤1 mm),247.5,0.7464516129032219,0.5893548387096761,0.2908518977102592,0.2818572712790249,,0,0,0,0
2016-05-19,11.9,23.2,0.0,4.0,9.9,W,37.0,WNW,WNW,9,17,54,29,1017.9,1013.4,0,1,14.5,23.0,No,No,0,0,1,2016,5,May,2016-05-01,Q2,140,Automne,17.55,11.299999999999999,13.0,41.5,1015.65,Sec (≤1 mm),270.0,2.0464516129032226,-0.21064516129032285,0.7973917195652079,-0.10074044780799338,,0,0,0,0
2016-05-20,12.8,24.9,0.0,4.0,9.2,W,41.0,WSW,SE,19,17,53,51,1020.3,1019.3,0,1,17.3,22.2,No,No,0,0,1,2016,5,May,2016-05-01,Q2,141,Automne,18.85,12.099999999999998,18.0,52.0,1019.8,Sec (≤1 mm),270.0,3.746451612903222,0.6893548387096775,1.4597899481447556,0.3296819861649029,,0,0,0,0
2016-05-21,13.6,21.5,0.0,3.4,4.4,W,24.0,W,E,13,9,72,56,1027.3,1024.0,6,7,15.5,20.8,No,No,0,0,1,2016,5,May,2016-05-01,Q2,142,Automne,17.55,7.9,11.0,64.0,1025.65,Sec (≤1 mm),270.0,0.34645161290322335,1.4893548387096764,0.13499349098566024,0.7122797052519212,,0,0,0,0
2016-05-22,14.5,22.0,0.0,2.0,9.1,NNE,24.0,W,E,13,9,82,66,1024.4,1020.2,1,4,16.0,21.8,No,No,0,0,1,2016,5,May,2016-05-01,Q2,143,Automne,18.25,7.5,11.0,74.0,1022.3000000000001,Sec (≤1 mm),22.5,0.8464516129032233,2.389354838709677,0.3298164993914096,1.1427021392248173,,0,0,0,0
2016-05-23,15.2,26.8,0.0,4.0,9.2,WSW,61.0,NW,SSW,9,22,53,32,1013.9,1012.4,3,1,21.5,23.8,No,No,0,0,1,2016,5,May,2016-05-01,Q2,144,Automne,21.0,11.600000000000001,15.5,42.5,1013.15,Sec (≤1 mm),247.5,5.646451612903224,3.089354838709676,2.200117380086604,1.4774751434259585,,0,0,0,0
2016-05-24,12.1,22.3,0.0,7.6,9.9,W,44.0,W,WSW,17,19,50,21,1018.1,1013.6,1,2,14.1,20.8,No,No,0,0,1,2016,5,May,2016-05-01,Q2,145,Automne,17.2,10.200000000000001,18.0,35.5,1015.85,Sec (≤1 mm),270.0,1.146451612903224,-0.010645161290323557,0.44671030443485954,-0.005091018036239023,,0,0,0,0
2016-05-25,10.4,21.2,0.0,3.2,8.7,W,33.0,W,E,22,6,54,29,1017.8,1013.5,4,7,12.9,20.8,No,No,0,0,1,2016,5,May,2016-05-01,Q2,146,Automne,15.8,10.799999999999999,14.0,41.5,1015.65,Sec (≤1 mm),270.0,0.04645161290322264,-1.7106451612903228,0.01809968594221032,-0.8181111710961536,,0,0,0,0
2016-05-26,12.9,20.2,0.2,4.6,4.8,NW,48.0,NNW,NW,22,24,52,48,1006.9,1000.4,7,2,15.0,19.9,No,No,0,0,1,2016,5,May,2016-05-01,Q2,147,Automne,16.55,7.299999999999999,23.0,50.0,1003.65,Sec (≤1 mm),315.0,-0.9535483870967774,0.7893548387096772,-0.37154633086928845,0.3775067010507801,,0,0,0,0
2016-05-27,12.8,18.6,0.2,4.0,9.9,W,61.0,W,W,17,37,42,27,1003.5,1001.7,1,1,14.0,17.9,No,No,0,0,1,2016,5,May,2016-05-01,Q2,148,Automne,15.700000000000001,5.800000000000001,27.0,34.5,1002.6,Sec (≤1 mm),270.0,-2.5535483870967752,0.6893548387096775,-0.9949799577676857,0.3296819861649029,,0,0,0,0
2016-05-28,9.8,14.8,0.0,5.6,2.1,W,39.0,NNW,W,9,13,63,70,1007.2,1006.0,6,6,12.9,14.3,No,Yes,0,1,1,2016,5,May,2016-05-01,Q2,149,Automne,12.3,5.0,11.0,66.5,1006.6,Sec (≤1 mm),270.0,-6.353548387096776,-2.3106451612903225,-2.4756348216513815,-1.1050594604114174,,0,0,0,0
2016-05-29,9.2,19.3,2.2,1.6,9.8,W,37.0,W,W,17,15,59,29,1017.2,1016.5,1,1,11.0,18.7,Yes,No,1,0,1,2016,5,May,2016-05-01,Q2,150,Automne,14.25,10.100000000000001,16.0,44.0,1016.85,Faible (1-10),270.0,-1.853548387096776,-2.910645161290324,-0.7222277459996368,-1.3920077497266823,,0,0,0,0
2016-05-30,7.3,19.9,0.2,2.6,9.5,W,39.0,W,WSW,24,9,62,30,1025.5,1024.1,1,1,9.5,19.1,No,No,0,0,1,2016,5,May,2016-05-01,Q2,151,Automne,13.6,12.599999999999998,16.5,46.0,1024.8,Sec (≤1 mm),270.0,-1.253548387096778,-4.810645161290323,-0.4884401359127384,-2.3006773325583514,,0,0,0,0
2016-05-31,8.7,17.5,0.0,2.2,1.7,SE,35.0,W,SE,17,6,76,87,1029.6,1027.2,7,7,11.0,15.8,No,Yes,0,1,1,2016,5,May,2016-05-01,Q2,152,Automne,13.1,8.8,11.5,81.5,1028.4,Sec (≤1 mm),135.0,-3.6535483870967767,-3.410645161290324,-1.423590576260335,-1.631131324156069,,0,0,0,0
2016-06-01,10.9,17.9,29.4,0.6,1.4,W,24.0,W,ENE,15,7,89,74,1029.1,1026.6,7,7,13.1,16.0,Yes,No,1,0,1,2016,6,Jun,2016-06-01,Q2,153,Hiver,14.399999999999999,6.999999999999998,11.0,81.5,1027.85,Modérée (10-30),270.0,-0.47620689655172654,0.3617241379310343,-0.23446995309010527,0.16005987634608873,,0,0,0,0
2016-06-02,11.1,19.1,1.0,2.4,8.7,W,41.0,W,SSE,19,15,85,60,1027.0,1024.3,2,7,12.3,18.6,No,No,0,0,1,2016,6,Jun,2016-06-01,Q2,154,Hiver,15.100000000000001,8.000000000000002,17.0,72.5,1025.65,Sec (≤1 mm),270.0,0.7237931034482763,0.5617241379310336,0.35637395476910116,0.2485581873858706,,0,0,0,0
2016-06-03,11.7,18.3,0.2,2.4,1.3,WSW,28.0,WNW,S,11,11,78,73,1025.4,1021.6,7,7,13.3,18.3,No,Yes,0,1,1,2016,6,Jun,2016-06-01,Q2,155,Hiver,15.0,6.600000000000001,11.0,75.5,1023.5,Sec (≤1 mm),247.5,-0.07620689655172441,1.1617241379310332,-0.03752198380370252,0.514053120505217,,0,0,0,0
2016-06-04,13.3,21.1,64.4,4.8,0.0,ENE,89.0,NNE,NE,13,30,91,82,1015.4,1009.5,8,8,17.0,18.8,Yes,Yes,1,1,1,2016,6,Jun,2016-06-01,Q2,156,Hiver,17.200000000000003,7.800000000000001,21.5,86.5,1012.45,Forte (>30),67.5,2.7237931034482763,2.7617241379310347,1.3411138012011097,1.222039608823475,,1,1,0,0
2016-06-05,16.3,19.7,93.8,4.8,0.0,ENE,96.0,NE,ENE,31,57,89,85,1002.5,995.9,8,8,18.8,19.7,Yes,Yes,1,1,1,2016,6,Jun,2016-06-01,Q2,157,Hiver,18.0,3.3999999999999986,44.0,87.0,999.2,Forte (>30),67.5,1.3237931034482742,5.761724137931035,0.6517959086987026,2.5495142744202077,,1,1,0,0
2016-06-06,13.7,18.4,68.4,12.6,2.2,W,59.0,W,WSW,28,28,59,43,999.8,998.4,7,7,14.9,17.9,Yes,No,1,0,1,2016,6,Jun,2016-06-01,Q2,158,Hiver,16.049999999999997,4.699999999999999,28.0,51.0,999.0999999999999,Forte (>30),270.0,0.023793103448273456,3.1617241379310332,0.011715008517896846,1.3990362309030386,,1,0,0,0
2016-06-07,11.3,19.9,0.0,5.2,3.6,WNW,44.0,NNW,WNW,20,20,59,40,1004.1,1002.7,4,7,13.8,17.9,No,No,0,0,1,2016,6,Jun,2016-06-01,Q2,159,Hiver,15.6,8.599999999999998,20.0,49.5,1003.4000000000001,Sec (≤1 mm),292.5,1.5237931034482735,0.7617241379310347,0.7502698933419032,0.3370564984256532,,0,0,0,0
2016-06-08,10.9,20.7,0.0,1.8,9.3,WNW,31.0,WNW,WNW,15,15,65,40,1011.4,1009.2,1,1,13.8,20.2,No,No,0,0,1,2016,6,Jun,2016-06-01,Q2,160,Hiver,15.8,9.799999999999999,15.0,52.5,1010.3,Sec (≤1 mm),292.5,2.323793103448274,0.3617241379310343,1.1441658319147068,0.16005987634608873,,0,0,0,0
2016-06-09,13.8,22.0,0.2,4.8,6.0,NW,59.0,NNW,WNW,31,17,62,32,1006.8,1005.9,7,1,17.4,21.6,No,No,0,0,1,2016,6,Jun,2016-06-01,Q2,161,Hiver,17.9,8.2,24.0,47.0,1006.3499999999999,Sec (≤1 mm),315.0,3.623793103448275,3.2617241379310347,1.7842467320955127,1.4432853864229305,,0,0,0,0
2016-06-10,13.1,21.4,0.2,6.2,9.1,W,35.0,WNW,WNW,15,7,64,41,1017.4,1016.8,1,1,15.3,20.8,No,No,0,0,1,2016,6,Jun,2016-06-01,Q2,162,Hiver,17.25,8.299999999999999,11.0,52.5,1017.0999999999999,Sec (≤1 mm),270.0,3.0237931034482735,2.5617241379310336,1.4888247781659094,1.1335412977836923,,0,0,0,0
2016-06-11,10.1,19.8,0.0,3.2,8.7,WSW,54.0,W,W,24,19,53,34,1022.5,1020.7,1,5,13.4,19.3,No,No,0,0,1,2016,6,Jun,2016-06-01,Q2,163,Hiver,14.95,9.700000000000001,21.5,43.5,1021.6,Sec (≤1 mm),247.5,1.4237931034482756,-0.4382758620689664,0.7010329010203038,-0.1939333678130403,,0,0,0,0
2016-06-12,7.9,18.1,0.0,5.4,8.3,SW,33.0,W,S,22,7,62,34,1036.2,1034.9,4,1,9.4,17.6,No,No,0,0,1,2016,6,Jun,2016-06-01,Q2,164,Hiver,13.0,10.200000000000001,14.5,48.0,1035.5500000000002,Sec (≤1 mm),225.0,-0.2762068965517237,-2.6382758620689657,-0.135995968446903,-1.167414789250644,,0,0,0,0
2016-06-13,8.5,20.3,0.0,1.0,6.5,W,30.0,W,E,20,9,65,51,1039.0,1035.5,5,1,10.3,17.7,No,No,0,0,1,2016,6,Jun,2016-06-01,Q2,165,Hiver,14.4,11.8,14.5,58.0,1037.25,Sec (≤1 mm),270.0,1.9237931034482756,-2.038275862068966,0.9472178626283059,-0.9019198561312975,,0,0,0,0
2016-06-14,9.9,21.2,0.0,2.2,9.6,W,41.0,W,WNW,15,6,80,42,1035.8,1031.6,1,4,11.6,20.9,No,No,0,0,1,2016,6,Jun,2016-06-01,Q2,166,Hiver,15.55,11.299999999999999,10.5,61.0,1033.6999999999998,Sec (≤1 mm),270.0,2.823793103448274,-0.6382758620689657,1.3903507935227088,-0.28243167885282217,,0,0,0,0
2016-06-15,9.1,20.5,0.0,3.4,8.2,WNW,26.0,WNW,E,17,9,72,45,1033.4,1029.8,5,3,10.6,19.2,No,No,0,0,1,2016,6,Jun,2016-06-01,Q2,167,Hiver,14.8,11.4,13.0,58.5,1031.6,Sec (≤1 mm),292.5,2.123793103448275,-1.4382758620689664,1.0456918472715064,-0.6364249230119512,,0,0,0,0
2016-06-16,10.2,22.2,0.0,2.2,9.6,NNW,30.0,W,N,13,11,81,42,1025.5,1019.3,1,1,12.9,21.2,No,No,0,0,1,2016,6,Jun,2016-06-01,Q2,168,Hiver,16.2,12.0,12.0,61.5,1022.4,Sec (≤1 mm),337.5,3.823793103448274,-0.33827586206896676,1.8827207167387132,-0.14968421229314938,,0,0,0,0
2016-06-17,12.7,19.3,0.0,3.6,1.4,NNW,30.0,NNW,N,20,17,53,60,1017.7,1014.6,6,7,17.4,18.7,No,Yes,0,1,1,2016,6,Jun,2016-06-01,Q2,169,Hiver,16.0,6.600000000000001,18.5,56.5,1016.1500000000001,Sec (≤1 mm),337.5,0.9237931034482756,2.1617241379310332,0.45484793941230167,0.9565446757041278,,0,0,0,0
2016-06-18,14.7,21.1,5.0,3.6,3.4,SSW,31.0,E,ESE,6,4,90,64,1017.4,1015.4,7,6,15.4,20.7,Yes,No,1,0,1,2016,6,Jun,2016-06-01,Q2,170,Hiver,17.9,6.400000000000002,5.0,77.0,1016.4,Faible (1-10),202.5,2.7237931034482763,4.161724137931033,1.3411138012011097,1.8415277861019497,,0,0,0,0
2016-06-19,14.5,19.5,0.4,0.8,0.0,NNE,52.0,W,ESE,13,20,81,89,1017.2,1010.4,7,8,15.2,16.7,No,Yes,0,1,1,2016,6,Jun,2016-06-01,Q2,171,Hiver,17.0,5.0,16.5,85.0,1013.8,Sec (≤1 mm),22.5,1.1237931034482749,3.961724137931034,0.5533219240555022,1.7530294750621678,,0,0,0,0
2016-06-20,15.0,20.4,38.8,2.2,3.5,NNW,52.0,NNW,NW,9,22,76,52,999.5,994.2,6,6,16.2,17.9,Yes,No,1,0,1,2016,6,Jun,2016-06-01,Q2,172,Hiver,17.7,5.399999999999999,15.5,64.0,996.85,Forte (>30),337.5,2.0237931034482735,4.461724137931034,0.9964548549499053,1.9742752526616232,,0,0,0,0
2016-06-21,14.9,18.4,0.0,6.0,5.5,NW,59.0,NW,WNW,22,28,56,38,1003.3,1002.0,7,4,15.8,17.8,No,No,0,0,1,2016,6,Jun,2016-06-01,Q2,173,Hiver,16.65,3.4999999999999982,25.0,47.0,1002.65,Sec (≤1 mm),315.0,0.023793103448273456,4.361724137931034,0.011715008517896846,1.9300260971417322,,0,0,0,0
2016-06-22,12.8,19.7,0.0,4.4,9.0,W,50.0,NW,W,17,28,60,34,1004.8,1005.0,2,1,15.0,19.3,No,No,0,0,1,2016,6,Jun,2016-06-01,Q2,174,Hiver,16.25,6.899999999999999,22.5,47.0,1004.9,Sec (≤1 mm),270.0,1.3237931034482742,2.2617241379310347,0.6517959086987026,1.0007938312240197,,0,0,0,0
2016-06-23,9.4,18.5,0.0,5.0,8.2,NNW,35.0,NNW,NNW,7,24,58,43,1012.6,1007.4,7,4,12.8,17.4,No,No,0,0,1,2016,6,Jun,2016-06-01,Q2,175,Hiver,13.95,9.1,15.5,50.5,1010.0,Sec (≤1 mm),337.5,0.12379310344827488,-1.1382758620689657,0.06095200083949796,-0.5036774564522776,,0,0,0,0
2016-06-24,12.7,16.3,0.0,3.8,6.5,W,69.0,WNW,W,13,43,52,33,1003.8,1003.2,5,3,15.8,14.4,No,No,0,0,1,2016,6,Jun,2016-06-01,Q2,176,Hiver,14.5,3.6000000000000014,28.0,42.5,1003.5,Sec (≤1 mm),270.0,-2.0762068965517244,2.1617241379310332,-1.022261830235711,0.9565446757041278,,0,0,0,0
2016-06-25,7.3,15.1,0.6,5.4,9.6,W,54.0,W,S,28,17,49,31,1018.1,1018.1,1,1,8.4,14.3,No,No,0,0,1,2016,6,Jun,2016-06-01,Q2,177,Hiver,11.2,7.8,22.5,40.0,1018.1,Sec (≤1 mm),270.0,-3.2762068965517255,-3.2382758620689662,-1.6131057380949165,-1.4329097223699907,,0,0,0,0
2016-06-26,5.6,15.3,0.0,3.6,5.2,W,39.0,W,W,20,7,61,45,1021.1,1017.0,6,7,7.4,13.7,No,No,0,0,1,2016,6,Jun,2016-06-01,Q2,178,Hiver,10.45,9.700000000000001,13.5,53.0,1019.05,Sec (≤1 mm),270.0,-3.0762068965517244,-4.938275862068966,-1.514631753451715,-2.1851453662081393,,0,0,0,0
2016-06-27,7.4,11.7,0.0,2.2,0.0,W,46.0,W,SW,26,9,74,74,1015.3,1013.6,8,8,9.3,11.0,No,Yes,0,1,1,2016,6,Jun,2016-06-01,Q2,179,Hiver,9.55,4.299999999999999,17.5,74.0,1014.45,Sec (≤1 mm),270.0,-6.676206896551726,-3.1382758620689657,-3.2871634770293308,-1.3886605668500993,Froid extrême (Tmax),0,0,0,0
2016-06-28,7.7,17.3,2.4,1.4,8.9,WSW,46.0,W,SSW,31,13,57,36,1022.9,1023.1,1,1,9.6,16.9,Yes,No,1,0,1,2016,6,Jun,2016-06-01,Q2,180,Hiver,12.5,9.600000000000001,22.0,46.5,1023.0,Faible (1-10),247.5,-1.0762068965517244,-2.838275862068966,-0.5298919070197067,-1.2559131002904262,,0,0,0,0
2016-06-29,6.7,18.8,0.2,4.0,9.6,W,31.0,W,N,22,4,66,33,1028.4,1025.4,1,1,8.8,18.6,No,No,0,0,1,2016,6,Jun,2016-06-01,Q2,181,Hiver,12.75,12.100000000000001,13.0,49.5,1026.9,Sec (≤1 mm),270.0,0.4237931034482756,-3.838275862068966,0.20866297780429957,-1.698404655489337,,0,0,0,0
2016-07-02,8.2,18.2,0.0,2.8,9.5,W,37.0,W,W,24,17,62,36,1025.5,1023.2,1,1,10.1,17.8,No,No,0,0,1,2016,7,Jul,2016-07-01,Q3,184,Hiver,13.2,10.0,20.5,49.0,1024.35,Sec (≤1 mm),270.0,0.19347826086956488,-0.7931159420289866,0.0816760441111322,-0.38655993699254454,,0,0,0,2
2016-07-03,6.5,18.1,0.0,3.6,9.5,W,24.0,W,ENE,17,13,72,42,1026.6,1022.6,1,0,9.2,16.5,No,No,0,0,1,2016,7,Jul,2016-07-01,Q3,185,Hiver,12.3,11.600000000000001,15.0,57.0,1024.6,Sec (≤1 mm),270.0,0.09347826086956701,-2.493115942028986,0.03946145951436807,-1.215129706005343,,0,0,0,0
2016-07-04,6.4,15.6,0.0,3.4,7.5,W,22.0,WNW,SE,13,6,77,58,1020.8,1016.2,5,7,7.6,14.4,No,Yes,0,1,1,2016,7,Jul,2016-07-01,Q3,186,Hiver,11.0,9.2,9.5,67.5,1018.5,Sec (≤1 mm),270.0,-2.4065217391304348,-2.5931159420289855,-1.0159031554047586,-1.2638691041825663,,0,0,0,0
2016-07-05,7.5,18.8,4.8,0.6,5.8,NW,46.0,W,NW,11,17,90,55,1011.9,1006.1,8,2,9.6,17.7,Yes,No,1,0,1,2016,7,Jul,2016-07-01,Q3,187,Hiver,13.15,11.3,14.0,72.5,1009.0,Faible (1-10),315.0,0.7934782608695663,-1.493115942028986,0.334963551691723,-0.7277357242331084,,0,0,0,0
2016-07-06,9.5,17.7,0.2,4.4,4.8,W,61.0,WNW,WSW,22,31,54,47,1004.0,1003.0,6,6,12.9,15.9,No,Yes,0,1,1,2016,7,Jul,2016-07-01,Q3,188,Hiver,13.6,8.2,26.5,50.5,1003.5,Sec (≤1 mm),270.0,-0.3065217391304351,0.5068840579710141,-0.12939687887269297,0.24705223931136075,,0,0,0,0
2016-07-07,12.9,17.2,29.4,6.4,1.6,S,50.0,S,WSW,19,22,85,86,1015.4,1016.5,7,7,14.9,14.6,Yes,Yes,1,1,1,2016,7,Jul,2016-07-01,Q3,189,Hiver,15.05,4.299999999999999,20.5,85.5,1015.95,Modérée (10-30),180.0,-0.8065217391304351,3.9068840579710145,-0.34046980185651815,1.9041917773369585,,0,0,0,0
2016-07-08,12.4,15.6,22.4,4.8,0.0,W,28.0,W,SSW,17,7,92,80,1019.8,1018.4,8,8,12.7,15.5,Yes,Yes,1,1,1,2016,7,Jul,2016-07-01,Q3,190,Hiver,14.0,3.1999999999999993,12.0,86.0,1019.0999999999999,Modérée (10-30),270.0,-2.4065217391304348,3.4068840579710145,-1.0159031554047586,1.6604947864508413,,0,0,0,0
2016-07-09,8.7,18.0,2.2,0.6,5.2,SW,30.0,WNW,S,20,13,88,64,1023.5,1022.4,3,5,10.5,16.4,Yes,No,1,0,1,2016,7,Jul,2016-07-01,Q3,191,Hiver,13.35,9.3,16.5,76.0,1022.95,Faible (1-10),225.0,-0.006521739130434412,-0.2931159420289866,-0.002753125082397563,-0.14286294610642727,,0,0,0,0
2016-07-10,10.5,17.9,1.0,1.8,7.3,W,30.0,WNW,E,13,15,90,69,1025.1,1021.3,3,3,11.9,16.7,No,No,0,0,1,2016,7,Jul,2016-07-01,Q3,192,Hiver,14.2,7.399999999999999,14.0,79.5,1023.1999999999999,Sec (≤1 mm),270.0,-0.10652173913043583,1.506884057971014,-0.0449677096791632,0.7344462210835953,,0,0,0,0
2016-07-11,11.8,18.6,0.0,3.2,0.3,NW,69.0,N,N,20,39,63,54,1015.2,1009.7,7,7,15.5,18.3,No,No,0,0,1,2016,7,Jul,2016-07-01,Q3,193,Hiver,15.200000000000001,6.800000000000001,29.5,58.5,1012.45,Sec (≤1 mm),315.0,0.593478260869567,2.806884057971015,0.25053438249819326,1.3680583973875007,,0,0,0,0
2016-07-12,14.8,20.2,0.2,1.2,7.8,NW,54.0,WNW,NW,15,33,41,26,1010.3,1007.1,6,7,16.6,18.7,No,No,0,0,1,2016,7,Jul,2016-07-01,Q3,194,Hiver,17.5,5.399999999999999,24.0,33.5,1008.7,Sec (≤1 mm),315.0,2.193478260869565,5.806884057971015,0.9259677360464329,2.8302403427042044,,0,0,0,0
2016-07-13,9.6,14.0,0.0,8.0,9.8,W,72.0,WNW,WSW,37,37,40,26,1017.3,1019.8,3,7,10.5,13.3,No,No,0,0,1,2016,7,Jul,2016-07-01,Q3,195,Hiver,11.8,4.4,37.0,33.0,1018.55,Sec (≤1 mm),270.0,-4.006521739130434,0.6068840579710137,-1.691336508952999,0.295791637488584,,0,0,0,0
2016-07-14,6.7,17.0,0.0,5.2,9.6,WSW,50.0,W,W,30,20,54,27,1029.4,1025.9,7,2,8.6,16.4,No,No,0,0,1,2016,7,Jul,2016-07-01,Q3,196,Hiver,11.85,10.3,25.0,40.5,1027.65,Sec (≤1 mm),247.5,-1.0065217391304344,-2.2931159420289857,-0.4248989710500479,-1.117650909650896,,0,0,0,0
2016-07-15,6.4,17.7,0.0,3.0,9.5,W,31.0,W,E,22,4,60,35,1030.3,1027.3,1,2,8.8,16.9,No,No,0,0,1,2016,7,Jul,2016-07-01,Q3,197,Hiver,12.05,11.299999999999999,13.0,47.5,1028.8,Sec (≤1 mm),270.0,-0.3065217391304351,-2.5931159420289855,-0.12939687887269297,-1.2638691041825663,,0,0,0,0
2016-07-16,6.9,18.9,0.0,1.8,4.7,W,28.0,W,SSE,19,15,71,65,1033.3,1030.2,2,7,9.3,17.1,No,No,0,0,1,2016,7,Jul,2016-07-01,Q3,198,Hiver,12.899999999999999,11.999999999999998,17.0,68.0,1031.75,Sec (≤1 mm),270.0,0.8934782608695642,-2.0931159420289855,0.3771781362884871,-1.020172113296449,,0,0,0,0
2016-07-17,9.2,18.8,0.8,1.8,3.2,WNW,24.0,W,ESE,13,2,91,73,1031.2,1027.1,7,7,13.3,17.8,No,No,0,0,1,2016,7,Jul,2016-07-01,Q3,199,Hiver,14.0,9.600000000000001,7.5,82.0,1029.15,Sec (≤1 mm),292.5,0.7934782608695663,0.2068840579710134,0.334963551691723,0.10083404477969002,,0,0,0,0
2016-07-18,11.0,24.2,0.0,1.2,8.9,WNW,30.0,W,WNW,9,15,92,45,1024.6,1019.8,1,0,11.5,23.9,No,No,0,0,1,2016,7,Jul,2016-07-01,Q3,200,Hiver,17.6,13.2,12.0,68.5,1022.1999999999999,Sec (≤1 mm),292.5,6.193478260869565,2.006884057971014,2.614551119917034,0.9781432119697125,,0,0,0,0
2016-07-19,11.4,24.9,0.2,3.2,6.2,NW,20.0,W,NE,0,6,71,58,1021.7,1019.1,7,5,18.0,23.0,No,Yes,0,1,1,2016,7,Jul,2016-07-01,Q3,201,Hiver,18.15,13.499999999999998,3.0,64.5,1020.4000000000001,Sec (≤1 mm),315.0,6.893478260869564,2.4068840579710145,2.910053212094389,1.1731008046786067,,0,0,0,0
2016-07-20,16.5,16.9,17.0,2.4,0.0,SW,35.0,S,WSW,9,13,91,90,1019.7,1018.4,8,8,16.7,16.2,Yes,Yes,1,1,1,2016,7,Jul,2016-07-01,Q3,202,Hiver,16.7,0.3999999999999986,11.0,90.5,1019.05,Modérée (10-30),225.0,-1.1065217391304358,7.506884057971014,-0.46711355564681356,3.6588101117170027,Nuit chaude extrême,0,0,0,0
2016-07-21,13.9,19.3,20.4,1.8,2.6,W,31.0,W,NW,15,2,92,79,1019.9,1016.1,7,5,14.6,17.6,Yes,No,1,0,1,2016,7,Jul,2016-07-01,Q3,203,Hiver,16.6,5.4,8.5,85.5,1018.0,Modérée (10-30),270.0,1.2934782608695663,4.9068840579710145,0.5460364746755482,2.391585759109193,,0,0,0,0
2016-07-22,13.1,25.7,0.0,0.2,7.4,NNW,52.0,NNW,NW,30,30,66,44,1009.1,1001.0,6,4,19.3,25.1,No,Yes,0,1,1,2016,7,Jul,2016-07-01,Q3,204,Hiver,19.4,12.6,30.0,55.0,1005.05,Sec (≤1 mm),337.5,7.693478260869565,4.106884057971014,3.24776988886851,2.001670573691405,Chaleur extrême,0,0,0,0
2016-07-23,14.5,17.4,6.0,7.6,10.0,WNW,69.0,WNW,W,44,43,35,31,1004.3,1003.8,1,1,14.5,17.0,Yes,No,1,0,1,2016,7,Jul,2016-07-01,Q3,205,Hiver,15.95,2.8999999999999986,43.5,33.0,1004.05,Faible (1-10),292.5,-0.6065217391304358,5.506884057971014,-0.2560406326629884,2.6840221481725335,,0,0,0,0
2016-07-24,7.8,14.3,0.0,4.0,5.4,WSW,46.0,W,NW,22,15,50,39,1015.8,1012.1,7,2,8.7,13.6,No,No,0,0,1,2016,7,Jul,2016-07-01,Q3,206,Hiver,11.05,6.500000000000001,18.5,44.5,1013.95,Sec (≤1 mm),247.5,-3.7065217391304337,-1.193115942028986,-1.5646927551627035,-0.5815175297014381,,0,0,0,0
2016-07-25,8.4,17.9,0.0,4.0,9.9,W,44.0,NNW,WNW,19,24,50,31,1012.7,1011.3,1,1,12.2,17.1,No,No,0,0,1,2016,7,Jul,2016-07-01,Q3,207,Hiver,13.149999999999999,9.499999999999998,21.5,40.5,1012.0,Sec (≤1 mm),270.0,-0.10652173913043583,-0.5931159420289855,-0.0449677096791632,-0.2890811406380971,,0,0,0,0
2016-07-26,10.2,17.9,0.0,4.8,9.9,WNW,39.0,N,E,6,9,52,47,1014.7,1012.8,1,1,14.0,17.7,No,No,0,0,1,2016,7,Jul,2016-07-01,Q3,208,Hiver,14.049999999999999,7.699999999999999,7.5,49.5,1013.75,Sec (≤1 mm),292.5,-0.10652173913043583,1.2068840579710134,-0.0449677096791632,0.5882280265519246,,0,0,0,0
2016-07-27,10.8,18.6,0.0,5.4,10.1,W,63.0,NW,WSW,19,26,53,32,1012.2,1013.3,2,3,14.7,18.5,No,No,0,0,1,2016,7,Jul,2016-07-01,Q3,209,Hiver,14.700000000000001,7.800000000000001,22.5,42.5,1012.75,Sec (≤1 mm),270.0,0.593478260869567,1.8068840579710148,0.25053438249819326,0.880664415615266,,0,0,0,0
2016-07-28,8.8,19.4,0.0,4.0,10.1,WSW,48.0,W,WNW,19,11,57,34,1024.3,1020.5,1,0,11.1,19.0,No,No,0,0,1,2016,7,Jul,2016-07-01,Q3,210,Hiver,14.1,10.599999999999998,15.0,45.5,1022.4,Sec (≤1 mm),247.5,1.3934782608695642,-0.1931159420289852,0.5882510592723124,-0.09412354792920312,,0,0,0,0
2016-07-29,7.3,18.5,0.0,4.0,10.1,WSW,50.0,W,WNW,24,11,61,34,1023.0,1018.0,1,2,9.8,17.6,No,No,0,0,1,2016,7,Jul,2016-07-01,Q3,211,Hiver,12.9,11.2,17.5,47.5,1020.5,Sec (≤1 mm),247.5,0.4934782608695656,-1.693115942028986,0.2083197979014276,-0.8252145205875554,,0,0,0,0
2016-07-30,8.7,19.8,0.0,4.2,10.0,W,33.0,W,ESE,26,9,63,50,1023.3,1020.2,1,3,10.4,17.9,No,No,0,0,1,2016,7,Jul,2016-07-01,Q3,212,Hiver,14.25,11.100000000000001,17.5,56.5,1021.75,Sec (≤1 mm),270.0,1.7934782608695663,-0.2931159420289866,0.7571093976593734,-0.14286294610642727,,0,0,0,0
2016-07-31,10.4,20.9,0.0,2.8,3.2,W,24.0,W,WNW,15,7,75,37,1018.0,1015.3,7,2,11.9,20.5,No,No,0,0,1,2016,7,Jul,2016-07-01,Q3,213,Hiver,15.649999999999999,10.499999999999998,11.0,56.0,1016.65,Sec (≤1 mm),270.0,2.893478260869564,1.4068840579710145,1.221469828223788,0.685706822906372,,0,0,0,0
2016-08-01,10.9,18.4,0.0,2.2,0.7,W,22.0,WNW,W,6,6,66,54,1017.2,1013.0,6,8,13.3,17.0,No,No,0,0,1,2016,8,Aug,2016-08-01,Q3,214,Hiver,14.649999999999999,7.499999999999998,6.0,60.0,1015.1,Sec (≤1 mm),270.0,-0.9817843866171003,1.1505576208178443,-0.35527688669049223,0.5212451478906087,,0,0,0,0
2016-08-02,11.5,15.8,0.4,1.0,0.9,SE,54.0,W,S,15,24,76,77,1013.7,1013.9,7,8,12.8,13.2,No,Yes,0,1,1,2016,8,Aug,2016-08-01,Q3,215,Hiver,13.65,4.300000000000001,19.5,76.5,1013.8,Sec (≤1 mm),135.0,-3.581784386617098,1.750557620817844,-1.2961351015762554,0.7930673348681342,,0,0,0,0
2016-08-03,10.7,14.6,24.8,2.6,0.2,S,63.0,SE,SSE,31,24,77,89,1018.0,1017.7,8,8,13.6,12.6,Yes,Yes,1,1,1,2016,8,Aug,2016-08-01,Q3,216,Hiver,12.649999999999999,3.9000000000000004,27.5,83.0,1017.85,Modérée (10-30),180.0,-4.781784386617099,0.9505576208178432,-1.7303773546004546,0.43063775223143297,,0,0,0,0
2016-08-05,9.7,16.2,4.0,3.2,2.7,SW,35.0,W,SSW,20,17,90,67,1030.4,1028.3,6,6,11.2,14.7,Yes,Yes,1,1,1,2016,8,Aug,2016-08-01,Q3,218,Hiver,12.95,6.5,18.5,78.5,1029.35,Faible (1-10),225.0,-3.1817843866170996,-0.04944237918215677,-1.1513876839015231,-0.022399226064443237,,0,0,0,1
2016-08-06,9.2,15.5,1.8,2.6,2.2,SSE,31.0,W,SE,17,7,78,71,1029.0,1026.8,7,7,10.8,14.7,Yes,No,1,0,1,2016,8,Aug,2016-08-01,Q3,219,Hiver,12.35,6.300000000000001,12.0,74.5,1027.9,Faible (1-10),157.5,-3.881784386617099,-0.5494423791821568,-1.4046956648323055,-0.24891771521238135,,0,0,0,0
2016-08-07,10.3,16.4,0.6,0.6,2.6,W,33.0,W,ESE,15,7,80,64,1027.4,1024.7,7,6,12.4,15.9,No,No,0,0,1,2016,8,Aug,2016-08-01,Q3,220,Hiver,13.35,6.099999999999998,11.0,72.0,1026.0500000000002,Sec (≤1 mm),270.0,-2.9817843866171003,0.5505576208178447,-1.0790139750641567,0.2494229609130831,,0,0,0,0
2016-08-08,8.7,19.7,0.0,2.6,10.8,W,28.0,WNW,E,22,11,75,52,1026.4,1022.9,1,1,11.0,17.9,No,No,0,0,1,2016,8,Aug,2016-08-01,Q3,221,Hiver,14.2,11.0,16.5,63.5,1024.65,Sec (≤1 mm),270.0,0.3182156133829004,-1.0494423791821568,0.11515222075239004,-0.4754362043603194,,0,0,0,0
2016-08-09,8.1,19.1,0.0,2.0,6.9,NNE,28.0,W,NE,17,11,73,52,1023.1,1017.9,5,7,11.0,18.8,No,No,0,0,1,2016,8,Aug,2016-08-01,Q3,222,Hiver,13.600000000000001,11.000000000000002,14.0,62.5,1020.5,Sec (≤1 mm),22.5,-0.2817843866170975,-1.6494423791821564,-0.10196890575970859,-0.747258391337845,,0,0,0,0
2016-08-10,10.9,25.2,0.0,4.8,9.2,NW,44.0,NNW,NNW,17,24,52,33,1015.6,1011.4,3,3,17.6,24.6,No,No,0,0,1,2016,8,Aug,2016-08-01,Q3,223,Hiver,18.05,14.299999999999999,20.5,42.5,1013.5,Sec (≤1 mm),315.0,5.8182156133829,1.1505576208178443,2.105429213779968,0.5212451478906087,,0,0,0,0
2016-08-11,11.2,20.3,0.0,6.2,10.6,W,46.0,W,WSW,17,22,48,30,1018.4,1017.0,1,1,14.0,19.6,No,No,0,0,1,2016,8,Aug,2016-08-01,Q3,224,Hiver,15.75,9.100000000000001,19.5,39.0,1017.7,Sec (≤1 mm),270.0,0.9182156133829018,1.4505576208178432,0.3322733472644899,0.657156241379371,,0,0,0,0
2016-08-12,7.1,19.4,0.0,6.4,8.6,NW,41.0,WNW,E,20,13,56,37,1024.4,1019.8,0,7,9.7,17.3,No,No,0,0,1,2016,8,Aug,2016-08-01,Q3,225,Hiver,13.25,12.299999999999999,16.5,46.5,1022.1,Sec (≤1 mm),315.0,0.018215613382899676,-2.6494423791821564,0.006591657496340085,-1.200295369633721,,0,0,0,0
2016-08-13,8.3,20.3,0.0,3.2,10.6,W,41.0,W,WSW,24,19,49,31,1022.5,1020.2,1,2,12.4,19.8,No,No,0,0,1,2016,8,Aug,2016-08-01,Q3,226,Hiver,14.3,12.0,21.5,40.0,1021.35,Sec (≤1 mm),270.0,0.9182156133829018,-1.4494423791821553,0.3322733472644899,-0.6566509956786692,,0,0,0,0
2016-08-14,9.5,20.0,0.0,5.4,10.5,W,28.0,W,SE,20,13,52,46,1027.7,1027.2,1,1,14.2,17.6,No,No,0,0,1,2016,8,Aug,2016-08-01,Q3,227,Hiver,14.75,10.5,16.5,49.0,1027.45,Sec (≤1 mm),270.0,0.6182156133829011,-0.24944237918215606,0.22371278400844,-0.11300662172361815,,0,0,0,0
2016-08-15,8.9,19.6,0.0,3.2,10.1,NE,30.0,WNW,NE,17,17,72,54,1032.7,1029.7,1,1,12.0,19.2,No,No,0,0,1,2016,8,Aug,2016-08-01,Q3,228,Hiver,14.25,10.700000000000001,17.0,63.0,1031.2,Sec (≤1 mm),45.0,0.21821561338290252,-0.8494423791821557,0.07896536633370757,-0.3848288087011437,,0,0,0,0
2016-08-16,9.8,20.3,0.0,4.0,10.5,ENE,24.0,W,ENE,13,19,75,59,1031.0,1025.8,0,0,12.8,19.6,No,No,0,0,1,2016,8,Aug,2016-08-01,Q3,229,Hiver,15.05,10.5,16.0,67.0,1028.4,Sec (≤1 mm),67.5,0.9182156133829018,0.05055762081784465,0.3322733472644899,0.022904471765145026,,0,0,0,0
2016-08-17,10.6,24.2,0.0,3.8,10.2,ENE,24.0,W,ENE,15,11,63,35,1026.3,1022.1,1,6,14.2,22.7,No,No,0,0,1,2016,8,Aug,2016-08-01,Q3,230,Hiver,17.4,13.6,13.0,49.0,1024.2,Sec (≤1 mm),67.5,4.8182156133829,0.8505576208178436,1.7435606695931354,0.3853340544018455,,0,0,0,0
2016-08-18,11.6,22.9,0.0,4.6,10.5,N,31.0,W,ENE,15,19,62,40,1024.5,1020.7,1,1,14.2,20.7,No,No,0,0,1,2016,8,Aug,2016-08-01,Q3,231,Hiver,17.25,11.299999999999999,17.0,51.0,1022.6,Sec (≤1 mm),0.0,3.5182156133828997,1.8505576208178436,1.2731315621502532,0.8383710326977217,,0,0,0,0
2016-08-19,11.2,24.3,0.0,4.8,10.0,NNE,48.0,W,NNW,11,24,66,37,1020.1,1013.9,0,6,14.2,22.4,No,No,0,0,1,2016,8,Aug,2016-08-01,Q3,232,Hiver,17.75,13.100000000000001,17.5,51.5,1017.0,Sec (≤1 mm),22.5,4.918215613382902,1.4505576208178432,1.7797475240118192,0.657156241379371,,0,0,0,0
2016-08-20,11.0,17.9,0.4,6.6,10.7,WSW,59.0,W,WSW,19,22,51,35,1015.3,1013.8,1,3,13.2,15.7,No,No,0,0,1,2016,8,Aug,2016-08-01,Q3,233,Hiver,14.45,6.899999999999999,20.5,43.0,1014.55,Sec (≤1 mm),247.5,-1.4817843866171003,1.250557620817844,-0.5362111587839083,0.5665488457201961,,0,0,0,0
2016-08-21,8.2,20.4,0.0,5.2,10.7,W,39.0,W,WNW,24,9,48,32,1019.8,1016.4,1,1,12.5,19.9,No,No,0,0,1,2016,8,Aug,2016-08-01,Q3,234,Hiver,14.299999999999999,12.2,16.5,40.0,1018.0999999999999,Sec (≤1 mm),270.0,1.0182156133828997,-1.5494423791821568,0.3684602016831724,-0.7019546935082576,,0,0,0,0
2016-08-22,9.5,13.8,0.0,3.0,0.2,W,35.0,WNW,W,15,24,66,67,1016.8,1015.0,7,7,11.4,12.2,No,Yes,0,1,1,2016,8,Aug,2016-08-01,Q3,235,Hiver,11.65,4.300000000000001,19.5,66.5,1015.9,Sec (≤1 mm),270.0,-5.581784386617098,-0.24944237918215606,-2.01987218994992,-0.11300662172361815,,0,0,0,0
2016-08-23,8.5,18.4,1.8,0.6,6.8,SSE,37.0,WNW,SSW,19,20,69,57,1014.4,1013.5,1,7,11.9,15.4,Yes,Yes,1,1,1,2016,8,Aug,2016-08-01,Q3,236,Hiver,13.45,9.899999999999999,19.5,63.0,1013.95,Faible (1-10),157.5,-0.9817843866171003,-1.249442379182156,-0.35527688669049223,-0.5660436000194944,,0,0,0,0
2016-08-24,11.8,14.7,2.4,3.2,0.0,S,43.0,SSE,ESE,11,9,79,90,1013.3,1007.5,8,8,13.4,13.7,Yes,Yes,1,1,1,2016,8,Aug,2016-08-01,Q3,237,Hiver,13.25,2.8999999999999986,10.0,84.5,1010.4,Faible (1-10),180.0,-4.6817843866171,2.0505576208178447,-1.6941905001817714,0.9289784283568974,,0,0,0,0
2016-08-25,9.0,17.3,52.8,5.2,6.7,W,48.0,SW,S,22,15,67,48,1010.2,1010.6,7,3,11.4,15.7,Yes,No,1,0,1,2016,8,Aug,2016-08-01,Q3,238,Hiver,13.15,8.3,18.5,57.5,1010.4000000000001,Forte (>30),270.0,-2.081784386617098,-0.7494423791821561,-0.753332285296007,-0.33952511087155623,,1,0,0,0
2016-08-26,7.3,17.3,0.0,4.6,7.8,W,43.0,W,S,20,20,57,50,1018.7,1017.6,7,7,10.4,16.4,No,Yes,0,1,1,2016,8,Aug,2016-08-01,Q3,239,Hiver,12.3,10.0,20.0,53.5,1018.1500000000001,Sec (≤1 mm),270.0,-2.081784386617098,-2.4494423791821562,-0.753332285296007,-1.1096879739745458,,0,0,0,0
2016-08-27,7.4,19.9,1.4,2.8,10.7,W,33.0,W,ENE,24,15,57,45,1023.6,1020.3,1,1,11.3,17.7,Yes,No,1,0,1,2016,8,Aug,2016-08-01,Q3,240,Hiver,13.649999999999999,12.499999999999998,19.5,51.0,1021.95,Faible (1-10),270.0,0.5182156133828997,-2.3494423791821557,0.18752592958975625,-1.064384276144958,,0,0,0,0
2016-08-28,8.4,20.5,0.0,3.8,10.7,W,33.0,W,ESE,22,17,50,36,1022.9,1020.9,1,2,12.2,18.0,No,No,0,0,1,2016,8,Aug,2016-08-01,Q3,241,Hiver,14.45,12.1,19.5,43.0,1021.9,Sec (≤1 mm),270.0,1.118215613382901,-1.3494423791821557,0.40464705610185614,-0.6113472978490818,,0,0,0,0
2016-08-29,8.4,19.6,0.0,4.0,6.1,W,22.0,W,W,17,9,57,38,1027.4,1025.0,7,7,12.9,18.1,No,No,0,0,1,2016,8,Aug,2016-08-01,Q3,242,Hiver,14.0,11.200000000000001,13.0,47.5,1026.2,Sec (≤1 mm),270.0,0.21821561338290252,-1.3494423791821557,0.07896536633370757,-0.6113472978490818,,0,0,0,0
2016-08-30,10.7,19.9,0.0,3.2,4.4,NNE,31.0,W,ENE,17,15,71,62,1026.9,1023.1,7,6,13.8,19.6,No,No,0,0,1,2016,8,Aug,2016-08-01,Q3,243,Hiver,15.299999999999999,9.2,16.0,66.5,1025.0,Sec (≤1 mm),22.5,0.5182156133828997,0.9505576208178432,0.18752592958975625,0.43063775223143297,,0,0,0,0
2016-08-31,13.6,23.6,0.0,4.8,2.3,NNW,54.0,N,NNW,20,39,61,53,1018.7,1013.9,7,7,18.8,21.2,No,No,0,0,1,2016,8,Aug,2016-08-01,Q3,244,Hiver,18.6,10.000000000000002,29.5,57.0,1016.3,Sec (≤1 mm),337.5,4.2182156133829025,3.8505576208178436,1.526439543081037,1.744444989289474,,0,0,0,0
2016-09-01,12.1,22.5,0.0,4.6,9.2,NE,28.0,W,NE,11,15,63,46,1020.3,1015.3,2,3,16.9,20.7,No,Yes,0,1,1,2016,9,Sep,2016-09-01,Q3,245,Printemps,17.3,10.4,13.0,54.5,1017.8,Sec (≤1 mm),45.0,0.5123076923076901,-0.5119230769230771,0.13622559273319432,-0.19765397418881658,,0,0,0,0
2016-09-02,14.5,18.0,14.4,6.2,0.0,NE,31.0,SSE,SSE,6,9,90,91,1011.6,1006.0,8,8,15.7,15.9,Yes,Yes,1,1,1,2016,9,Sep,2016-09-01,Q3,246,Printemps,16.25,3.5,7.5,90.5,1008.8,Modérée (10-30),45.0,-3.98769230769231,1.8880769230769232,-1.0603505596529772,0.7289882489052594,,0,0,0,0
2016-09-03,15.4,20.5,23.4,2.2,9.1,WNW,65.0,WNW,WNW,33,30,50,39,998.3,1004.3,4,5,17.6,20.1,Yes,No,1,0,1,2016,9,Sep,2016-09-01,Q3,247,Printemps,17.95,5.1,31.5,44.5,1001.3,Modérée (10-30),292.5,-1.4876923076923099,2.7880769230769236,-0.39558603054954855,1.076479082565538,,0,0,0,0
2016-09-04,10.1,21.3,0.0,5.6,10.9,WSW,39.0,WNW,ESE,11,15,48,33,1021.6,1022.0,1,1,15.5,19.2,No,No,0,0,1,2016,9,Sep,2016-09-01,Q3,248,Printemps,15.7,11.200000000000001,13.0,40.5,1021.8,Sec (≤1 mm),247.5,-0.6876923076923092,-2.511923076923077,-0.1828613812364512,-0.9698558267672132,,0,0,0,0
2016-09-05,10.0,21.2,0.0,3.4,11.1,ENE,26.0,W,ENE,20,19,55,54,1030.4,1027.1,0,0,14.1,19.0,No,No,0,0,1,2016,9,Sep,2016-09-01,Q3,249,Printemps,15.6,11.2,19.5,54.5,1028.75,Sec (≤1 mm),67.5,-0.7876923076923106,-2.611923076923077,-0.20945196240058872,-1.0084659193961327,,0,0,0,0
2016-09-06,10.0,20.5,0.0,5.0,10.8,E,24.0,WNW,ENE,13,19,66,58,1030.4,1026.3,0,0,15.0,20.2,No,No,0,0,1,2016,9,Sep,2016-09-01,Q3,250,Printemps,15.25,10.5,16.0,62.0,1028.35,Sec (≤1 mm),90.0,-1.4876923076923099,-2.611923076923077,-0.39558603054954855,-1.0084659193961327,,0,0,0,0
2016-09-07,12.2,22.0,0.0,3.2,8.2,NE,30.0,WNW,E,13,17,82,55,1031.7,1029.3,6,3,16.0,21.0,No,No,0,0,1,2016,9,Sep,2016-09-01,Q3,251,Printemps,17.1,9.8,15.0,68.5,1030.5,Sec (≤1 mm),45.0,0.012307692307690132,-0.4119230769230775,0.0032726869125086085,-0.1590438815598969,,0,0,0,0
2016-09-08,15.4,21.2,0.0,3.8,7.1,NE,41.0,N,NE,9,24,69,67,1029.7,1024.8,7,5,18.7,20.1,No,No,0,0,1,2016,9,Sep,2016-09-01,Q3,252,Printemps,18.3,5.799999999999999,16.5,68.0,1027.25,Sec (≤1 mm),45.0,-0.7876923076923106,2.7880769230769236,-0.20945196240058872,1.076479082565538,,0,0,0,0
2016-09-09,14.7,22.7,0.0,5.0,8.9,NNE,52.0,ENE,NE,6,22,61,60,1021.9,1015.9,6,4,19.5,21.2,No,Yes,0,1,1,2016,9,Sep,2016-09-01,Q3,253,Printemps,18.7,8.0,14.0,60.5,1018.9,Sec (≤1 mm),22.5,0.7123076923076894,2.0880769230769225,0.18940675506146842,0.8062084341630987,,0,0,0,0
2016-09-10,14.1,22.7,1.2,7.4,9.3,NNE,57.0,NNW,W,26,31,54,31,1012.7,1010.9,2,7,17.9,21.8,Yes,No,1,0,1,2016,9,Sep,2016-09-01,Q3,254,Printemps,18.4,8.6,28.5,42.5,1011.8,Faible (1-10),22.5,0.7123076923076894,1.4880769230769229,0.18940675506146842,0.57454787838958,,0,0,0,0
2016-09-11,13.0,21.0,0.0,6.2,8.7,W,33.0,WSW,ESE,17,17,44,53,1019.0,1017.1,1,6,16.8,17.6,No,No,0,0,1,2016,9,Sep,2016-09-01,Q3,255,Printemps,17.0,8.0,17.0,48.5,1018.05,Sec (≤1 mm),270.0,-0.9876923076923099,0.3880769230769232,-0.2626331247288628,0.149836859471462,,0,0,0,0
2016-09-12,12.4,20.9,0.0,4.2,9.7,W,28.0,W,E,20,19,47,53,1021.5,1018.5,3,3,16.6,18.3,No,No,0,0,1,2016,9,Sep,2016-09-01,Q3,256,Printemps,16.65,8.499999999999998,19.5,50.0,1020.0,Sec (≤1 mm),270.0,-1.0876923076923113,-0.21192307692307644,-0.28922370589300034,-0.08182369630205683,,0,0,0,0
2016-09-13,16.0,20.2,0.0,5.6,1.5,SSW,30.0,SSW,S,15,9,73,69,1021.4,1017.8,8,7,17.5,18.9,No,Yes,0,1,1,2016,9,Sep,2016-09-01,Q3,257,Printemps,18.1,4.199999999999999,12.0,71.0,1019.5999999999999,Sec (≤1 mm),202.5,-1.7876923076923106,3.388076923076923,-0.47535777404196017,1.3081396383390569,,0,0,0,0
2016-09-14,16.0,24.6,5.8,1.8,3.9,NNW,37.0,NNW,N,6,19,86,55,1014.1,1008.4,8,7,17.4,23.1,Yes,No,1,0,1,2016,9,Sep,2016-09-01,Q3,258,Printemps,20.3,8.600000000000001,12.5,70.5,1011.25,Faible (1-10),337.5,2.6123076923076916,3.388076923076923,0.6946277971800747,1.3081396383390569,,0,0,0,0
2016-09-15,14.1,22.1,0.0,6.6,8.1,W,41.0,NW,WNW,41,35,35,31,1009.8,1007.5,1,7,17.4,20.9,No,No,0,0,1,2016,9,Sep,2016-09-01,Q3,259,Printemps,18.1,8.000000000000002,38.0,33.0,1008.65,Sec (≤1 mm),270.0,0.11230769230769155,1.4880769230769229,0.02986326807664613,0.57454787838958,,0,0,0,0
2016-09-16,13.5,22.5,0.0,6.8,8.5,W,43.0,W,W,19,28,55,29,1016.5,1015.5,6,3,16.9,21.7,No,No,0,0,1,2016,9,Sep,2016-09-01,Q3,260,Printemps,18.0,9.0,23.5,42.0,1016.0,Sec (≤1 mm),270.0,0.5123076923076901,0.8880769230769232,0.13622559273319432,0.34288732261606114,,0,0,0,0
2016-09-17,10.7,22.4,0.0,5.4,8.8,NNE,37.0,W,NE,6,19,52,44,1022.0,1018.0,1,7,17.5,19.2,No,No,0,0,1,2016,9,Sep,2016-09-01,Q3,261,Printemps,16.549999999999997,11.7,12.5,48.0,1020.0,Sec (≤1 mm),22.5,0.4123076923076887,-1.9119230769230775,0.1096350115690568,-0.7381952709936943,,0,0,0,0
2016-09-18,14.2,17.8,0.0,6.6,0.0,WSW,30.0,W,W,17,6,66,79,1012.6,1005.7,8,8,14.9,15.1,No,Yes,0,1,1,2016,9,Sep,2016-09-01,Q3,262,Printemps,16.0,3.6000000000000014,11.5,72.5,1009.1500000000001,Sec (≤1 mm),247.5,-4.187692307692309,1.5880769230769225,-1.1135317219812513,0.6131579710184997,,0,0,0,0
2016-09-19,13.1,21.4,13.4,1.0,10.1,W,59.0,W,W,30,28,53,38,1008.5,1008.7,1,1,17.7,20.6,Yes,No,1,0,1,2016,9,Sep,2016-09-01,Q3,263,Printemps,17.25,8.299999999999999,29.0,45.5,1008.6,Modérée (10-30),270.0,-0.5876923076923113,0.48807692307692285,-0.15627080007231461,0.18844695210038168,,0,0,0,0
2016-09-20,10.0,20.6,0.0,6.4,8.7,WSW,28.0,WNW,NE,17,17,48,47,1018.9,1016.0,7,7,15.1,18.5,No,No,0,0,1,2016,9,Sep,2016-09-01,Q3,264,Printemps,15.3,10.600000000000001,17.0,47.5,1017.45,Sec (≤1 mm),247.5,-1.3876923076923084,-2.611923076923077,-0.368995449385411,-1.0084659193961327,,0,0,0,0
2016-09-21,14.0,21.2,0.0,4.8,2.9,N,31.0,W,NE,9,15,61,78,1012.5,1007.5,7,8,16.0,16.8,No,Yes,0,1,1,2016,9,Sep,2016-09-01,Q3,265,Printemps,17.6,7.199999999999999,12.0,69.5,1010.0,Sec (≤1 mm),0.0,-0.7876923076923106,1.3880769230769232,-0.20945196240058872,0.5359377857606603,,0,0,0,0
2016-09-22,13.5,20.1,2.0,4.0,4.1,WSW,56.0,W,W,20,24,54,63,1006.9,1005.9,3,7,18.4,17.0,Yes,No,1,0,1,2016,9,Sep,2016-09-01,Q3,266,Printemps,16.8,6.600000000000001,22.0,58.5,1006.4,Faible (1-10),247.5,-1.8876923076923084,0.8880769230769232,-0.5019483552060967,0.34288732261606114,,0,0,0,0
2016-09-23,15.2,22.0,0.6,3.0,8.2,SSW,61.0,WSW,SSW,17,24,55,48,1011.7,1010.7,6,2,17.3,21.5,No,No,0,0,1,2016,9,Sep,2016-09-01,Q3,267,Printemps,18.6,6.800000000000001,20.5,51.5,1011.2,Sec (≤1 mm),202.5,0.012307692307690132,2.5880769230769225,0.0032726869125086085,0.9992588973076979,,0,0,0,0
2016-09-24,12.5,22.3,0.0,4.8,10.1,W,30.0,WNW,ESE,13,17,55,63,1012.6,1007.9,1,1,18.4,20.6,No,Yes,0,1,1,2016,9,Sep,2016-09-01,Q3,268,Printemps,17.4,9.8,15.0,59.0,1010.25,Sec (≤1 mm),270.0,0.31230769230769084,-0.11192307692307679,0.08304443040492022,-0.04321360367313714,,0,0,0,0
2016-09-25,13.6,22.1,3.4,5.2,2.1,WSW,41.0,W,SE,15,15,74,75,1006.7,1006.1,7,7,15.5,16.3,Yes,Yes,1,1,1,2016,9,Sep,2016-09-01,Q3,269,Printemps,17.85,8.500000000000002,15.0,74.5,1006.4000000000001,Faible (1-10),247.5,0.11230769230769155,0.9880769230769229,0.02986326807664613,0.3814974152449808,,0,0,0,0
2016-09-26,12.0,21.8,4.0,4.2,10.1,WSW,41.0,WSW,E,20,19,41,44,1013.0,1009.0,1,1,16.5,18.9,Yes,No,1,0,1,2016,9,Sep,2016-09-01,Q3,270,Printemps,16.9,9.8,19.5,42.5,1011.0,Faible (1-10),247.5,-0.18769230769230916,-0.6119230769230768,-0.049908475415765485,-0.23626406681773626,,0,0,0,0
2016-09-27,10.9,23.2,0.0,6.2,9.7,WSW,61.0,N,WSW,20,26,37,22,1009.7,1006.8,2,2,18.6,20.6,No,No,0,0,1,2016,9,Sep,2016-09-01,Q3,271,Printemps,17.05,12.299999999999999,23.0,29.5,1008.25,Sec (≤1 mm),247.5,1.2123076923076894,-1.7119230769230764,0.3223596608821541,-0.6609750857358543,,0,0,0,0
2016-09-28,10.2,21.3,0.0,7.2,11.4,W,35.0,WNW,E,17,17,46,42,1014.7,1011.3,1,1,16.2,19.6,No,Yes,0,1,1,2016,9,Sep,2016-09-01,Q3,272,Printemps,15.75,11.100000000000001,17.0,44.0,1013.0,Sec (≤1 mm),270.0,-0.6876923076923092,-2.4119230769230775,-0.1828613812364512,-0.9312457341382935,,0,0,0,0
2016-09-29,14.2,22.8,1.4,5.4,4.2,NW,56.0,NNE,N,11,22,76,50,1000.5,994.0,8,2,14.8,22.3,Yes,No,1,0,1,2016,9,Sep,2016-09-01,Q3,273,Printemps,18.5,8.600000000000001,16.5,63.0,997.25,Faible (1-10),315.0,0.8123076923076908,1.5880769230769225,0.21599733622560593,0.6131579710184997,,0,0,0,0
2016-09-30,12.3,20.1,0.4,7.2,8.6,NNW,67.0,NNW,NW,28,39,42,40,999.1,998.3,6,3,16.1,17.3,No,No,0,0,1,2016,9,Sep,2016-09-01,Q3,274,Printemps,16.200000000000003,7.800000000000001,33.5,41.0,998.7,Sec (≤1 mm),337.5,-1.8876923076923084,-0.3119230769230761,-0.5019483552060967,-0.12043378893097652,,0,0,0,0
2016-10-01,12.4,22.1,0.0,7.4,10.4,W,41.0,WNW,W,35,39,40,34,1005.0,1005.5,3,3,19.5,20.2,No,No,0,0,1,2016,10,Oct,2016-10-01,Q4,275,Printemps,17.25,9.700000000000001,37.0,37.0,1005.25,Sec (≤1 mm),270.0,-1.4526717557251914,-2.373664122137404,-0.3255680369989198,-0.8290224562218702,,0,0,0,0
2016-10-02,12.5,24.7,0.0,8.0,11.1,NE,41.0,NW,ENE,7,20,44,45,1012.9,1008.3,0,0,18.4,22.7,No,No,0,0,1,2016,10,Oct,2016-10-01,Q4,276,Printemps,18.6,12.2,13.5,44.5,1010.5999999999999,Sec (≤1 mm),45.0,1.1473282442748065,-2.2736641221374043,0.2571354490853259,-0.7940966026232001,,0,0,0,0
2016-10-03,18.4,25.6,0.0,9.0,8.3,WSW,72.0,NNE,WNW,15,31,41,14,999.4,997.8,7,7,21.5,22.9,No,No,0,0,1,2016,10,Oct,2016-10-01,Q4,277,Printemps,22.0,7.200000000000003,23.0,27.5,998.5999999999999,Sec (≤1 mm),247.5,2.0473282442748086,3.6263358778625943,0.4588405019606423,1.2665287596983419,,0,0,0,0
2016-10-04,12.7,23.4,0.0,10.2,11.1,W,70.0,NW,W,17,43,34,25,1007.8,1003.7,1,1,17.5,23.0,No,No,0,0,1,2016,10,Oct,2016-10-01,Q4,278,Printemps,18.049999999999997,10.7,30.0,29.5,1005.75,Sec (≤1 mm),270.0,-0.1526717557251942,-2.073664122137405,-0.03421629395679735,-0.7242448954258599,,0,0,0,0
2016-10-05,11.7,23.7,0.0,11.0,11.0,SW,57.0,W,WSW,30,26,34,16,1016.4,1013.2,0,1,14.7,22.9,No,No,0,0,1,2016,10,Oct,2016-10-01,Q4,279,Printemps,17.7,12.0,28.0,25.0,1014.8,Sec (≤1 mm),225.0,0.1473282442748065,-3.073664122137405,0.033018723668308124,-1.073503431412562,,0,0,0,0
2016-10-06,13.0,27.8,0.0,7.6,11.1,WSW,48.0,W,WSW,7,30,34,20,1019.1,1017.0,4,8,19.9,27.2,No,No,0,0,1,2016,10,Oct,2016-10-01,Q4,280,Printemps,20.4,14.8,18.5,27.0,1018.05,Sec (≤1 mm),247.5,4.247328244274808,-1.7736641221374043,0.9518972978780811,-0.619467334629849,,0,0,0,0
2016-10-07,16.0,31.0,0.0,8.6,9.3,WNW,37.0,W,W,9,22,40,16,1021.0,1015.6,7,5,22.5,30.8,No,No,0,0,1,2016,10,Oct,2016-10-01,Q4,281,Printemps,23.5,15.0,15.5,28.0,1018.3,Sec (≤1 mm),292.5,7.447328244274807,1.2263358778625957,1.6690708192125376,0.4283082733302573,,0,0,0,0
2016-10-08,20.1,22.2,0.2,10.0,7.4,SSE,54.0,S,SSE,28,30,63,50,1016.3,1017.6,6,5,21.0,20.1,No,No,0,0,1,2016,10,Oct,2016-10-01,Q4,282,Printemps,21.15,2.099999999999998,29.0,56.5,1016.95,Sec (≤1 mm),157.5,-1.3526717557251935,5.326335877862597,-0.30315636445721844,1.8602682708757365,,0,0,0,0
2016-10-09,13.8,25.5,0.0,7.4,8.4,NE,52.0,W,NE,11,24,51,40,1022.9,1018.1,7,7,17.5,20.3,No,No,0,0,1,2016,10,Oct,2016-10-01,Q4,283,Printemps,19.65,11.7,17.5,45.5,1020.5,Sec (≤1 mm),45.0,1.9473282442748072,-0.9736641221374036,0.4364288294189402,-0.3400605058404871,,0,0,0,0
2016-10-10,16.8,33.6,0.0,8.4,6.6,W,41.0,NE,WSW,9,28,37,24,1007.7,1004.1,6,7,25.3,31.8,No,Yes,0,1,1,2016,10,Oct,2016-10-01,Q4,284,Printemps,25.200000000000003,16.8,18.5,30.5,1005.9000000000001,Sec (≤1 mm),270.0,10.047328244274809,2.0263358778625964,2.251774305296784,0.7077151021196193,,0,0,0,0
2016-10-11,12.3,21.3,3.8,10.2,11.4,WSW,61.0,WSW,SE,35,9,33,26,1013.2,1012.9,1,3,14.9,20.1,Yes,No,1,0,1,2016,10,Oct,2016-10-01,Q4,285,Printemps,16.8,9.0,22.0,29.5,1013.05,Faible (1-10),247.5,-2.252671755725192,-2.4736641221374036,-0.5048614173325341,-0.8639483098205403,,0,0,0,0
2016-10-12,10.7,23.6,0.0,6.6,9.3,WSW,39.0,W,E,26,24,45,32,1016.5,1012.5,1,5,14.3,20.7,No,Yes,0,1,1,2016,10,Oct,2016-10-01,Q4,286,Printemps,17.15,12.900000000000002,25.0,38.5,1014.5,Sec (≤1 mm),247.5,0.04732824427480864,-4.073664122137405,0.010607051126606828,-1.4227619673992642,,0,0,0,0
2016-10-13,11.8,18.3,4.4,7.4,7.9,SSW,57.0,SSW,S,26,24,56,57,1021.2,1022.4,2,7,15.9,15.6,Yes,No,1,0,1,2016,10,Oct,2016-10-01,Q4,287,Printemps,15.05,6.5,25.0,56.5,1021.8,Faible (1-10),202.5,-5.252671755725192,-2.9736641221374036,-1.1772115935835874,-1.0385775778138913,,0,0,0,0
2016-10-14,9.0,21.3,0.2,8.2,11.6,W,30.0,WNW,E,17,19,50,37,1025.9,1023.2,1,1,15.1,19.4,No,No,0,0,1,2016,10,Oct,2016-10-01,Q4,288,Printemps,15.15,12.3,18.0,43.5,1024.5500000000002,Sec (≤1 mm),270.0,-2.252671755725192,-5.773664122137404,-0.5048614173325341,-2.0165014785766577,,0,0,0,0
2016-10-15,11.1,23.9,0.0,5.6,12.2,NNE,50.0,W,NE,11,26,57,36,1023.1,1017.5,0,0,15.9,23.0,No,No,0,0,1,2016,10,Oct,2016-10-01,Q4,289,Printemps,17.5,12.799999999999999,18.5,46.5,1020.3,Sec (≤1 mm),22.5,0.3473282442748058,-3.6736641221374047,0.07784206875171151,-1.2830585530045833,,0,0,0,0
2016-10-16,15.9,29.0,0.0,10.0,11.0,NNE,56.0,N,NE,22,28,31,37,1014.9,1008.7,0,1,23.1,25.4,No,No,0,0,1,2016,10,Oct,2016-10-01,Q4,290,Printemps,22.45,13.1,25.0,34.0,1011.8,Sec (≤1 mm),22.5,5.447328244274807,1.126335877862596,1.2208373683785023,0.3933824197315872,,0,0,0,0
2016-10-17,21.7,22.4,0.0,11.8,2.4,W,41.0,WNW,NNW,28,15,43,78,1005.8,1008.3,7,7,22.4,14.5,No,Yes,0,1,1,2016,10,Oct,2016-10-01,Q4,291,Printemps,22.049999999999997,0.6999999999999993,21.5,60.5,1007.05,Sec (≤1 mm),270.0,-1.1526717557251942,6.926335877862595,-0.2583330193738151,2.4190819284544594,,0,0,0,0
2016-10-18,11.5,25.8,3.0,3.0,12.2,W,48.0,NNW,WNW,19,26,39,23,1014.5,1010.8,1,3,18.3,25.5,Yes,No,1,0,1,2016,10,Oct,2016-10-01,Q4,292,Printemps,18.65,14.3,22.5,31.0,1012.65,Faible (1-10),270.0,2.247328244274808,-3.2736641221374043,0.5036638470440457,-1.1433551386099021,,0,0,0,0
2016-10-19,16.2,24.5,0.2,11.0,11.1,W,50.0,WSW,NW,24,6,30,20,1017.9,1017.0,3,2,19.1,22.9,No,No,0,0,1,2016,10,Oct,2016-10-01,Q4,293,Printemps,20.35,8.3,15.0,25.0,1017.45,Sec (≤1 mm),270.0,0.9473282442748072,1.426335877862595,0.21231210400192246,0.49815998052759747,,0,0,0,0
2016-10-20,16.4,21.6,0.0,8.0,10.3,NNE,44.0,ENE,NE,19,26,47,47,1024.4,1021.4,6,5,19.0,20.4,No,No,0,0,1,2016,10,Oct,2016-10-01,Q4,294,Printemps,19.0,5.200000000000003,22.5,47.0,1022.9000000000001,Sec (≤1 mm),22.5,-1.9526717557251914,1.6263358778625943,-0.4376263997074286,0.5680116877249377,,0,0,0,0
2016-10-21,15.3,25.2,0.0,7.4,8.4,NNE,46.0,NNW,NE,20,26,55,55,1018.9,1012.8,5,7,21.5,23.3,No,Yes,0,1,1,2016,10,Oct,2016-10-01,Q4,295,Printemps,20.25,9.899999999999999,23.0,55.0,1015.8499999999999,Sec (≤1 mm),22.5,1.6473282442748065,0.5263358778625964,0.3691938117938347,0.18382729813956608,,0,0,0,0
2016-10-22,16.1,18.0,11.8,8.4,4.1,WSW,57.0,SE,S,15,22,84,69,1010.0,1010.1,7,7,17.0,16.4,Yes,No,1,0,1,2016,10,Oct,2016-10-01,Q4,296,Printemps,17.05,1.8999999999999986,18.5,76.5,1010.05,Modérée (10-30),247.5,-5.552671755725193,1.326335877862597,-1.2444466112086927,0.463234126928928,,0,0,0,0
2016-10-23,10.2,19.8,0.6,4.8,10.4,SSW,59.0,W,S,22,28,53,42,1018.3,1017.7,7,2,13.1,17.5,No,No,0,0,1,2016,10,Oct,2016-10-01,Q4,297,Printemps,15.0,9.600000000000001,25.0,47.5,1018.0,Sec (≤1 mm),202.5,-3.752671755725192,-4.573664122137405,-0.8410365054580607,-1.5973912353926152,,0,0,0,0
2016-10-24,10.2,21.5,0.8,5.8,12.4,ESE,37.0,W,SSE,15,22,45,33,1019.6,1016.7,1,1,15.0,19.8,No,No,0,0,1,2016,10,Oct,2016-10-01,Q4,298,Printemps,15.85,11.3,18.5,39.0,1018.1500000000001,Sec (≤1 mm),112.5,-2.052671755725193,-4.573664122137405,-0.46003807224913074,-1.5973912353926152,,0,0,0,0
2016-10-25,11.4,23.3,0.0,6.8,12.3,ENE,37.0,W,NE,13,22,56,46,1018.9,1014.4,7,1,17.6,22.8,No,No,0,0,1,2016,10,Oct,2016-10-01,Q4,299,Printemps,17.35,11.9,17.5,51.0,1016.65,Sec (≤1 mm),67.5,-0.25267175572519207,-3.373664122137404,-0.05662796649849865,-1.1782809922085724,,0,0,0,0
2016-10-26,14.3,27.0,0.0,7.8,8.5,ENE,26.0,W,E,11,20,52,34,1016.6,1013.0,7,7,18.7,25.8,No,No,0,0,1,2016,10,Oct,2016-10-01,Q4,300,Printemps,20.65,12.7,15.5,43.0,1014.8,Sec (≤1 mm),67.5,3.447328244274807,-0.4736641221374036,0.7726039175444668,-0.16543123784713604,,0,0,0,0
2016-10-27,18.4,21.7,0.0,8.0,6.2,SE,41.0,SSE,SSE,20,26,65,63,1015.9,1015.7,4,7,20.8,19.9,No,Yes,0,1,1,2016,10,Oct,2016-10-01,Q4,301,Printemps,20.049999999999997,3.3000000000000007,23.0,64.0,1015.8,Sec (≤1 mm),135.0,-1.8526717557251935,3.6263358778625943,-0.4152147271657273,1.2665287596983419,,0,0,0,0
2016-10-28,14.7,19.6,1.4,4.6,0.5,SSE,30.0,W,ESE,19,7,73,57,1020.6,1018.5,8,8,15.4,19.1,Yes,Yes,1,1,1,2016,10,Oct,2016-10-01,Q4,302,Printemps,17.15,4.900000000000002,13.0,65.0,1019.55,Faible (1-10),157.5,-3.9526717557251914,-0.07366412213740503,-0.8858598505414641,-0.025727823452455695,,0,0,0,0
2016-10-29,15.3,24.3,3.2,1.6,7.9,NE,41.0,W,NE,13,20,86,66,1020.1,1017.7,6,5,18.3,22.0,Yes,No,1,0,1,2016,10,Oct,2016-10-01,Q4,303,Printemps,19.8,9.0,16.5,76.0,1018.9000000000001,Faible (1-10),45.0,0.7473282442748079,0.5263358778625964,0.16748875891851908,0.18382729813956608,,0,0,0,0
2016-10-30,18.2,25.5,0.2,7.0,4.6,NW,50.0,NE,ENE,9,11,65,61,1013.7,1006.5,7,8,23.0,25.3,No,Yes,0,1,1,2016,10,Oct,2016-10-01,Q4,304,Printemps,21.85,7.300000000000001,10.0,63.0,1010.1,Sec (≤1 mm),315.0,1.9473282442748072,3.426335877862595,0.4364288294189402,1.1966770525010018,,0,0,0,0
2016-10-31,16.1,23.3,1.6,6.6,12.9,NNW,52.0,SSW,E,28,20,24,28,1011.0,1010.8,1,1,18.3,21.7,Yes,No,1,0,1,2016,10,Oct,2016-10-01,Q4,305,Printemps,19.700000000000003,7.199999999999999,24.0,26.0,1010.9,Faible (1-10),337.5,-0.25267175572519207,1.326335877862597,-0.05662796649849865,0.463234126928928,,0,0,0,0
2016-11-01,12.1,24.5,0.0,10.6,12.1,W,33.0,W,E,17,20,31,37,1014.4,1010.0,4,1,16.8,20.9,No,No,0,0,1,2016,11,Nov,2016-11-01,Q4,306,Printemps,18.3,12.4,18.5,34.0,1012.2,Sec (≤1 mm),270.0,-0.32645914396886866,-5.218287937743193,-0.08392024933411472,-2.273405003966516,,0,0,0,0
2016-11-02,13.0,24.1,0.0,7.2,12.8,W,39.0,WSW,E,20,20,34,32,1014.6,1013.0,1,1,19.1,21.6,No,No,0,0,1,2016,11,Nov,2016-11-01,Q4,307,Printemps,18.55,11.100000000000001,20.0,33.0,1013.8,Sec (≤1 mm),270.0,-0.7264591439688672,-4.318287937743193,-0.18674506019879936,-1.8813100241607927,,0,0,0,0
2016-11-03,13.6,25.2,0.0,7.4,12.2,E,37.0,WNW,ENE,11,26,57,50,1018.9,1014.8,1,1,19.7,23.7,No,No,0,0,1,2016,11,Nov,2016-11-01,Q4,308,Printemps,19.4,11.6,18.5,53.5,1016.8499999999999,Sec (≤1 mm),90.0,0.37354085603113063,-3.7182879377431934,0.09602316967908384,-1.6199133709569777,,0,0,0,0
2016-11-04,15.3,30.6,0.0,8.4,12.8,NE,35.0,W,NE,11,20,58,33,1014.8,1009.2,2,1,21.0,27.1,No,No,0,0,1,2016,11,Nov,2016-11-01,Q4,309,Printemps,22.950000000000003,15.3,15.5,45.5,1012.0,Sec (≤1 mm),45.0,5.773540856031133,-2.0182879377431924,1.4841581163523319,-0.8792895202128344,,0,0,0,0
2016-11-05,21.0,25.7,0.0,13.4,12.4,W,76.0,SW,WSW,20,28,21,16,1002.9,1006.2,1,1,25.7,24.9,No,No,0,0,1,2016,11,Nov,2016-11-01,Q4,310,Printemps,23.35,4.699999999999999,24.0,18.5,1004.55,Sec (≤1 mm),270.0,0.8735408560311306,3.681712062256807,0.22455418325994006,1.6039786852234097,,0,0,0,0
2016-11-06,15.7,26.0,0.0,14.4,12.3,W,57.0,WSW,ESE,22,26,25,27,1009.1,1007.8,1,7,19.6,23.2,No,No,0,0,1,2016,11,Nov,2016-11-01,Q4,311,Printemps,20.85,10.3,24.0,26.0,1008.45,Sec (≤1 mm),270.0,1.1735408560311313,-1.6182879377431938,0.301672791408454,-0.7050250847436248,,0,0,0,0
2016-11-07,14.8,28.1,0.0,7.6,12.4,NE,44.0,W,NE,13,24,34,46,1011.1,1006.4,2,1,22.6,25.5,No,No,0,0,1,2016,11,Nov,2016-11-01,Q4,312,Printemps,21.450000000000003,13.3,18.5,40.0,1008.75,Sec (≤1 mm),45.0,3.2735408560311328,-2.5182879377431924,0.8415030484480506,-1.0971200645493469,,0,0,0,0
2016-11-08,21.2,28.3,0.0,11.0,4.1,S,54.0,SE,SSE,6,24,25,57,1007.3,1007.1,7,7,26.8,24.7,No,Yes,0,1,1,2016,11,Nov,2016-11-01,Q4,313,Printemps,24.75,7.100000000000001,15.0,41.0,1007.2,Sec (≤1 mm),180.0,3.473540856031132,3.881712062256806,0.8929154538803928,1.6911109029580143,,0,0,0,0
2016-11-09,17.8,22.7,2.0,5.2,2.5,SSW,37.0,S,SSE,13,19,72,67,1013.3,1009.8,7,7,20.1,21.3,Yes,Yes,1,1,1,2016,11,Nov,2016-11-01,Q4,314,Printemps,20.25,4.899999999999999,16.0,69.5,1011.55,Faible (1-10),202.5,-2.1264591439688694,0.4817120622568076,-0.5466318982251974,0.20986320146972895,,0,0,0,0
2016-11-10,16.9,24.6,10.2,2.8,10.7,E,28.0,W,E,7,19,71,62,1009.4,1007.0,6,2,20.0,23.4,Yes,No,1,0,1,2016,11,Nov,2016-11-01,Q4,315,Printemps,20.75,7.700000000000003,13.0,66.5,1008.2,Modérée (10-30),90.0,-0.22645914396886724,-0.4182879377431945,-0.058214046617943105,-0.18223177833599474,,0,0,0,0
2016-11-11,17.8,24.3,0.0,7.0,11.1,E,33.0,SSW,ESE,9,20,68,59,1012.9,1009.9,5,1,20.2,22.6,No,Yes,0,1,1,2016,11,Nov,2016-11-01,Q4,316,Printemps,21.05,6.5,14.5,63.5,1011.4,Sec (≤1 mm),90.0,-0.526459143968868,0.4817120622568076,-0.13533265476645703,0.20986320146972895,,0,0,0,0
2016-11-12,18.4,32.5,9.0,7.6,9.1,N,48.0,NNW,E,15,22,72,59,1002.5,996.9,7,3,22.1,26.4,Yes,No,1,0,1,2016,11,Nov,2016-11-01,Q4,317,Printemps,25.45,14.100000000000001,18.5,65.5,999.7,Faible (1-10),0.0,7.673540856031131,1.0817120622568055,1.9725759679595851,0.4712598546735432,,0,0,0,0
2016-11-13,18.9,30.3,0.0,8.0,13.0,W,72.0,NNW,W,4,41,29,21,998.6,995.4,1,1,24.9,28.0,No,No,0,0,1,2016,11,Nov,2016-11-01,Q4,318,Printemps,24.6,11.400000000000002,22.5,25.0,997.0,Sec (≤1 mm),270.0,5.473540856031132,1.5817120622568055,1.4070395082038178,0.6890903990100559,,0,0,0,0
2016-11-14,17.4,24.4,0.0,15.8,7.0,WSW,56.0,W,SSE,33,28,40,52,1002.0,1004.5,3,7,20.5,20.3,No,No,0,0,1,2016,11,Nov,2016-11-01,Q4,319,Printemps,20.9,7.0,30.5,46.0,1003.25,Sec (≤1 mm),247.5,-0.4264591439688701,0.0817120622568055,-0.10962645205028633,0.0355987660005179,,0,0,0,0
2016-11-15,15.4,23.2,0.6,5.8,9.4,S,39.0,S,ESE,13,19,61,45,1016.1,1015.0,7,3,17.9,20.5,No,No,0,0,1,2016,11,Nov,2016-11-01,Q4,320,Printemps,19.3,7.799999999999999,16.0,53.0,1015.55,Sec (≤1 mm),180.0,-1.6264591439688694,-1.9182879377431927,-0.41810088464434114,-0.835723411345532,,0,0,0,0
2016-11-16,14.3,25.2,0.0,5.2,12.7,ESE,39.0,WNW,ESE,13,22,54,52,1020.0,1021.3,0,3,19.9,22.0,No,No,0,0,1,2016,11,Nov,2016-11-01,Q4,321,Printemps,19.75,10.899999999999999,17.5,53.0,1020.65,Sec (≤1 mm),112.5,0.37354085603113063,-3.0182879377431924,0.09602316967908384,-1.3149506088858596,,0,0,0,0
2016-11-17,17.3,23.9,0.0,7.4,12.8,NNE,43.0,ESE,E,4,28,57,53,1025.6,1021.9,4,1,21.1,23.1,No,No,0,0,1,2016,11,Nov,2016-11-01,Q4,322,Printemps,20.6,6.599999999999998,16.0,55.0,1023.75,Sec (≤1 mm),22.5,-0.9264591439688701,-0.018287937743192373,-0.23815746563114257,-0.0079673428667837,,0,0,0,0
2016-11-18,16.4,31.4,0.0,9.2,12.1,NNE,37.0,W,NE,13,11,52,36,1017.4,1013.5,1,2,23.0,30.0,No,No,0,0,1,2016,11,Nov,2016-11-01,Q4,323,Printemps,23.9,15.0,12.0,44.0,1015.45,Sec (≤1 mm),22.5,6.57354085603113,-0.9182879377431945,1.689807738081701,-0.4000623226725074,,0,0,0,0
2016-11-19,19.3,24.8,0.0,8.6,3.7,SSE,44.0,SSE,SE,30,20,67,58,1018.3,1018.4,7,7,21.7,22.1,No,No,0,0,1,2016,11,Nov,2016-11-01,Q4,324,Printemps,22.05,5.5,25.0,62.5,1018.3499999999999,Sec (≤1 mm),157.5,-0.02645914396886795,1.9817120622568076,-0.006801641185600793,0.8633548344792669,,0,0,0,0
2016-11-20,19.1,25.1,0.0,6.0,8.5,E,33.0,E,E,13,26,58,55,1021.3,1018.2,4,7,22.3,23.2,No,No,0,0,1,2016,11,Nov,2016-11-01,Q4,325,Printemps,22.1,6.0,19.5,56.5,1019.75,Sec (≤1 mm),90.0,0.27354085603113276,1.7817120622568083,0.07031696696291313,0.7762226167446622,,0,0,0,0
2016-11-21,19.7,28.4,0.0,7.4,6.0,E,35.0,E,ENE,11,17,67,64,1018.4,1015.1,6,5,24.6,25.5,No,No,0,0,1,2016,11,Nov,2016-11-01,Q4,326,Printemps,24.049999999999997,8.7,14.0,65.5,1016.75,Sec (≤1 mm),90.0,3.57354085603113,2.381712062256806,0.9186216565965636,1.0376192699484763,,0,0,0,0
2016-11-22,21.0,31.0,0.0,8.0,9.7,NE,46.0,E,ENE,15,24,51,54,1014.8,1012.1,1,3,26.6,26.2,No,No,0,0,1,2016,11,Nov,2016-11-01,Q4,327,Printemps,26.0,10.0,19.5,52.5,1013.45,Sec (≤1 mm),45.0,6.173540856031131,3.681712062256807,1.5869829272170164,1.6039786852234097,,0,0,0,0
2016-11-24,13.5,23.4,5.4,6.6,13.1,SSE,52.0,WSW,SE,22,26,42,39,1013.0,1011.8,1,1,18.3,21.8,Yes,No,1,0,1,2016,11,Nov,2016-11-01,Q4,329,Printemps,18.45,9.899999999999999,24.0,40.5,1012.4,Faible (1-10),157.5,-1.42645914396887,-3.818287937743193,-0.3666884792119988,-1.6634794798242802,,0,0,0,1
2016-11-25,14.7,25.5,0.0,8.8,13.1,ESE,37.0,W,ESE,20,22,33,46,1012.8,1012.5,4,2,20.6,23.4,No,No,0,0,1,2016,11,Nov,2016-11-01,Q4,330,Printemps,20.1,10.8,21.0,39.5,1012.65,Sec (≤1 mm),112.5,0.6735408560311313,-2.618287937743194,0.17314177782759776,-1.14068617341665,,0,0,0,0
2016-11-26,18.1,24.4,0.0,8.0,12.3,NE,46.0,ENE,NE,7,24,55,53,1017.4,1013.7,3,1,22.3,23.9,No,No,0,0,1,2016,11,Nov,2016-11-01,Q4,331,Printemps,21.25,6.299999999999997,15.5,54.0,1015.55,Sec (≤1 mm),45.0,-0.4264591439688701,0.7817120622568083,-0.10962645205028633,0.34056152807163687,,0,0,0,0
2016-11-27,19.6,23.5,0.0,9.8,1.7,SE,35.0,SE,ESE,19,22,71,66,1017.8,1016.9,7,7,20.5,21.6,No,No,0,0,1,2016,11,Nov,2016-11-01,Q4,332,Printemps,21.55,3.8999999999999986,20.5,68.5,1017.3499999999999,Sec (≤1 mm),135.0,-1.3264591439688687,2.2817120622568083,-0.3409822764958272,0.9940531610811748,,0,0,0,0
2016-11-28,20.3,26.1,0.0,6.0,8.1,NE,37.0,NE,E,15,28,71,63,1015.0,1010.4,6,1,22.8,25.5,No,No,0,0,1,2016,11,Nov,2016-11-01,Q4,333,Printemps,23.200000000000003,5.800000000000001,21.5,67.0,1012.7,Sec (≤1 mm),45.0,1.2735408560311328,2.9817120622568076,0.3273789941246256,1.2990159231522922,,0,0,0,0
2016-11-29,19.3,25.3,0.0,7.8,7.0,SE,44.0,S,SE,22,20,65,57,1011.8,1010.8,7,6,22.4,24.1,No,No,0,0,1,2016,11,Nov,2016-11-01,Q4,334,Printemps,22.3,6.0,21.0,61.0,1011.3,Sec (≤1 mm),135.0,0.47354085603113205,1.9817120622568076,0.12172937239525544,0.8633548344792669,,0,0,0,0
2016-11-30,18.2,25.2,0.0,6.4,4.4,NE,50.0,ESE,E,6,31,61,57,1012.4,1008.8,7,2,22.4,24.2,No,No,0,0,1,2016,11,Nov,2016-11-01,Q4,335,Printemps,21.7,7.0,18.5,59.0,1010.5999999999999,Sec (≤1 mm),45.0,0.37354085603113063,0.8817120622568062,0.09602316967908384,0.3841276369389385,,0,0,0,0
2016-12-01,18.1,28.5,0.0,7.4,8.1,ENE,37.0,W,ENE,9,19,68,51,1008.0,1005.3,7,7,21.2,25.4,No,No,0,0,1,2016,12,Dec,2016-12-01,Q4,336,Été,23.3,10.399999999999999,14.0,59.5,1006.65,Sec (≤1 mm),67.5,2.671666666666667,-0.48208333333333186,0.7755598128397806,-0.21438018005566317,,0,0,0,0
2016-12-02,18.7,35.7,0.2,6.0,9.8,SSW,57.0,WNW,ESE,13,17,44,24,1008.4,1007.7,3,5,25.6,30.9,No,No,0,0,1,2016,12,Dec,2016-12-01,Q4,337,Été,27.200000000000003,17.000000000000004,15.0,34.0,1008.05,Sec (≤1 mm),202.5,9.87166666666667,0.117916666666666,2.8656523839363826,0.05243698440428049,,0,0,0,0
2016-12-03,21.0,26.8,0.0,11.2,9.7,S,41.0,SSE,ESE,11,19,64,55,1016.0,1015.0,7,5,22.6,23.8,No,No,0,0,1,2016,12,Dec,2016-12-01,Q4,338,Été,23.9,5.800000000000001,15.0,59.5,1015.5,Sec (≤1 mm),180.0,0.9716666666666676,2.4179166666666667,0.2820657335530833,1.0752361148340686,,0,0,0,0
2016-12-04,19.7,26.9,0.0,8.0,9.3,NE,39.0,E,E,6,26,64,60,1016.0,1013.1,7,7,23.0,25.1,No,No,0,0,1,2016,12,Dec,2016-12-01,Q4,339,Été,23.299999999999997,7.199999999999999,16.0,62.0,1014.55,Sec (≤1 mm),45.0,1.0716666666666654,1.117916666666666,0.31109479704053544,0.4971322585041882,,0,0,0,0
2016-12-05,22.1,29.9,0.4,7.6,2.9,SSW,59.0,NE,E,13,17,71,65,1009.6,1005.9,7,7,26.1,27.1,No,Yes,0,1,1,2016,12,Dec,2016-12-01,Q4,340,Été,26.0,7.799999999999997,15.0,68.0,1007.75,Sec (≤1 mm),202.5,4.071666666666665,3.517916666666668,1.1819667016641193,1.5644009163439676,,0,0,0,0
2016-12-06,20.4,23.6,3.2,7.0,0.0,S,33.0,W,NE,15,7,86,83,1012.4,1010.6,8,8,20.6,22.2,Yes,Yes,1,1,1,2016,12,Dec,2016-12-01,Q4,341,Été,22.0,3.200000000000003,11.0,84.5,1011.5,Faible (1-10),180.0,-2.2283333333333317,1.8179166666666653,-0.646864298045406,0.8084189503741233,,0,0,0,0
2016-12-07,18.6,25.1,7.8,1.4,9.3,SSW,37.0,SE,E,15,24,86,56,1015.2,1014.4,5,4,20.7,24.4,Yes,No,1,0,1,2016,12,Dec,2016-12-01,Q4,342,Été,21.85,6.5,19.5,71.0,1014.8,Faible (1-10),202.5,-0.7283333333333317,0.017916666666668135,-0.21142834573361405,0.007967456994290665,,0,0,0,0
2016-12-08,20.2,27.9,0.2,8.0,12.2,NNE,56.0,NNE,NE,9,26,60,61,1008.7,999.4,1,2,24.6,26.9,No,No,0,0,1,2016,12,Dec,2016-12-01,Q4,343,Été,24.049999999999997,7.699999999999999,17.5,60.5,1004.05,Sec (≤1 mm),22.5,2.0716666666666654,1.617916666666666,0.6013854319150634,0.719479895554142,,0,0,0,0
2016-12-09,18.1,27.8,0.4,13.6,13.4,W,72.0,W,WSW,44,31,35,14,1007.9,1009.9,1,1,20.2,26.4,No,No,0,0,1,2016,12,Dec,2016-12-01,Q4,344,Été,22.950000000000003,9.7,37.5,24.5,1008.9,Sec (≤1 mm),270.0,1.9716666666666676,-0.48208333333333186,0.5723563684276112,-0.21438018005566317,,0,0,0,0
2016-12-10,16.9,23.7,0.0,9.0,9.8,E,39.0,SSE,ENE,11,26,54,52,1022.5,1020.5,3,2,20.8,22.1,No,No,0,0,1,2016,12,Dec,2016-12-01,Q4,345,Été,20.299999999999997,6.800000000000001,18.5,53.0,1021.5,Sec (≤1 mm),90.0,-2.128333333333334,-1.6820833333333347,-0.6178352345579539,-0.7480145089755537,,0,0,0,0
2016-12-11,20.0,26.3,0.0,9.0,11.4,E,41.0,NE,E,13,28,57,56,1022.2,1020.4,3,1,23.6,24.3,No,No,0,0,1,2016,12,Dec,2016-12-01,Q4,346,Été,23.15,6.300000000000001,20.5,56.5,1021.3,Sec (≤1 mm),90.0,0.47166666666666757,1.4179166666666667,0.1369204161158193,0.6305408407341608,,0,0,0,0
2016-12-12,20.9,27.6,0.0,10.6,12.4,NE,52.0,NE,ENE,15,19,59,53,1022.6,1018.1,6,1,23.8,25.5,No,No,0,0,1,2016,12,Dec,2016-12-01,Q4,347,Été,24.25,6.700000000000003,17.0,56.0,1020.35,Sec (≤1 mm),45.0,1.7716666666666683,2.3179166666666653,0.5142982414527059,1.030766587424077,,0,0,0,0
2016-12-13,20.7,37.8,0.0,10.2,11.4,NNE,44.0,ESE,NE,9,15,49,36,1015.5,1011.1,3,5,27.5,31.1,No,No,0,0,1,2016,12,Dec,2016-12-01,Q4,348,Été,29.25,17.099999999999998,12.0,42.5,1013.3,Sec (≤1 mm),22.5,11.971666666666664,2.117916666666666,3.47526271717289,0.9418275326040959,Chaleur extrême,0,0,0,0
2016-12-14,27.1,37.2,0.0,13.4,2.5,WSW,57.0,NW,WSW,24,33,23,16,1008.5,1007.0,7,7,32.4,34.1,No,Yes,0,1,1,2016,12,Dec,2016-12-01,Q4,349,Été,32.150000000000006,10.100000000000001,28.5,19.5,1007.75,Sec (≤1 mm),247.5,11.37166666666667,8.517916666666668,3.3010883362481747,3.787877286843506,Chaleur extrême,0,0,0,0
2016-12-15,17.4,19.1,8.2,8.8,0.0,SSE,46.0,SE,SSE,17,15,88,81,1017.2,1017.4,8,8,17.7,17.7,Yes,Yes,1,1,1,2016,12,Dec,2016-12-01,Q4,350,Été,18.25,1.7000000000000028,16.0,84.5,1017.3,Faible (1-10),157.5,-6.728333333333332,-1.1820833333333347,-1.953172154980782,-0.5256668719255998,,0,0,0,0
2016-12-16,17.2,25.4,32.6,1.0,0.0,ESE,30.0,SSE,ESE,17,4,89,86,1013.3,1009.3,8,8,18.8,20.2,Yes,Yes,1,1,1,2016,12,Dec,2016-12-01,Q4,351,Été,21.299999999999997,8.2,10.5,87.5,1011.3,Forte (>30),112.5,-0.42833333333333456,-1.382083333333334,-0.1243411552712565,-0.614605926745581,,0,0,0,0
2016-12-17,18.5,33.7,10.4,1.4,12.7,S,70.0,NW,WNW,2,19,67,27,1007.4,1005.2,3,4,25.4,32.4,Yes,No,1,0,1,2016,12,Dec,2016-12-01,Q4,352,Été,26.1,15.200000000000003,10.5,47.0,1006.3,Modérée (10-30),180.0,7.87166666666667,-0.08208333333333329,2.285071114187327,-0.036502070415700735,,0,0,0,0
2016-12-18,18.3,21.3,0.0,10.0,0.7,SSE,57.0,SE,SE,15,22,61,55,1018.8,1020.0,8,8,19.8,19.9,No,No,0,0,1,2016,12,Dec,2016-12-01,Q4,353,Été,19.8,3.0,18.5,58.0,1019.4,Sec (≤1 mm),157.5,-4.528333333333332,-0.2820833333333326,-1.3145327582568205,-0.12544112523568196,,0,0,0,0
2016-12-19,17.7,22.9,0.0,7.8,7.1,NE,44.0,ENE,NE,13,24,49,47,1021.0,1017.5,6,3,20.8,21.4,No,No,0,0,1,2016,12,Dec,2016-12-01,Q4,354,Été,20.299999999999997,5.199999999999999,18.5,48.0,1019.25,Sec (≤1 mm),45.0,-2.9283333333333346,-0.882083333333334,-0.8500677424575764,-0.3922582896956272,,0,0,0,0
2016-12-20,16.7,27.1,0.0,7.0,12.0,SSW,48.0,E,ESE,4,20,52,52,1010.4,1005.3,2,3,22.8,26.9,No,No,0,0,1,2016,12,Dec,2016-12-01,Q4,355,Été,21.9,10.400000000000002,12.0,52.0,1007.8499999999999,Sec (≤1 mm),202.5,1.2716666666666683,-1.882083333333334,0.36915292401544186,-0.8369535637955349,,0,0,0,0
2016-12-21,18.6,26.7,0.0,10.0,10.4,S,52.0,S,ESE,15,28,64,50,1012.3,1012.2,3,2,22.8,25.0,No,No,0,0,1,2016,12,Dec,2016-12-01,Q4,356,Été,22.65,8.099999999999998,21.5,57.0,1012.25,Sec (≤1 mm),180.0,0.8716666666666661,0.017916666666668135,0.2530366700656301,0.007967456994290665,,0,0,0,0
2016-12-22,20.3,24.3,0.0,9.2,3.7,ENE,35.0,E,ENE,17,20,60,52,1019.4,1018.1,8,5,21.1,23.0,No,No,0,0,1,2016,12,Dec,2016-12-01,Q4,357,Été,22.3,4.0,18.5,56.0,1018.75,Sec (≤1 mm),67.5,-1.5283333333333324,1.7179166666666674,-0.44366085363323665,0.7639494229641334,,0,0,0,0
2016-12-23,20.8,24.4,0.0,7.6,7.9,ENE,48.0,NE,NE,20,28,56,56,1019.3,1016.6,5,2,23.0,23.8,No,No,0,0,1,2016,12,Dec,2016-12-01,Q4,358,Été,22.6,3.599999999999998,24.0,56.0,1017.95,Sec (≤1 mm),67.5,-1.4283333333333346,2.2179166666666674,-0.41463179014578444,0.9862970600140872,,0,0,0,0
2016-12-24,19.8,27.2,0.0,9.4,4.3,NNW,44.0,WNW,ENE,9,20,66,55,1015.7,1013.8,7,7,23.2,26.3,No,Yes,0,1,1,2016,12,Dec,2016-12-01,Q4,359,Été,23.5,7.399999999999999,14.5,60.5,1014.75,Sec (≤1 mm),337.5,1.3716666666666661,1.2179166666666674,0.398181987502894,0.5416017859141796,,0,0,0,0
2016-12-25,19.1,27.4,1.6,4.6,12.8,NE,48.0,ESE,NE,4,26,64,55,1017.1,1015.5,3,3,23.9,26.8,Yes,No,1,0,1,2016,12,Dec,2016-12-01,Q4,360,Été,23.25,8.299999999999997,15.0,59.5,1016.3,Faible (1-10),45.0,1.5716666666666654,0.5179166666666681,0.45624011447779944,0.23031509404424452,,0,0,0,0
2016-12-26,20.9,29.3,0.0,11.2,10.9,NE,52.0,E,NE,13,30,59,51,1014.7,1011.4,1,1,25.8,27.9,No,No,0,0,1,2016,12,Dec,2016-12-01,Q4,361,Été,25.1,8.400000000000002,21.5,55.0,1013.05,Sec (≤1 mm),45.0,3.4716666666666676,2.3179166666666653,1.007792320739403,1.030766587424077,,0,0,0,0
2016-12-27,21.8,29.6,0.0,11.2,6.0,NE,43.0,S,ESE,17,19,66,60,1014.5,1013.3,7,7,25.7,27.5,No,No,0,0,1,2016,12,Dec,2016-12-01,Q4,362,Été,25.700000000000003,7.800000000000001,18.0,63.0,1013.9,Sec (≤1 mm),45.0,3.7716666666666683,3.2179166666666674,1.0948795112017617,1.430992334113995,,0,0,0,0
2016-12-28,21.1,28.9,0.0,7.8,9.4,NNE,61.0,E,NNE,15,24,63,48,1013.0,1009.7,6,6,24.9,27.5,No,No,0,0,1,2016,12,Dec,2016-12-01,Q4,363,Été,25.0,7.799999999999997,19.5,55.5,1011.35,Sec (≤1 mm),22.5,3.0716666666666654,2.517916666666668,0.8916760667895913,1.1197056422440599,,0,0,0,0
2016-12-29,22.6,36.6,0.0,10.4,4.8,E,28.0,W,ENE,15,22,49,30,1007.2,1004.4,7,6,28.1,31.8,No,No,0,0,1,2016,12,Dec,2016-12-01,Q4,364,Été,29.6,14.0,18.5,39.5,1005.8,Sec (≤1 mm),90.0,10.771666666666668,4.017916666666668,3.1269139553234573,1.7867485533939214,Chaleur extrême,0,0,0,0
2016-12-30,23.9,33.3,0.0,9.2,0.5,NNE,30.0,W,ENE,9,20,58,34,1003.6,1001.7,8,7,27.3,32.1,No,No,0,0,1,2016,12,Dec,2016-12-01,Q4,365,Été,28.599999999999998,9.399999999999999,14.5,46.0,1002.6500000000001,Sec (≤1 mm),22.5,7.471666666666664,5.317916666666665,2.168954860237514,2.3648524097238,,0,0,0,0
2016-12-31,24.1,30.0,0.0,8.2,4.8,SE,37.0,SSE,SE,17,24,57,62,1003.7,1003.4,6,7,27.7,26.4,No,No,0,0,1,2016,12,Dec,2016-12-01,Q4,366,Été,27.05,5.899999999999999,20.5,59.5,1003.55,Sec (≤1 mm),135.0,4.171666666666667,5.517916666666668,1.2109957651515726,2.453791464543783,,0,0,0,0
2017-01-01,22.7,26.6,0.0,6.8,0.0,E,24.0,E,E,9,19,70,70,1007.4,1005.5,7,8,24.6,24.9,No,No,0,0,1,2017,1,Jan,2017-01-01,Q1,1,Été,24.65,3.900000000000002,14.0,70.0,1006.45,Sec (≤1 mm),90.0,-0.876895306859204,2.3963898916967494,-0.22878109350916984,1.1281185269167562,,0,0,0,0
2017-01-02,21.2,26.3,0.4,3.4,3.5,S,56.0,SSW,SSE,26,28,71,54,1009.9,1011.8,7,5,22.1,24.8,No,Yes,0,1,1,2017,1,Jan,2017-01-01,Q1,2,Été,23.75,5.100000000000001,27.0,62.5,1010.8499999999999,Sec (≤1 mm),180.0,-1.1768953068592047,0.8963898916967494,-0.3070507883243699,0.42198226910730685,,0,0,0,0
2017-01-03,18.5,26.6,2.6,6.2,8.8,SSE,48.0,S,SSE,19,19,66,60,1018.5,1018.3,7,7,21.9,25.4,Yes,Yes,1,1,1,2017,1,Jan,2017-01-01,Q1,3,Été,22.55,8.100000000000001,19.0,63.0,1018.4,Faible (1-10),157.5,-0.876895306859204,-1.8036101083032499,-0.22878109350916984,-0.8490629949497017,,0,0,0,0
2017-01-04,20.1,25.9,1.2,7.8,5.6,ESE,31.0,ESE,ESE,22,22,53,45,1021.4,1020.0,7,7,24.0,23.7,Yes,Yes,1,1,1,2017,1,Jan,2017-01-01,Q1,4,Été,23.0,5.799999999999997,22.0,49.0,1020.7,Faible (1-10),112.5,-1.5768953068592069,-0.20361010830324844,-0.41141038141130365,-0.0958509866196217,,0,0,0,0
2017-01-05,19.6,24.3,5.0,6.0,0.5,ENE,30.0,NNE,E,7,20,89,69,1019.0,1017.2,8,7,20.5,22.6,Yes,Yes,1,1,1,2017,1,Jan,2017-01-01,Q1,5,Été,21.950000000000003,4.699999999999999,13.5,79.0,1018.1,Faible (1-10),67.5,-3.1768953068592047,-0.7036101083032484,-0.8288487537590358,-0.3312297392227715,,0,0,0,0
2017-01-06,19.9,26.5,8.8,3.8,4.8,E,35.0,ESE,E,15,22,86,57,1018.3,1017.5,7,6,20.0,25.3,Yes,Yes,1,1,1,2017,1,Jan,2017-01-01,Q1,6,Été,23.2,6.600000000000001,18.5,71.5,1017.9,Faible (1-10),90.0,-0.9768953068592054,-0.4036101083032513,-0.2548709917809035,-0.19000248766088296,,0,0,0,0
2017-01-07,19.2,26.8,4.4,6.6,11.5,NE,43.0,S,NE,2,28,61,57,1018.4,1015.0,3,3,24.8,25.2,Yes,No,1,0,1,2017,1,Jan,2017-01-01,Q1,7,Été,23.0,7.600000000000001,15.0,59.0,1016.7,Faible (1-10),45.0,-0.6768953068592047,-1.1036101083032506,-0.17660129696570342,-0.5195327413052924,,0,0,0,0
2017-01-08,19.7,28.5,0.0,10.4,11.7,NE,54.0,N,ENE,11,20,52,52,1013.5,1010.0,2,6,25.1,27.5,No,No,0,0,1,2017,1,Jan,2017-01-01,Q1,8,Été,24.1,8.8,15.5,52.0,1011.75,Sec (≤1 mm),45.0,1.0231046931407946,-0.6036101083032506,0.2669269736537624,-0.28415398870214253,,0,0,0,0
2017-01-09,21.3,29.9,0.0,9.6,9.2,ENE,31.0,ESE,E,9,20,57,57,1011.5,1009.2,2,2,27.0,26.7,No,No,0,0,1,2017,1,Jan,2017-01-01,Q1,9,Été,25.6,8.599999999999998,14.5,57.0,1010.35,Sec (≤1 mm),67.5,2.423104693140793,0.9963898916967509,0.6321855494580281,0.4690580196279375,,0,0,0,0
2017-01-10,22.6,31.3,0.4,8.2,8.8,E,31.0,W,E,9,17,73,49,1012.0,1008.1,7,4,24.8,30.5,No,No,0,0,1,2017,1,Jan,2017-01-01,Q1,10,Été,26.950000000000003,8.7,13.0,61.0,1010.05,Sec (≤1 mm),90.0,3.8231046931407953,2.2963898916967516,0.9974441252622948,1.0810427763961272,,0,0,0,0
2017-01-11,24.0,37.7,0.0,7.4,10.9,SSE,63.0,W,ESE,9,20,53,47,1007.6,1003.4,4,7,29.2,31.4,No,No,0,0,1,2017,1,Jan,2017-01-01,Q1,11,Été,30.85,13.700000000000003,14.5,50.0,1005.5,Sec (≤1 mm),157.5,10.223104693140797,3.69638989169675,2.6671976146532264,1.740103283684946,,0,0,0,0
2017-01-12,22.3,28.4,0.0,9.4,7.2,E,31.0,SSE,E,7,20,68,52,1012.4,1010.7,7,2,24.7,26.8,No,No,0,0,1,2017,1,Jan,2017-01-01,Q1,12,Été,25.35,6.099999999999998,13.5,60.0,1011.55,Sec (≤1 mm),90.0,0.9231046931407931,1.9963898916967509,0.24083707538202873,0.939815524834237,,0,0,0,0
2017-01-13,23.0,30.5,0.0,8.6,8.9,SSW,52.0,N,NE,15,30,68,57,1008.9,1001.3,8,1,24.6,29.0,No,No,0,0,1,2017,1,Jan,2017-01-01,Q1,13,Été,26.75,7.5,22.5,62.5,1005.0999999999999,Sec (≤1 mm),202.5,3.0231046931407946,2.69638989169675,0.7887249390884282,1.2693457784786464,,0,0,0,0
2017-01-14,24.6,32.5,0.0,10.6,7.1,ESE,35.0,NNW,ESE,2,22,59,52,1003.4,1003.2,8,1,28.7,29.2,No,No,0,0,1,2017,1,Jan,2017-01-01,Q1,14,Été,28.55,7.899999999999999,12.0,55.5,1003.3,Sec (≤1 mm),112.5,5.0231046931407946,4.296389891696752,1.3105229045230942,2.0225577868087266,,0,0,0,0
2017-01-15,22.8,27.0,0.0,8.0,6.9,ESE,33.0,E,E,20,22,56,57,1015.1,1015.7,6,7,25.6,25.5,No,No,0,0,1,2017,1,Jan,2017-01-01,Q1,15,Été,24.9,4.199999999999999,21.0,56.5,1015.4000000000001,Sec (≤1 mm),112.5,-0.47689530685920545,2.496389891696751,-0.12442150042223703,1.175194277437387,,0,0,0,0
2017-01-16,21.7,27.2,0.0,7.2,12.1,NE,52.0,NNE,NE,22,28,55,57,1017.1,1013.9,3,0,26.2,26.3,No,No,0,0,1,2017,1,Jan,2017-01-01,Q1,16,Été,24.45,5.5,25.0,56.0,1015.5,Sec (≤1 mm),45.0,-0.27689530685920616,1.3963898916967494,-0.07224170387877063,0.6573610217104566,,0,0,0,0
2017-01-17,20.8,36.6,0.0,10.4,11.9,NNE,50.0,ESE,ENE,6,11,64,44,1013.6,1008.3,5,2,25.3,32.6,No,No,0,0,1,2017,1,Jan,2017-01-01,Q1,17,Été,28.700000000000003,15.8,8.5,54.0,1010.95,Sec (≤1 mm),22.5,9.123104693140796,0.49638989169675085,2.3802087336641597,0.23367926702478767,,0,0,0,0
2017-01-18,25.1,38.1,0.0,13.8,11.1,SSE,59.0,WNW,SSE,20,31,26,52,1005.4,1006.8,1,2,36.5,30.1,No,No,0,0,1,2017,1,Jan,2017-01-01,Q1,18,Été,31.6,13.0,25.5,39.0,1006.0999999999999,Sec (≤1 mm),157.5,10.623104693140796,4.796389891696752,2.771557207740159,2.2579365394118764,,0,0,0,0
2017-01-19,20.1,24.5,0.0,12.6,0.0,ENE,41.0,ESE,ENE,20,19,61,53,1015.3,1013.7,8,8,21.5,22.7,No,No,0,0,1,2017,1,Jan,2017-01-01,Q1,19,Été,22.3,4.399999999999999,19.5,57.0,1014.5,Sec (≤1 mm),67.5,-2.9768953068592054,-0.20361010830324844,-0.7766689572155694,-0.0958509866196217,,0,0,0,0
2017-01-20,19.0,29.2,0.0,5.8,2.6,SSW,65.0,NNE,NNW,22,28,62,68,1001.1,994.3,7,7,24.1,28.3,No,Yes,0,1,1,2017,1,Jan,2017-01-01,Q1,20,Été,24.1,10.2,25.0,65.0,997.7,Sec (≤1 mm),202.5,1.7231046931407938,-1.3036101083032499,0.44955626155589523,-0.613684242346552,,0,0,0,0
2017-01-21,20.8,27.4,7.8,6.2,9.7,SSE,48.0,SSE,SE,22,20,49,42,1010.5,1012.2,7,1,22.2,26.6,Yes,No,1,0,1,2017,1,Jan,2017-01-01,Q1,21,Été,24.1,6.599999999999998,21.0,45.5,1011.35,Faible (1-10),157.5,-0.07689530685920687,0.49638989169675085,-0.020061907335304226,0.23367926702478767,,0,0,0,0
2017-01-22,20.4,26.5,0.0,9.1,10.7,ENE,39.0,NE,E,4,22,50,50,1017.9,1015.8,1,4,23.8,26.0,No,No,0,0,1,2017,1,Jan,2017-01-01,Q1,22,Été,23.45,6.100000000000001,13.0,50.0,1016.8499999999999,Sec (≤1 mm),67.5,-0.9768953068592054,0.09638989169674872,-0.2548709917809035,0.04537626494226684,,0,0,0,0
2017-01-23,21.5,32.6,0.0,9.6,12.1,NE,56.0,NNW,NE,17,20,60,51,1014.9,1010.1,3,1,25.5,28.6,No,No,0,0,1,2017,1,Jan,2017-01-01,Q1,23,Été,27.05,11.100000000000001,18.5,55.5,1012.5,Sec (≤1 mm),45.0,5.123104693140796,1.1963898916967501,1.3366128027948279,0.563209520669197,,0,0,0,0
2017-01-24,24.5,37.0,0.0,12.0,2.6,SSW,69.0,NW,W,11,20,34,33,1007.4,1008.4,6,7,32.6,35.0,No,Yes,0,1,1,2017,1,Jan,2017-01-01,Q1,24,Été,30.75,12.5,15.5,33.5,1007.9,Sec (≤1 mm),202.5,9.523104693140795,4.19638989169675,2.4845683267510923,1.9754820362880958,,0,0,0,0
2017-01-25,20.6,24.3,17.8,10.2,0.3,SSE,35.0,S,S,13,11,68,62,1020.5,1018.0,7,8,21.7,23.3,Yes,No,1,0,1,2017,1,Jan,2017-01-01,Q1,25,Été,22.450000000000003,3.6999999999999993,12.0,65.0,1019.25,Modérée (10-30),157.5,-3.1768953068592047,0.29638989169675156,-0.8288487537590358,0.1395277659835281,,0,0,0,0
2017-01-26,20.7,25.5,0.0,2.8,0.4,SSE,31.0,SSW,SSE,11,13,70,64,1015.9,1014.9,8,6,22.6,24.9,No,No,0,0,1,2017,1,Jan,2017-01-01,Q1,26,Été,23.1,4.800000000000001,12.0,67.0,1015.4,Sec (≤1 mm),157.5,-1.9768953068592054,0.39638989169674943,-0.5157699744982365,0.18660351650415705,,0,0,0,0
2017-01-27,20.4,27.1,0.0,4.2,6.0,S,31.0,SSW,ESE,13,15,67,57,1018.5,1016.9,7,4,21.7,25.7,No,No,0,0,1,2017,1,Jan,2017-01-01,Q1,27,Été,23.75,6.700000000000003,14.0,62.0,1017.7,Sec (≤1 mm),180.0,-0.376895306859204,0.09638989169674872,-0.09833160215050336,0.04537626494226684,,0,0,0,0
2017-01-28,20.4,29.7,0.0,5.4,12.2,NE,48.0,NE,ENE,2,17,63,59,1015.9,1012.2,1,1,26.4,28.1,No,No,0,0,1,2017,1,Jan,2017-01-01,Q1,28,Été,25.049999999999997,9.3,9.5,61.0,1014.05,Sec (≤1 mm),45.0,2.223104693140794,0.09638989169674872,0.5800057529145617,0.04537626494226684,,0,0,0,0
2017-01-29,22.3,30.2,0.0,11.4,6.8,S,31.0,SSW,SSE,13,19,74,56,1016.8,1015.4,7,6,24.5,28.9,No,No,0,0,1,2017,1,Jan,2017-01-01,Q1,29,Été,26.25,7.899999999999999,16.0,65.0,1016.0999999999999,Sec (≤1 mm),180.0,2.723104693140794,1.9963898916967509,0.7104552442732281,0.939815524834237,,0,0,0,0
2017-01-30,23.1,34.3,0.0,6.0,12.0,NNE,56.0,E,NE,13,17,67,54,1012.5,1008.0,1,3,27.9,30.3,No,No,0,0,1,2017,1,Jan,2017-01-01,Q1,30,Été,28.7,11.199999999999996,15.0,60.5,1010.25,Sec (≤1 mm),22.5,6.823104693140792,2.7963898916967516,1.7801410734142926,1.3164215289992771,,0,0,0,0
2017-01-31,25.4,39.4,0.0,11.8,4.8,SSE,57.0,ESE,SSE,7,33,36,58,1008.1,1009.7,7,7,33.2,29.2,No,Yes,0,1,1,2017,1,Jan,2017-01-01,Q1,31,Été,32.4,14.0,20.0,47.0,1008.9000000000001,Sec (≤1 mm),157.5,11.923104693140793,5.096389891696749,3.110725885272691,2.399163790973765,Chaleur extrême,0,0,0,0
2017-02-01,20.3,23.6,1.2,9.2,0.0,SSW,33.0,SSW,SSE,6,9,83,79,1016.1,1012.7,8,8,21.1,22.4,Yes,Yes,1,1,1,2017,2,Feb,2017-02-01,Q1,32,Été,21.950000000000003,3.3000000000000007,7.5,81.0,1014.4000000000001,Faible (1-10),202.5,-3.2807843137254906,0.11372549019607803,-1.0297254018975095,0.054210632180122474,,0,0,0,0
2017-02-02,20.8,27.1,4.4,0.0,6.0,S,50.0,S,SE,30,22,70,56,1013.2,1013.9,7,7,23.1,25.4,Yes,No,1,0,1,2017,2,Feb,2017-02-01,Q1,33,Été,23.950000000000003,6.300000000000001,26.0,63.0,1013.55,Faible (1-10),180.0,0.21921568627450938,0.613725490196078,0.0688042672317364,0.292550480558248,,0,0,0,0
2017-02-03,22.3,26.4,0.0,6.6,0.1,NNE,24.0,NNE,NE,11,17,79,63,1015.5,1013.5,8,8,22.8,26.1,No,No,0,0,1,2017,2,Feb,2017-02-01,Q1,34,Été,24.35,4.099999999999998,14.0,71.0,1014.5,Sec (≤1 mm),22.5,-0.48078431372549346,2.113725490196078,-0.1509016665941137,1.0075700256926245,,0,0,0,0
2017-02-04,22.7,30.4,0.0,4.4,7.2,NNE,35.0,ESE,E,4,17,78,65,1013.9,1010.4,8,5,26.0,28.1,No,No,0,0,1,2017,2,Feb,2017-02-01,Q1,35,Été,26.549999999999997,7.699999999999999,10.5,71.5,1012.15,Sec (≤1 mm),22.5,3.5192156862745065,2.5137254901960766,1.104560812410739,1.1982419043951242,,0,0,0,0
2017-02-05,25.8,34.9,0.0,9.6,7.0,NW,41.0,E,ENE,4,6,50,41,1010.4,1007.3,7,7,29.5,34.1,No,No,0,0,1,2017,2,Feb,2017-02-01,Q1,36,Été,30.35,9.099999999999998,5.0,45.5,1008.8499999999999,Sec (≤1 mm),315.0,8.019215686274507,5.613725490196078,2.516956101291198,2.6759489643395034,,0,0,0,0
2017-02-06,26.2,34.7,0.0,11.8,10.9,S,48.0,S,SE,19,19,55,44,1011.3,1009.3,1,1,29.6,33.9,No,Yes,0,1,1,2017,2,Feb,2017-02-01,Q1,37,Été,30.450000000000003,8.500000000000004,19.0,49.5,1010.3,Sec (≤1 mm),180.0,7.819215686274511,6.013725490196077,2.4541829773409565,2.866620843042003,,0,0,0,0
2017-02-07,22.1,24.9,6.4,8.2,1.3,W,41.0,S,S,24,19,88,89,1017.6,1018.7,8,7,22.2,21.0,Yes,Yes,1,1,1,2017,2,Feb,2017-02-01,Q1,38,Été,23.5,2.799999999999997,21.5,88.5,1018.1500000000001,Faible (1-10),270.0,-1.9807843137254935,1.9137254901960787,-0.6217000962209334,0.9122340863413747,,0,0,0,0
2017-02-08,20.7,27.0,85.0,3.4,5.9,ESE,46.0,ESE,E,37,19,79,85,1022.1,1021.8,7,7,24.6,23.1,Yes,Yes,1,1,1,2017,2,Feb,2017-02-01,Q1,39,Été,23.85,6.300000000000001,28.0,82.0,1021.95,Forte (>30),112.5,0.11921568627450796,0.5137254901960766,0.037417705256614635,0.24488251088262222,,1,0,0,0
2017-02-09,22.5,30.9,5.4,5.2,11.8,NNE,54.0,NNW,NE,17,20,72,55,1018.6,1013.0,3,1,25.7,29.7,Yes,No,1,0,1,2017,2,Feb,2017-02-01,Q1,40,Été,26.7,8.399999999999999,18.5,63.5,1015.8,Faible (1-10),22.5,4.0192156862745065,2.3137254901960773,1.2614936222863453,1.1029059650438744,,0,0,0,0
2017-02-10,23.7,37.5,0.0,10.0,12.0,SSE,44.0,NW,ENE,7,17,61,35,1010.4,1006.4,6,2,27.4,36.2,No,No,0,0,1,2017,2,Feb,2017-02-01,Q1,41,Été,30.6,13.8,12.0,48.0,1008.4,Sec (≤1 mm),157.5,10.619215686274508,3.5137254901960766,3.3330067126443526,1.6749216011513754,Chaleur extrême,0,0,0,0
2017-02-11,23.9,36.2,0.0,11.0,11.4,SSW,63.0,W,E,9,19,72,51,1007.8,1002.7,5,3,26.4,33.1,No,No,0,0,1,2017,2,Feb,2017-02-01,Q1,42,Été,30.05,12.300000000000004,14.0,61.5,1005.25,Sec (≤1 mm),202.5,9.31921568627451,3.713725490196076,2.924981406967776,1.7702575405026253,,0,0,0,0
2017-02-12,24.5,31.9,0.0,10.4,7.8,SSE,59.0,S,SSE,2,33,67,59,1000.5,998.0,1,7,28.1,28.1,No,No,0,0,1,2017,2,Feb,2017-02-01,Q1,43,Été,28.2,7.399999999999999,17.5,63.0,999.25,Sec (≤1 mm),157.5,5.0192156862745065,4.313725490196077,1.5753592420375584,2.0562653585563764,,0,0,0,0
2017-02-13,17.8,27.3,0.0,7.0,12.8,SW,37.0,SSW,ESE,19,22,29,32,1008.1,1007.3,1,1,21.9,26.9,No,No,0,0,1,2017,2,Feb,2017-02-01,Q1,44,Été,22.55,9.5,20.5,30.5,1007.7,Sec (≤1 mm),225.0,0.41921568627450867,-2.386274509803922,0.13157739118197878,-1.137488609710505,,0,0,0,0
2017-02-14,21.6,24.0,0.0,9.0,1.9,SSE,44.0,E,SSE,17,24,68,73,1015.0,1015.9,5,6,22.3,21.2,No,Yes,0,1,1,2017,2,Feb,2017-02-01,Q1,45,Été,22.8,2.3999999999999986,20.5,70.5,1015.45,Sec (≤1 mm),157.5,-2.880784313725492,1.4137254901960787,-0.9041791539970248,0.6738942379632492,,0,0,0,0
2017-02-15,18.0,26.1,25.6,1.2,10.1,ENE,37.0,WSW,E,7,17,66,52,1017.4,1013.6,4,2,21.3,26.1,Yes,No,1,0,1,2017,2,Feb,2017-02-01,Q1,46,Été,22.05,8.100000000000001,12.0,59.0,1015.5,Modérée (10-30),67.5,-0.7807843137254906,-2.1862745098039227,-0.24506135251947672,-1.0421526703592552,,0,0,0,0
2017-02-16,19.5,30.0,0.0,8.0,11.1,NNE,54.0,W,ENE,6,24,63,51,1012.1,1009.0,1,1,23.4,28.8,No,No,0,0,1,2017,2,Feb,2017-02-01,Q1,47,Été,24.75,10.5,15.0,57.0,1010.55,Sec (≤1 mm),22.5,3.119215686274508,-0.6862745098039227,0.979014564510254,-0.3271331252248787,,0,0,0,0
2017-02-17,22.6,29.9,0.0,11.2,6.6,N,70.0,NE,NE,9,9,66,59,1009.8,1005.7,4,7,26.6,26.8,No,Yes,0,1,1,2017,2,Feb,2017-02-01,Q1,48,Été,26.25,7.299999999999997,9.0,62.5,1007.75,Sec (≤1 mm),0.0,3.0192156862745065,2.4137254901960787,0.9476280025351322,1.1505739347195003,,0,0,0,0
2017-02-18,21.8,29.4,8.0,5.4,7.0,SE,41.0,S,ESE,17,20,79,58,1007.1,1004.9,3,2,22.9,28.8,Yes,Yes,1,1,1,2017,2,Feb,2017-02-01,Q1,49,Été,25.6,7.599999999999998,18.5,68.5,1006.0,Faible (1-10),135.0,2.5192156862745065,1.613725490196078,0.7906951926595257,0.769230177314499,,0,0,0,0
2017-02-19,18.6,26.1,3.2,6.4,7.9,S,48.0,W,ESE,17,19,69,48,1008.7,1006.1,5,2,19.7,25.0,Yes,No,1,0,1,2017,2,Feb,2017-02-01,Q1,50,Été,22.35,7.5,18.0,58.5,1007.4000000000001,Faible (1-10),180.0,-0.7807843137254906,-1.5862745098039213,-0.24506135251947672,-0.756144852305504,,0,0,0,0
2017-02-20,17.5,28.3,0.6,8.0,12.5,WSW,63.0,W,WNW,35,19,32,18,1010.5,1009.6,0,0,19.9,27.5,No,No,0,0,1,2017,2,Feb,2017-02-01,Q1,51,Été,22.9,10.8,27.0,25.0,1010.05,Sec (≤1 mm),247.5,1.4192156862745087,-2.6862745098039227,0.44544301093319194,-1.2804925187373808,,0,0,0,0
2017-02-21,16.9,27.6,0.0,10.4,11.7,NNE,33.0,WNW,ESE,17,19,41,36,1019.7,1018.5,6,2,19.4,26.3,No,No,0,0,1,2017,2,Feb,2017-02-01,Q1,52,Été,22.25,10.700000000000003,18.0,38.5,1019.1,Sec (≤1 mm),22.5,0.7192156862745094,-3.286274509803924,0.22573707710734295,-1.566500336791132,,0,0,0,0
2017-02-22,19.3,27.7,0.0,7.0,12.2,NE,48.0,NNE,NE,15,22,50,47,1021.6,1018.5,2,1,25.8,26.2,No,No,0,0,1,2017,2,Feb,2017-02-01,Q1,53,Été,23.5,8.399999999999999,18.5,48.5,1020.05,Sec (≤1 mm),45.0,0.8192156862745072,-0.886274509803922,0.2571236390824636,-0.4224690645761286,,0,0,0,0
2017-02-23,21.6,28.1,0.0,11.6,11.5,NNE,46.0,N,ENE,17,22,55,52,1019.8,1017.2,1,1,25.4,27.3,No,No,0,0,1,2017,2,Feb,2017-02-01,Q1,54,Été,24.85,6.5,19.5,53.5,1018.5,Sec (≤1 mm),22.5,1.2192156862745094,1.4137254901960787,0.3826698869829495,0.6738942379632492,,0,0,0,0
2017-02-24,21.8,28.0,0.0,10.6,5.7,S,31.0,SE,ESE,7,15,69,56,1020.8,1018.6,8,7,24.5,27.3,No,Yes,0,1,1,2017,2,Feb,2017-02-01,Q1,55,Été,24.9,6.199999999999999,11.0,62.5,1019.7,Sec (≤1 mm),180.0,1.119215686274508,1.613725490196078,0.3512833250078278,0.769230177314499,,0,0,0,0
2017-02-25,18.6,20.8,7.8,4.4,0.0,SSW,44.0,S,SSW,19,19,89,87,1020.5,1020.1,8,8,18.7,19.0,Yes,Yes,1,1,1,2017,2,Feb,2017-02-01,Q1,56,Été,19.700000000000003,2.1999999999999993,19.0,88.0,1020.3,Faible (1-10),202.5,-6.080784313725491,-1.5862745098039213,-1.9085491372009065,-0.756144852305504,,0,0,0,0
2017-02-26,18.3,25.5,28.6,5.8,5.3,S,48.0,SSE,SSW,15,24,67,54,1021.8,1021.8,6,3,20.7,24.3,Yes,Yes,1,1,1,2017,2,Feb,2017-02-01,Q1,57,Été,21.9,7.199999999999999,19.5,60.5,1021.8,Modérée (10-30),180.0,-1.380784313725492,-1.886274509803922,-0.43338072437020503,-0.8991487613323796,,0,0,0,0
2017-02-27,18.7,26.6,26.4,7.6,7.5,ESE,44.0,SE,SE,19,24,60,47,1024.0,1022.8,7,3,23.3,25.6,Yes,Yes,1,1,1,2017,2,Feb,2017-02-01,Q1,58,Été,22.65,7.900000000000002,21.5,53.5,1023.4,Modérée (10-30),112.5,-0.2807843137254906,-1.4862745098039234,-0.08812854264387017,-0.7084768826298798,,0,0,0,0
2017-02-28,20.7,26.7,2.6,5.6,9.2,ESE,48.0,ESE,E,19,17,63,61,1022.7,1021.4,6,6,25.1,26.4,Yes,Yes,1,1,1,2017,2,Feb,2017-02-01,Q1,59,Été,23.7,6.0,18.0,62.0,1022.05,Faible (1-10),112.5,-0.18078431372549275,0.5137254901960766,-0.056741980668749525,0.24488251088262222,,0,0,0,0
2017-03-01,20.6,27.2,26.4,7.2,2.2,E,43.0,SE,ESE,9,22,87,67,1021.0,1019.4,6,7,21.4,25.0,Yes,Yes,1,1,1,2017,3,Mar,2017-03-01,Q1,60,Automne,23.9,6.599999999999998,15.5,77.0,1020.2,Modérée (10-30),90.0,1.3187096774193563,1.74258064516129,0.5382547993975019,0.8122373250915393,,0,0,0,0
2017-03-02,20.5,26.3,3.2,3.6,7.6,E,26.0,WNW,E,13,15,81,69,1018.1,1016.0,3,5,23.0,25.0,Yes,Yes,1,1,1,2017,3,Mar,2017-03-01,Q1,61,Automne,23.4,5.800000000000001,14.0,75.0,1017.05,Faible (1-10),90.0,0.4187096774193577,1.6425806451612885,0.17090379883022538,0.7656261494568891,,0,0,0,0
2017-03-03,20.7,24.8,37.8,5.2,1.4,SE,63.0,S,SE,6,17,89,85,1016.9,1016.0,7,8,21.7,22.2,Yes,Yes,1,1,1,2017,3,Mar,2017-03-01,Q1,62,Automne,22.75,4.100000000000001,11.5,87.0,1016.45,Forte (>30),135.0,-1.0812903225806423,1.8425806451612878,-0.44134786878190296,0.858848500726188,,0,0,0,0
2017-03-04,19.9,23.3,27.6,4.0,0.2,SSE,54.0,SE,S,19,20,87,86,1015.2,1013.1,7,7,21.5,20.9,Yes,Yes,1,1,1,2017,3,Mar,2017-03-01,Q1,63,Automne,21.6,3.400000000000002,19.5,86.5,1014.1500000000001,Modérée (10-30),157.5,-2.5812903225806423,1.0425806451612871,-1.0535995363940314,0.4859590956489907,,0,0,0,0
2017-03-05,20.1,23.0,7.6,2.4,0.0,SW,56.0,W,SW,20,24,78,76,1010.2,1009.6,7,7,20.4,22.1,Yes,Yes,1,1,1,2017,3,Mar,2017-03-01,Q1,64,Automne,21.55,2.8999999999999986,22.0,77.0,1009.9000000000001,Faible (1-10),225.0,-2.881290322580643,1.24258064516129,-1.1760498699164572,0.5791814469182913,,0,0,0,0
2017-03-06,19.6,25.7,2.4,4.0,7.7,SSW,65.0,WSW,SSW,19,33,63,49,1012.8,1013.2,5,3,20.5,25.5,Yes,No,1,0,1,2017,3,Mar,2017-03-01,Q1,65,Automne,22.65,6.099999999999998,26.0,56.0,1013.0,Faible (1-10),202.5,-0.1812903225806437,0.74258064516129,-0.07399686821462653,0.34612556874504313,,0,0,0,0
2017-03-07,18.8,23.2,0.0,9.4,3.6,SSE,54.0,SW,SSW,13,30,73,62,1017.6,1017.7,7,7,19.3,21.7,No,Yes,0,1,1,2017,3,Mar,2017-03-01,Q1,66,Automne,21.0,4.399999999999999,21.5,67.5,1017.6500000000001,Sec (≤1 mm),157.5,-2.6812903225806437,-0.057419354838710746,-1.0944163142348404,-0.02676383633215415,,0,0,0,0
2017-03-08,16.9,23.5,5.0,8.8,1.4,SE,46.0,ESE,SE,17,20,67,56,1018.5,1017.4,8,8,19.9,22.0,Yes,No,1,0,1,2017,3,Mar,2017-03-01,Q1,67,Automne,20.2,6.600000000000001,18.5,61.5,1017.95,Faible (1-10),135.0,-2.381290322580643,-1.9574193548387129,-0.9719659807124145,-0.9123761733904979,,0,0,0,0
2017-03-09,17.9,25.1,1.0,5.4,2.7,SSE,43.0,SE,SSE,15,31,69,54,1017.0,1016.0,7,7,20.3,23.3,No,No,0,0,1,2017,3,Mar,2017-03-01,Q1,68,Automne,21.5,7.200000000000003,23.0,61.5,1016.5,Sec (≤1 mm),157.5,-0.7812903225806416,-0.9574193548387129,-0.318897535259477,-0.44626441704400177,,0,0,0,0
2017-03-10,17.3,25.8,0.6,5.4,7.4,SSE,44.0,W,S,17,24,73,51,1015.1,1014.0,3,3,19.3,25.1,No,No,0,0,1,2017,3,Mar,2017-03-01,Q1,69,Automne,21.55,8.5,20.5,62.0,1014.55,Sec (≤1 mm),157.5,-0.08129032258064228,-1.5574193548387107,-0.033180090373817396,-0.7259314708518985,,0,0,0,0
2017-03-11,16.9,26.1,0.2,5.0,10.7,SSE,31.0,WNW,ESE,17,20,61,47,1014.2,1012.3,5,2,20.1,25.5,No,No,0,0,1,2017,3,Mar,2017-03-01,Q1,70,Automne,21.5,9.200000000000003,18.5,54.0,1013.25,Sec (≤1 mm),157.5,0.21870967741935843,-1.9574193548387129,0.08927024314860857,-0.9123761733904979,,0,0,0,0
2017-03-12,17.4,26.4,0.0,7.2,10.6,NNE,46.0,NNE,ENE,9,28,62,50,1010.6,1007.7,1,1,22.3,26.0,No,No,0,0,1,2017,3,Mar,2017-03-01,Q1,71,Automne,21.9,9.0,18.5,56.0,1009.1500000000001,Sec (≤1 mm),22.5,0.5187096774193556,-1.4574193548387129,0.21172057667103308,-0.6793202952172499,,0,0,0,0
2017-03-13,22.2,27.4,0.0,7.2,6.2,E,56.0,NNE,E,7,19,68,63,1011.1,1012.4,6,6,23.7,27.0,No,No,0,0,1,2017,3,Mar,2017-03-01,Q1,72,Automne,24.799999999999997,5.199999999999999,13.0,65.5,1011.75,Sec (≤1 mm),90.0,1.5187096774193556,3.342580645161288,0.6198883550791187,1.5580161352459323,,0,0,0,0
2017-03-14,22.6,25.9,0.4,7.6,0.5,E,44.0,ESE,ENE,20,24,71,67,1019.2,1020.2,7,8,23.9,21.4,No,Yes,0,1,1,2017,3,Mar,2017-03-01,Q1,73,Automne,24.25,3.299999999999997,22.0,69.0,1019.7,Sec (≤1 mm),90.0,0.018709677419355586,3.74258064516129,0.007636687466990293,1.7444608377845319,,0,0,0,0
2017-03-15,19.8,25.9,38.0,4.8,5.5,E,54.0,E,E,30,31,76,67,1020.6,1018.7,7,6,22.9,24.8,Yes,Yes,1,1,1,2017,3,Mar,2017-03-01,Q1,74,Automne,22.85,6.099999999999998,30.5,71.5,1019.6500000000001,Forte (>30),90.0,0.018709677419355586,0.9425806451612893,0.007636687466990293,0.4393479200143421,,0,0,0,0
2017-03-16,21.9,24.9,2.6,7.6,1.0,ENE,56.0,ENE,NE,26,24,84,85,1013.2,1009.0,8,7,23.1,24.5,Yes,Yes,1,1,1,2017,3,Mar,2017-03-01,Q1,75,Automne,23.4,3.0,25.0,84.5,1011.1,Faible (1-10),67.5,-0.9812903225806444,3.042580645161287,-0.4005310909410953,1.418182608341983,,0,0,0,0
2017-03-17,20.0,22.7,20.0,3.0,1.3,S,59.0,SSW,S,26,35,83,81,1018.4,1020.6,8,8,20.3,20.5,Yes,Yes,1,1,1,2017,3,Mar,2017-03-01,Q1,76,Automne,21.35,2.6999999999999993,30.5,82.0,1019.5,Modérée (10-30),180.0,-3.1812903225806437,1.1425806451612885,-1.2985002034388833,0.532570271283641,,0,0,0,0
2017-03-18,19.3,25.8,45.8,2.8,3.6,SSE,65.0,SE,ESE,24,22,88,79,1022.9,1022.2,8,7,21.8,24.1,Yes,Yes,1,1,1,2017,3,Mar,2017-03-01,Q1,77,Automne,22.55,6.5,23.0,83.5,1022.55,Forte (>30),157.5,-0.08129032258064228,0.44258064516128925,-0.033180090373817396,0.20629204184109395,,0,0,0,0
2017-03-19,21.6,26.2,4.2,4.8,5.5,ESE,57.0,E,ENE,28,24,86,76,1020.3,1017.9,7,7,23.7,25.3,Yes,No,1,0,1,2017,3,Mar,2017-03-01,Q1,78,Automne,23.9,4.599999999999998,26.0,81.0,1019.0999999999999,Faible (1-10),112.5,0.3187096774193563,2.74258064516129,0.13008702098941624,1.2783490814380356,,0,0,0,0
2017-03-20,23.7,27.9,0.2,8.4,4.4,NNE,39.0,NE,NE,11,20,74,66,1018.5,1015.6,7,7,25.8,26.9,No,No,0,0,1,2017,3,Mar,2017-03-01,Q1,79,Automne,25.799999999999997,4.199999999999999,15.5,70.0,1017.05,Sec (≤1 mm),22.5,2.0187096774193556,4.842580645161288,0.8239722442831614,2.2571837697656765,,0,0,0,0
2017-03-21,23.3,27.1,0.0,5.2,1.5,NNE,30.0,NNE,E,11,17,77,72,1015.7,1012.6,7,6,24.5,26.0,No,Yes,0,1,1,2017,3,Mar,2017-03-01,Q1,80,Automne,25.200000000000003,3.8000000000000007,14.0,74.5,1014.1500000000001,Sec (≤1 mm),22.5,1.2187096774193584,4.442580645161289,0.49743802155669414,2.0707390672270787,,0,0,0,0
2017-03-22,22.3,31.9,25.6,6.0,4.4,WSW,63.0,SE,E,4,19,82,57,1012.6,1010.7,7,6,23.9,29.8,Yes,Yes,1,1,1,2017,3,Mar,2017-03-01,Q1,81,Automne,27.1,9.599999999999998,11.5,69.5,1011.6500000000001,Modérée (10-30),247.5,6.018709677419356,3.4425806451612893,2.4566433579155036,1.6046273108805826,,0,0,0,0
2017-03-23,20.7,23.3,18.2,4.8,0.2,SSW,41.0,SSW,SSW,19,20,72,71,1018.5,1017.4,7,8,21.5,22.2,Yes,Yes,1,1,1,2017,3,Mar,2017-03-01,Q1,82,Automne,22.0,2.6000000000000014,19.5,71.5,1017.95,Modérée (10-30),202.5,-2.5812903225806423,1.8425806451612878,-1.0535995363940314,0.858848500726188,,0,0,0,0
2017-03-24,18.5,24.1,10.2,7.8,5.5,S,41.0,W,SSW,13,20,85,70,1019.9,1019.1,2,7,20.4,21.7,Yes,Yes,1,1,1,2017,3,Mar,2017-03-01,Q1,83,Automne,21.3,5.600000000000001,16.5,77.5,1019.5,Modérée (10-30),180.0,-1.7812903225806416,-0.35741935483871146,-0.7270653136675626,-0.16659736323610336,,0,0,0,0
2017-03-25,19.2,24.5,4.8,3.2,4.9,ENE,26.0,WNW,NE,11,13,81,58,1017.8,1014.1,6,7,20.2,24.2,Yes,No,1,0,1,2017,3,Mar,2017-03-01,Q1,84,Automne,21.85,5.300000000000001,12.0,69.5,1015.95,Faible (1-10),67.5,-1.381290322580643,0.34258064516128783,-0.5637982023043289,0.15968086620644367,,0,0,0,0
2017-03-26,18.9,26.5,0.0,3.0,11.0,ENE,28.0,WNW,E,13,19,74,66,1015.9,1014.7,1,2,21.3,26.0,No,No,0,0,1,2017,3,Mar,2017-03-01,Q1,85,Automne,22.7,7.600000000000001,16.0,70.0,1015.3,Sec (≤1 mm),67.5,0.618709677419357,0.04258064516128712,0.2525373545118422,0.019847339302494476,,0,0,0,0
2017-03-27,19.2,27.0,0.0,5.8,11.0,NNE,41.0,W,NE,11,22,76,62,1017.1,1012.3,1,1,21.8,26.0,No,No,0,0,1,2017,3,Mar,2017-03-01,Q1,86,Automne,23.1,7.800000000000001,16.5,69.0,1014.7,Sec (≤1 mm),22.5,1.118709677419357,0.34258064516128783,0.456621243715885,0.15968086620644367,,0,0,0,0
2017-03-28,21.2,23.8,0.0,7.4,0.0,SSW,54.0,SSW,S,19,11,76,69,1013.9,1012.4,7,8,21.8,23.6,No,No,0,0,1,2017,3,Mar,2017-03-01,Q1,87,Automne,22.5,2.6000000000000014,15.0,72.5,1013.15,Sec (≤1 mm),202.5,-2.0812903225806423,2.342580645161288,-0.8495156471899885,1.091904378899436,,0,0,0,0
2017-03-29,21.4,28.8,0.0,2.4,8.4,E,30.0,E,E,2,22,84,71,1012.3,1007.4,8,1,22.5,27.0,No,Yes,0,1,1,2017,3,Mar,2017-03-01,Q1,88,Automne,25.1,7.400000000000002,12.0,77.5,1009.8499999999999,Sec (≤1 mm),90.0,2.9187096774193577,2.542580645161287,1.1913232448504394,1.185126730168735,,0,0,0,0
2017-03-30,22.5,26.0,2.4,7.4,0.0,SSW,69.0,NNE,SSW,19,28,70,88,1007.0,1007.7,8,8,25.2,19.2,Yes,Yes,1,1,1,2017,3,Mar,2017-03-01,Q1,89,Automne,24.25,3.5,23.5,79.0,1007.35,Faible (1-10),202.5,0.11870967741935701,3.6425806451612885,0.048453465307799426,1.6978496621498815,,0,0,0,0
2017-03-31,15.3,22.6,42.4,4.8,9.9,SW,54.0,W,S,20,28,56,53,1016.4,1015.6,4,2,16.9,21.6,Yes,No,1,0,1,2017,3,Mar,2017-03-01,Q1,90,Automne,18.950000000000003,7.300000000000001,24.0,54.5,1016.0,Forte (>30),225.0,-3.2812903225806416,-3.5574193548387107,-1.339316981279691,-1.658154983544891,,0,0,0,0
2017-04-01,14.5,25.6,0.0,4.8,10.7,SSE,35.0,W,ESE,17,17,63,48,1018.2,1016.6,1,2,17.1,22.5,No,No,0,0,1,2017,4,Apr,2017-04-01,Q2,91,Automne,20.05,11.100000000000001,17.0,55.5,1017.4000000000001,Sec (≤1 mm),157.5,2.1083018867924537,-0.8592452830188666,0.7562750355433533,-0.37493237446191935,,0,0,0,0
2017-04-02,17.0,22.0,0.0,4.8,5.8,SSE,50.0,SSW,SSE,15,22,66,59,1025.1,1024.7,6,6,19.8,20.1,No,Yes,0,1,1,2017,4,Apr,2017-04-01,Q2,92,Automne,19.5,5.0,18.5,62.5,1024.9,Sec (≤1 mm),157.5,-1.4916981132075477,1.6407547169811334,-0.5350913219085154,0.7159446482918003,,0,0,0,0
2017-04-03,14.8,22.0,33.8,4.2,1.5,SSE,50.0,W,ESE,19,24,90,49,1028.4,1026.3,8,7,15.7,21.8,Yes,Yes,1,1,1,2017,4,Apr,2017-04-01,Q2,93,Automne,18.4,7.199999999999999,21.5,69.5,1027.35,Forte (>30),157.5,-1.4916981132075477,-0.5592452830188659,-0.5350913219085154,-0.24402713173147267,,0,0,0,0
2017-04-04,14.9,22.8,7.8,0.4,6.4,SE,41.0,WNW,SSE,15,20,78,60,1028.1,1026.3,3,6,17.9,20.7,Yes,No,1,0,1,2017,4,Apr,2017-04-01,Q2,94,Automne,18.85,7.9,17.5,69.0,1027.1999999999998,Faible (1-10),135.0,-0.691698113207547,-0.45924528301886625,-0.24812102025254443,-0.20039205082132405,,0,0,0,0
2017-04-05,14.1,23.3,0.4,5.4,10.2,ESE,37.0,W,ESE,9,22,72,45,1026.1,1023.3,3,3,18.1,22.9,No,No,0,0,1,2017,4,Apr,2017-04-01,Q2,95,Automne,18.7,9.200000000000001,15.5,58.5,1024.6999999999998,Sec (≤1 mm),112.5,-0.19169811320754704,-1.259245283018867,-0.06876458171756274,-0.5494726981025146,,0,0,0,0
2017-04-06,13.2,23.4,0.2,6.0,8.7,ESE,24.0,W,ENE,17,15,69,42,1026.2,1023.9,2,3,17.1,23.2,No,No,0,0,1,2017,4,Apr,2017-04-01,Q2,96,Automne,18.299999999999997,10.2,16.0,55.5,1025.05,Sec (≤1 mm),112.5,-0.09169811320754917,-2.1592452830188673,-0.03289329401056717,-0.9421884262938538,,0,0,0,0
2017-04-07,14.1,23.8,0.0,3.4,10.6,ENE,28.0,WNW,E,11,13,69,41,1028.4,1025.7,2,2,18.7,23.7,No,No,0,0,1,2017,4,Apr,2017-04-01,Q2,97,Automne,18.95,9.700000000000001,12.0,55.0,1027.0500000000002,Sec (≤1 mm),67.5,0.30830188679245296,-1.259245283018867,0.11059185681741894,-0.5494726981025146,,0,0,0,0
2017-04-08,14.9,24.9,0.0,5.0,9.8,ENE,37.0,WNW,NE,13,20,68,49,1026.2,1021.4,4,4,18.4,23.1,No,No,0,0,1,2017,4,Apr,2017-04-01,Q2,98,Automne,19.9,9.999999999999998,16.5,58.5,1023.8,Sec (≤1 mm),67.5,1.4083018867924508,-0.45924528301886625,0.5051760215943779,-0.20039205082132405,,0,0,0,0
2017-04-09,15.5,28.7,0.0,7.0,9.6,WNW,67.0,NW,NNE,7,20,62,35,1015.3,1007.1,1,4,20.1,27.9,No,Yes,0,1,1,2017,4,Apr,2017-04-01,Q2,99,Automne,22.1,13.2,13.5,48.5,1011.2,Sec (≤1 mm),292.5,5.2083018867924515,0.1407547169811334,1.868284954460239,0.06141843463956848,,0,0,0,0
2017-04-10,11.7,17.9,8.8,7.8,6.1,W,54.0,WNW,W,26,26,51,56,1009.3,1008.5,7,7,13.9,15.7,Yes,No,1,0,1,2017,4,Apr,2017-04-01,Q2,100,Automne,14.799999999999999,6.199999999999999,26.0,53.5,1008.9,Faible (1-10),270.0,-5.591698113207549,-3.6592452830188673,-2.005814117895366,-1.5967146399460856,,0,0,0,0
2017-04-11,13.8,23.0,0.0,3.6,2.1,SSW,54.0,W,SSW,22,26,56,48,1017.2,1017.3,7,7,17.9,22.2,No,Yes,0,1,1,2017,4,Apr,2017-04-01,Q2,101,Automne,18.4,9.2,24.0,52.0,1017.25,Sec (≤1 mm),202.5,-0.49169811320754775,-1.559245283018866,-0.176378444838552,-0.6803779408329605,,0,0,0,0
2017-04-12,15.0,22.7,9.4,4.2,2.8,SSW,43.0,W,SSW,19,17,71,75,1023.7,1022.2,7,7,17.4,20.2,Yes,Yes,1,1,1,2017,4,Apr,2017-04-01,Q2,102,Automne,18.85,7.699999999999999,18.0,73.0,1022.95,Faible (1-10),202.5,-0.7916981132075485,-0.3592452830188666,-0.2839923079595413,-0.15675696991117544,,0,0,0,0
2017-04-13,15.3,23.6,19.8,2.4,9.2,SSE,31.0,W,SSE,17,20,80,51,1023.8,1020.9,4,3,17.3,22.6,Yes,No,1,0,1,2017,4,Apr,2017-04-01,Q2,103,Automne,19.450000000000003,8.3,18.5,65.5,1022.3499999999999,Modérée (10-30),157.5,0.10830188679245367,-0.05924528301886589,0.03884928140342652,-0.025851727180728767,,0,0,0,0
2017-04-14,13.9,24.7,0.0,4.0,10.8,W,26.0,WNW,SE,11,15,69,41,1022.1,1019.3,1,1,17.2,23.5,No,No,0,0,1,2017,4,Apr,2017-04-01,Q2,104,Automne,19.3,10.799999999999999,13.0,55.0,1020.7,Sec (≤1 mm),270.0,1.2083018867924515,-1.4592452830188662,0.4334334461803855,-0.6367428599228119,,0,0,0,0
2017-04-15,13.2,23.8,0.0,5.2,9.8,W,26.0,W,ESE,13,17,72,55,1021.0,1018.7,1,4,16.5,22.0,No,No,0,0,1,2017,4,Apr,2017-04-01,Q2,105,Automne,18.5,10.600000000000001,15.0,63.5,1019.85,Sec (≤1 mm),270.0,0.30830188679245296,-2.1592452830188673,0.11059185681741894,-0.9421884262938538,,0,0,0,0
2017-04-16,15.2,26.9,0.0,4.4,8.1,WSW,39.0,W,WSW,13,9,75,30,1020.0,1017.4,3,5,18.2,26.2,No,No,0,0,1,2017,4,Apr,2017-04-01,Q2,106,Automne,21.049999999999997,11.7,11.0,52.5,1018.7,Sec (≤1 mm),247.5,3.408301886792451,-0.1592452830188673,1.2226017757343046,-0.06948680809087818,,0,0,0,0
2017-04-17,14.2,24.1,0.0,3.0,8.9,W,24.0,WNW,ESE,15,13,68,55,1024.4,1022.1,2,2,17.4,22.3,No,No,0,0,1,2017,4,Apr,2017-04-01,Q2,107,Automne,19.15,9.900000000000002,14.0,61.5,1023.25,Sec (≤1 mm),270.0,0.6083018867924537,-1.1592452830188673,0.2182057199384082,-0.505837617192366,,0,0,0,0
2017-04-18,16.0,24.3,0.0,4.0,9.3,ESE,24.0,W,E,15,17,73,55,1027.0,1025.3,1,1,19.2,23.0,No,No,0,0,1,2017,4,Apr,2017-04-01,Q2,108,Automne,20.15,8.3,16.0,64.0,1026.15,Sec (≤1 mm),112.5,0.808301886792453,0.6407547169811334,0.28994829535240063,0.2795938391903124,,0,0,0,0
2017-04-19,15.2,24.9,0.0,4.6,6.1,SE,30.0,W,SE,17,15,72,63,1030.6,1028.1,3,6,17.7,22.3,No,No,0,0,1,2017,4,Apr,2017-04-01,Q2,109,Automne,20.049999999999997,9.7,16.0,67.5,1029.35,Sec (≤1 mm),135.0,1.4083018867924508,-0.1592452830188673,0.5051760215943779,-0.06948680809087818,,0,0,0,0
2017-04-20,16.2,24.0,0.2,3.8,9.9,E,30.0,WNW,ENE,9,20,83,48,1030.3,1027.5,4,2,19.0,23.0,No,No,0,0,1,2017,4,Apr,2017-04-01,Q2,110,Automne,20.1,7.800000000000001,14.5,65.5,1028.9,Sec (≤1 mm),90.0,0.5083018867924523,0.8407547169811327,0.18233443223141135,0.3668640010106097,,0,0,0,0
2017-04-21,14.4,23.9,0.0,4.0,7.2,ENE,26.0,WNW,E,15,17,68,58,1028.4,1024.8,5,6,17.9,22.4,No,No,0,0,1,2017,4,Apr,2017-04-01,Q2,111,Automne,19.15,9.499999999999998,16.0,63.0,1026.6,Sec (≤1 mm),67.5,0.40830188679245083,-0.9592452830188662,0.14646314452441453,-0.41856745537206796,,0,0,0,0
2017-04-22,17.7,24.1,0.0,4.2,3.5,N,19.0,NNE,ENE,2,15,68,60,1025.9,1022.2,7,5,19.9,22.5,No,No,0,0,1,2017,4,Apr,2017-04-01,Q2,112,Automne,20.9,6.400000000000002,8.5,64.0,1024.0500000000002,Sec (≤1 mm),0.0,0.6083018867924537,2.3407547169811327,0.2182057199384082,1.0213902146628413,,0,0,0,0
2017-04-23,15.9,26.7,0.0,3.6,9.5,E,22.0,WNW,ESE,11,17,74,58,1024.1,1020.9,1,2,18.5,23.6,No,No,0,0,1,2017,4,Apr,2017-04-01,Q2,113,Automne,21.3,10.799999999999999,14.0,66.0,1022.5,Sec (≤1 mm),90.0,3.2083018867924515,0.5407547169811338,1.1508592003203122,0.23595875828016377,,0,0,0,0
2017-04-24,15.7,23.9,0.0,3.0,10.0,NNE,24.0,W,E,15,17,74,61,1022.7,1018.4,1,3,18.2,22.7,No,No,0,0,1,2017,4,Apr,2017-04-01,Q2,114,Automne,19.799999999999997,8.2,16.0,67.5,1020.55,Sec (≤1 mm),22.5,0.40830188679245083,0.3407547169811327,0.14646314452441453,0.14868859645986574,,0,0,0,0
2017-04-25,18.2,26.7,0.0,4.4,3.0,NW,39.0,E,NW,4,22,69,65,1014.0,1008.8,7,7,20.6,21.9,No,Yes,0,1,1,2017,4,Apr,2017-04-01,Q2,115,Automne,22.45,8.5,13.0,67.0,1011.4,Sec (≤1 mm),315.0,3.2083018867924515,2.8407547169811327,1.1508592003203122,1.2395656192135853,,0,0,0,0
2017-04-27,12.1,20.0,0.4,7.0,8.2,S,46.0,W,S,22,24,46,45,1015.8,1015.2,2,4,13.1,18.5,No,No,0,0,1,2017,4,Apr,2017-04-01,Q2,117,Automne,16.05,7.9,23.0,45.5,1015.5,Sec (≤1 mm),180.0,-3.4916981132075477,-3.259245283018867,-1.252517076048442,-1.4221743163054903,,0,0,0,1
2017-04-28,10.2,21.8,0.0,5.0,10.4,SW,44.0,W,S,22,13,51,39,1022.7,1020.3,1,5,13.5,20.1,No,No,0,0,1,2017,4,Apr,2017-04-01,Q2,118,Automne,16.0,11.600000000000001,17.5,45.0,1021.5,Sec (≤1 mm),225.0,-1.691698113207547,-5.159245283018867,-0.6068338973225078,-2.251240853598317,,0,0,0,0
2017-04-29,10.8,22.7,0.0,3.6,10.5,W,31.0,W,ESE,24,13,60,51,1020.8,1018.2,1,3,14.0,21.2,No,No,0,0,1,2017,4,Apr,2017-04-01,Q2,119,Automne,16.75,11.899999999999999,18.5,55.5,1019.5,Sec (≤1 mm),270.0,-0.7916981132075485,-4.559245283018866,-0.2839923079595413,-1.989430368137424,,0,0,0,0
2017-04-30,14.0,22.6,0.0,3.0,7.8,SSE,28.0,WNW,SE,15,13,66,59,1023.0,1020.9,7,4,17.2,20.5,No,No,0,0,1,2017,4,Apr,2017-04-01,Q2,120,Automne,18.3,8.600000000000001,14.0,62.5,1021.95,Sec (≤1 mm),157.5,-0.8916981132075463,-1.3592452830188666,-0.3198635956665368,-0.5931077790126632,,0,0,0,0
2017-05-01,13.2,25.6,0.0,4.0,9.5,NNW,30.0,W,N,11,19,78,40,1019.5,1014.9,5,5,15.9,24.2,No,No,0,0,1,2017,5,May,2017-05-01,Q2,121,Automne,19.4,12.400000000000002,15.0,59.0,1017.2,Sec (≤1 mm),337.5,4.446451612903225,1.089354838709676,1.732542159912806,0.5209808457084116,,0,0,0,0
2017-05-02,14.6,23.9,0.0,5.0,8.4,SSW,39.0,W,SSW,17,15,65,33,1017.5,1016.0,3,6,17.2,23.2,No,Yes,0,1,1,2017,5,May,2017-05-01,Q2,122,Automne,19.25,9.299999999999999,16.0,49.0,1016.75,Sec (≤1 mm),202.5,2.746451612903222,2.4893548387096764,1.0701439313332568,1.1905268541106946,,0,0,0,0
2017-05-03,14.9,18.4,1.4,5.0,3.4,S,43.0,S,SSE,17,15,61,67,1027.0,1027.3,6,8,16.9,16.3,Yes,Yes,1,1,1,2017,5,May,2017-05-01,Q2,123,Automne,16.65,3.4999999999999982,16.0,64.0,1027.15,Faible (1-10),180.0,-2.753548387096778,2.789354838709677,-1.0729091611299866,1.334000998768327,,0,0,0,0
2017-05-04,11.8,20.0,3.8,3.8,3.3,W,24.0,WNW,ESE,13,13,78,45,1031.6,1029.4,6,7,14.7,19.5,Yes,No,1,0,1,2017,5,May,2017-05-01,Q2,124,Automne,15.9,8.2,13.0,61.5,1030.5,Faible (1-10),270.0,-1.1535483870967767,-0.3106451612903225,-0.4494755342315879,-0.14856516269387054,,0,0,0,0
2017-05-05,12.7,21.6,0.4,2.4,8.5,E,26.0,WNW,ENE,15,20,74,54,1031.2,1027.8,1,1,15.1,20.5,No,No,0,0,1,2017,5,May,2017-05-01,Q2,125,Automne,17.15,8.900000000000002,17.5,64.0,1029.5,Sec (≤1 mm),90.0,0.44645161290322477,0.5893548387096761,0.17395809266681067,0.2818572712790249,,0,0,0,0
2017-05-06,12.7,26.2,0.0,4.0,8.4,NNW,43.0,W,N,11,13,77,39,1025.9,1021.1,7,6,14.8,25.2,No,No,0,0,1,2017,5,May,2017-05-01,Q2,126,Automne,19.45,13.5,12.0,58.0,1023.5,Sec (≤1 mm),337.5,5.046451612903223,0.5893548387096761,1.9663297699997042,0.2818572712790249,,0,0,0,0
2017-05-07,14.6,22.2,0.2,4.0,10.0,W,50.0,W,ESE,22,13,47,25,1023.6,1023.2,1,1,17.2,21.1,No,No,0,0,1,2017,5,May,2017-05-01,Q2,127,Automne,18.4,7.6,17.5,36.0,1023.4000000000001,Sec (≤1 mm),270.0,1.0464516129032226,2.4893548387096764,0.40774570275370914,1.1905268541106946,,0,0,0,0
2017-05-08,10.2,20.1,0.0,4.8,9.9,SSW,33.0,W,SE,22,20,49,41,1027.9,1025.1,2,1,12.2,18.9,No,No,0,0,1,2017,5,May,2017-05-01,Q2,128,Automne,15.15,9.900000000000002,21.0,45.0,1026.5,Sec (≤1 mm),202.5,-1.0535483870967752,-1.910645161290324,-0.4105109325504375,-0.9137606008679088,,0,0,0,0
2017-05-09,10.7,21.0,0.0,9.6,7.5,SSE,31.0,W,S,19,13,67,45,1026.9,1024.0,5,1,13.3,19.8,No,No,0,0,1,2017,5,May,2017-05-01,Q2,129,Automne,15.85,10.3,16.0,56.0,1025.45,Sec (≤1 mm),157.5,-0.15354838709677665,-1.410645161290324,-0.05982951742008916,-0.6746370264385221,,0,0,0,0
2017-05-10,10.5,21.7,0.0,3.4,10.0,W,37.0,W,SE,20,13,70,52,1025.1,1021.9,1,1,13.3,20.3,No,No,0,0,1,2017,5,May,2017-05-01,Q2,130,Automne,16.1,11.2,16.5,61.0,1023.5,Sec (≤1 mm),270.0,0.5464516129032226,-1.6106451612903232,0.2129226943479597,-0.7702864562102764,,0,0,0,0
2017-05-11,10.9,22.1,0.0,2.0,8.5,W,30.0,W,SSE,24,19,73,56,1024.7,1022.9,1,7,13.4,19.7,No,No,0,0,1,2017,5,May,2017-05-01,Q2,131,Automne,16.5,11.200000000000001,21.5,64.5,1023.8,Sec (≤1 mm),270.0,0.9464516129032248,-1.2106451612903228,0.36878110107256007,-0.5789875966667668,,0,0,0,0
2017-05-12,12.5,19.6,0.4,2.6,1.7,WNW,26.0,W,ESE,19,17,78,71,1027.0,1024.5,7,7,14.1,18.5,No,Yes,0,1,1,2017,5,May,2017-05-01,Q2,132,Automne,16.05,7.100000000000001,18.0,74.5,1025.75,Sec (≤1 mm),292.5,-1.5535483870967752,0.3893548387096768,-0.6053339409561869,0.18620784150727052,,0,0,0,0
2017-05-13,14.0,21.3,3.2,0.6,7.3,ENE,28.0,WNW,NE,11,17,86,67,1024.9,1021.7,1,7,15.8,20.1,Yes,No,1,0,1,2017,5,May,2017-05-01,Q2,133,Automne,17.65,7.300000000000001,14.0,76.5,1023.3000000000001,Faible (1-10),67.5,0.14645161290322406,1.8893548387096768,0.05706428762336076,0.9035785647954307,,0,0,0,0
2017-05-14,14.7,18.7,0.0,4.0,0.3,ESE,26.0,SW,SE,7,9,89,74,1021.9,1019.2,7,7,16.3,18.1,No,Yes,0,1,1,2017,5,May,2017-05-01,Q2,134,Automne,16.7,4.0,8.0,81.5,1020.55,Sec (≤1 mm),112.5,-2.4535483870967774,2.589354838709676,-0.9560153560865366,1.2383515689965718,,0,0,0,0
2017-05-15,13.1,20.8,5.2,1.6,5.5,SSW,43.0,W,SSW,20,20,75,49,1017.1,1014.0,7,1,14.6,20.2,Yes,No,1,0,1,2017,5,May,2017-05-01,Q2,135,Automne,16.95,7.700000000000001,20.0,62.0,1015.55,Faible (1-10),202.5,-0.35354838709677594,0.9893548387096764,-0.13775872078238866,0.47315613082253444,,0,0,0,0
2017-05-16,11.1,21.9,0.0,3.0,9.9,W,33.0,W,SSE,19,11,59,39,1017.9,1016.5,1,1,14.4,20.3,No,No,0,0,1,2017,5,May,2017-05-01,Q2,136,Automne,16.5,10.799999999999999,15.0,49.0,1017.2,Sec (≤1 mm),270.0,0.7464516129032219,-1.0106451612903236,0.2908518977102592,-0.48333816689501247,,0,0,0,0
2017-05-17,9.8,20.2,0.0,3.4,9.5,W,28.0,W,E,17,17,72,52,1023.4,1021.3,1,2,12.7,19.6,No,No,0,0,1,2017,5,May,2017-05-01,Q2,137,Automne,15.0,10.399999999999999,17.0,62.0,1022.3499999999999,Sec (≤1 mm),270.0,-0.9535483870967774,-2.3106451612903225,-0.37154633086928845,-1.1050594604114174,,0,0,0,0
2017-05-18,12.6,21.5,0.0,3.6,6.4,E,33.0,WNW,E,15,22,79,62,1027.0,1024.7,7,4,14.8,20.2,No,No,0,0,1,2017,5,May,2017-05-01,Q2,138,Automne,17.05,8.9,18.5,70.5,1025.85,Sec (≤1 mm),90.0,0.34645161290322335,0.48935483870967644,0.13499349098566024,0.2340325563931477,,0,0,0,0
2017-05-19,14.8,20.4,0.0,1.4,0.5,NNE,43.0,NE,NNE,11,17,78,72,1025.3,1020.9,7,7,19.5,20.2,No,Yes,0,1,1,2017,5,May,2017-05-01,Q2,139,Automne,17.6,5.599999999999998,14.0,75.0,1023.0999999999999,Sec (≤1 mm),22.5,-0.7535483870967781,2.6893548387096775,-0.293617127506989,1.2861762838824498,,0,0,0,0
2017-05-20,16.7,23.2,14.6,1.0,5.4,NE,35.0,NW,WNW,11,9,86,58,1017.9,1015.4,8,3,17.5,22.8,Yes,No,1,0,1,2017,5,May,2017-05-01,Q2,140,Automne,19.95,6.5,10.0,72.0,1016.65,Modérée (10-30),45.0,2.0464516129032226,4.589354838709676,0.7973917195652079,2.1948458667141186,,0,0,0,0
2017-05-21,13.8,23.5,0.0,4.0,9.2,W,30.0,W,ESE,22,17,69,49,1021.0,1019.3,2,1,15.7,21.9,No,No,0,0,1,2017,5,May,2017-05-01,Q2,141,Automne,18.65,9.7,19.5,59.0,1020.15,Sec (≤1 mm),270.0,2.3464516129032233,1.6893548387096775,0.9142855246086579,0.8079291350236764,,0,0,0,0
2017-05-22,13.0,21.0,0.0,1.0,6.9,W,22.0,W,E,17,11,84,65,1024.7,1021.9,2,4,14.7,20.1,No,No,0,0,1,2017,5,May,2017-05-01,Q2,142,Automne,17.0,8.0,14.0,74.5,1023.3,Sec (≤1 mm),270.0,-0.15354838709677665,0.8893548387096768,-0.05982951742008916,0.42533141593665724,,0,0,0,0
2017-05-23,14.7,22.6,0.0,2.4,8.8,ENE,24.0,WNW,ENE,11,17,82,65,1022.1,1017.2,1,2,16.6,22.4,No,No,0,0,1,2017,5,May,2017-05-01,Q2,143,Automne,18.65,7.900000000000002,14.0,73.5,1019.6500000000001,Sec (≤1 mm),67.5,1.4464516129032248,2.589354838709676,0.5636041094783094,1.2383515689965718,,0,0,0,0
2017-05-24,14.8,22.7,0.8,3.4,9.0,WSW,54.0,NNW,WSW,7,22,77,31,1014.7,1012.7,5,1,16.7,22.5,No,No,0,0,1,2017,5,May,2017-05-01,Q2,144,Automne,18.75,7.899999999999999,14.5,54.0,1013.7,Sec (≤1 mm),247.5,1.5464516129032226,2.6893548387096775,0.6025687111594585,1.2861762838824498,,0,0,0,0
2017-05-25,11.6,21.4,0.0,5.6,9.6,WSW,33.0,W,E,22,11,60,43,1021.3,1018.9,1,0,14.0,19.7,No,No,0,0,1,2017,5,May,2017-05-01,Q2,145,Automne,16.5,9.799999999999999,16.5,51.5,1020.0999999999999,Sec (≤1 mm),247.5,0.24645161290322193,-0.5106451612903236,0.0960288893045098,-0.24421459246562574,,0,0,0,0
2017-05-26,10.6,20.8,0.0,1.8,9.8,W,30.0,W,S,19,13,58,56,1021.7,1019.7,2,3,14.0,19.6,No,No,0,0,1,2017,5,May,2017-05-01,Q2,146,Automne,15.7,10.200000000000001,16.0,57.0,1020.7,Sec (≤1 mm),270.0,-0.35354838709677594,-1.5106451612903236,-0.13775872078238866,-0.7224617413243992,,0,0,0,0
2017-05-27,12.6,20.6,0.0,2.8,7.0,W,24.0,W,ENE,19,15,77,65,1021.8,1017.6,3,3,14.2,19.4,No,No,0,0,1,2017,5,May,2017-05-01,Q2,147,Automne,16.6,8.000000000000002,17.0,71.0,1019.7,Sec (≤1 mm),270.0,-0.5535483870967752,0.48935483870967644,-0.21568792414468813,0.2340325563931477,,0,0,0,0
2017-05-28,11.9,23.7,0.0,2.4,8.4,NNW,48.0,W,NW,13,24,83,37,1013.2,1009.0,1,6,13.3,23.2,No,No,0,0,1,2017,5,May,2017-05-01,Q2,148,Automne,17.8,11.799999999999999,18.5,60.0,1011.1,Sec (≤1 mm),337.5,2.5464516129032226,-0.21064516129032285,0.9922147279709573,-0.10074044780799338,,0,0,0,0
2017-05-29,11.4,18.3,0.0,5.2,9.4,W,56.0,SW,WSW,15,19,44,30,1017.8,1018.6,1,1,13.5,17.5,No,No,0,0,1,2017,5,May,2017-05-01,Q2,149,Automne,14.850000000000001,6.9,17.0,37.0,1018.2,Sec (≤1 mm),270.0,-2.853548387096776,-0.7106451612903228,-1.1118737628111357,-0.3398640222373801,,0,0,0,0
2017-05-30,7.1,17.1,0.0,3.4,9.7,WSW,39.0,W,WNW,17,17,60,37,1023.1,1020.1,1,6,9.7,16.7,No,No,0,0,1,2017,5,May,2017-05-01,Q2,150,Automne,12.100000000000001,10.000000000000002,17.0,48.5,1021.6,Sec (≤1 mm),247.5,-4.053548387096775,-5.010645161290324,-1.5794489829849339,-2.3963267623301063,,0,0,0,0
2017-05-31,9.7,16.3,0.0,3.4,7.8,SSW,52.0,SSW,SSW,20,28,58,43,1025.4,1026.0,6,4,13.4,15.9,No,No,0,0,1,2017,5,May,2017-05-01,Q2,151,Automne,13.0,6.600000000000001,24.0,50.5,1025.7,Sec (≤1 mm),202.5,-4.853548387096776,-2.410645161290324,-1.8911657964341333,-1.1528841752972956,,0,0,0,0
2017-06-01,8.0,18.3,0.0,4.8,9.7,WSW,43.0,W,SSW,28,26,54,39,1032.8,1031.2,1,1,10.3,17.8,No,No,0,0,1,2017,6,Jun,2017-06-01,Q2,152,Hiver,13.15,10.3,27.0,46.5,1032.0,Sec (≤1 mm),247.5,-0.07620689655172441,-2.538275862068966,-0.03752198380370252,-1.123165633730753,,0,0,0,0
2017-06-02,8.5,18.1,0.0,3.2,4.8,SSW,41.0,W,SSW,24,20,61,50,1032.7,1030.8,1,4,10.7,16.4,No,No,0,0,1,2017,6,Jun,2017-06-01,Q2,153,Hiver,13.3,9.600000000000001,22.0,55.5,1031.75,Sec (≤1 mm),202.5,-0.2762068965517237,-2.038275862068966,-0.135995968446903,-0.9019198561312975,,0,0,0,0
2017-06-03,10.7,17.4,0.0,3.4,2.1,S,41.0,W,S,20,22,64,66,1031.1,1028.8,4,7,13.4,16.4,No,Yes,0,1,1,2017,6,Jun,2017-06-01,Q2,154,Hiver,14.049999999999999,6.699999999999999,21.0,65.0,1029.9499999999998,Sec (≤1 mm),180.0,-0.9762068965517265,0.16172413793103324,-0.48065491469810734,0.07156156530630607,,0,0,0,0
2017-06-04,10.5,19.7,1.4,0.6,6.8,W,28.0,W,SSE,20,17,77,57,1028.3,1024.5,1,2,12.2,19.0,Yes,No,1,0,1,2017,6,Jun,2017-06-01,Q2,155,Hiver,15.1,9.2,18.5,67.0,1026.4,Faible (1-10),270.0,1.3237931034482742,-0.03827586206896605,0.6517959086987026,-0.01693674573347579,,0,0,0,0
2017-06-05,9.4,19.6,0.0,2.8,9.4,W,28.0,W,WSW,20,7,78,41,1025.0,1021.5,3,5,11.5,19.2,No,No,0,0,1,2017,6,Jun,2017-06-01,Q2,156,Hiver,14.5,10.200000000000001,13.5,59.5,1023.25,Sec (≤1 mm),270.0,1.2237931034482763,-1.1382758620689657,0.6025589163771032,-0.5036774564522776,,0,0,0,0
2017-06-06,9.1,17.9,0.0,2.2,7.2,WSW,59.0,W,S,19,15,58,43,1019.7,1017.7,2,2,11.2,14.7,No,Yes,0,1,1,2017,6,Jun,2017-06-01,Q2,157,Hiver,13.5,8.799999999999999,17.0,50.5,1018.7,Sec (≤1 mm),247.5,-0.47620689655172654,-1.4382758620689664,-0.23446995309010527,-0.6364249230119512,,0,0,0,0
2017-06-07,8.8,15.5,54.6,2.6,0.0,SSW,56.0,SSW,S,24,17,82,85,1020.2,1019.6,8,8,13.3,14.2,Yes,Yes,1,1,1,2017,6,Jun,2017-06-01,Q2,158,Hiver,12.15,6.699999999999999,20.5,83.5,1019.9000000000001,Forte (>30),202.5,-2.876206896551725,-1.7382758620689653,-1.4161577688085147,-0.769172389571624,,1,0,0,0
2017-06-08,12.4,18.1,61.0,1.8,1.3,SE,44.0,W,S,17,15,91,84,1024.2,1023.4,5,6,13.3,16.9,Yes,Yes,1,1,1,2017,6,Jun,2017-06-01,Q2,159,Hiver,15.25,5.700000000000001,16.0,87.5,1023.8,Forte (>30),135.0,-0.2762068965517237,1.8617241379310343,-0.135995968446903,0.8237972091444551,,1,0,0,0
2017-06-09,10.4,18.9,3.4,1.6,4.8,ESE,52.0,W,SSE,19,28,90,64,1027.6,1026.7,6,7,12.5,18.2,Yes,Yes,1,1,1,2017,6,Jun,2017-06-01,Q2,160,Hiver,14.649999999999999,8.499999999999998,23.5,77.0,1027.15,Faible (1-10),112.5,0.5237931034482735,-0.1382758620689657,0.25789997012589894,-0.061185901253366724,,0,0,0,0
2017-06-10,12.5,18.1,38.8,3.6,0.2,SSE,50.0,SE,SSE,17,15,85,70,1031.9,1030.2,7,7,15.8,17.5,Yes,Yes,1,1,1,2017,6,Jun,2017-06-01,Q2,161,Hiver,15.3,5.600000000000001,16.0,77.5,1031.0500000000002,Forte (>30),157.5,-0.2762068965517237,1.961724137931034,-0.135995968446903,0.868046364664346,,0,0,0,0
2017-06-11,12.5,17.2,2.8,1.6,0.2,WNW,20.0,W,W,15,6,90,85,1029.2,1025.9,5,6,13.1,16.0,Yes,Yes,1,1,1,2017,6,Jun,2017-06-01,Q2,162,Hiver,14.85,4.699999999999999,10.5,87.5,1027.5500000000002,Faible (1-10),292.5,-1.1762068965517258,1.961724137931034,-0.5791288993413078,0.868046364664346,,0,0,0,0
2017-06-12,11.3,20.4,1.2,0.8,7.5,SSE,26.0,WNW,SSE,15,15,92,59,1025.0,1024.0,2,3,11.6,19.1,Yes,No,1,0,1,2017,6,Jun,2017-06-01,Q2,163,Hiver,15.85,9.099999999999998,15.0,75.5,1024.5,Faible (1-10),157.5,2.0237931034482735,0.7617241379310347,0.9964548549499053,0.3370564984256532,,0,0,0,0
2017-06-13,9.5,18.7,0.0,2.2,9.1,SSE,37.0,W,SSE,20,22,82,62,1030.0,1029.1,2,3,11.2,18.2,No,Yes,0,1,1,2017,6,Jun,2017-06-01,Q2,164,Hiver,14.1,9.2,21.0,72.0,1029.55,Sec (≤1 mm),157.5,0.32379310344827417,-1.038275862068966,0.15942598548269846,-0.4594283009323867,,0,0,0,0
2017-06-14,11.1,17.8,2.6,1.8,2.9,WNW,24.0,WNW,ENE,13,9,82,78,1031.3,1028.4,3,7,13.3,17.4,Yes,No,1,0,1,2017,6,Jun,2017-06-01,Q2,165,Hiver,14.45,6.700000000000001,11.0,80.0,1029.85,Faible (1-10),292.5,-0.5762068965517244,0.5617241379310336,-0.2837069454117046,0.2485581873858706,,0,0,0,0
2017-06-15,10.7,20.1,0.6,1.2,6.4,W,22.0,W,ENE,13,15,89,69,1027.9,1024.4,2,6,11.9,18.7,No,No,0,0,1,2017,6,Jun,2017-06-01,Q2,166,Hiver,15.4,9.400000000000002,14.0,79.0,1026.15,Sec (≤1 mm),270.0,1.7237931034482763,0.16172413793103324,0.8487438779851054,0.07156156530630607,,0,0,0,0
2017-06-16,11.9,17.3,0.0,1.6,0.2,WNW,26.0,W,WSW,19,7,79,69,1026.2,1023.5,7,7,13.3,17.2,No,No,0,0,1,2017,6,Jun,2017-06-01,Q2,167,Hiver,14.600000000000001,5.4,13.0,74.0,1024.85,Sec (≤1 mm),292.5,-1.0762068965517244,1.3617241379310343,-0.5298919070197067,0.6025514315449996,,0,0,0,0
2017-06-17,13.2,19.1,0.0,1.0,0.2,SSW,26.0,WNW,SSW,9,13,81,67,1024.3,1021.8,7,7,14.6,17.4,No,Yes,0,1,1,2017,6,Jun,2017-06-01,Q2,168,Hiver,16.15,5.900000000000002,11.0,74.0,1023.05,Sec (≤1 mm),202.5,0.7237931034482763,2.6617241379310332,0.35637395476910116,1.1777904533035832,,0,0,0,0
2017-06-18,11.3,18.0,1.8,2.0,6.3,S,52.0,SW,SSW,13,28,83,62,1025.7,1025.8,3,5,12.9,17.6,Yes,No,1,0,1,2017,6,Jun,2017-06-01,Q2,169,Hiver,14.65,6.699999999999999,20.5,72.5,1025.75,Faible (1-10),180.0,-0.3762068965517251,0.7617241379310347,-0.18523296076850412,0.3370564984256532,,0,0,0,0
2017-06-19,11.2,18.3,0.4,2.2,1.9,SSW,37.0,W,S,17,19,79,69,1030.4,1028.4,6,7,12.7,17.2,No,Yes,0,1,1,2017,6,Jun,2017-06-01,Q2,170,Hiver,14.75,7.100000000000001,18.0,74.0,1029.4,Sec (≤1 mm),202.5,-0.07620689655172441,0.6617241379310332,-0.03752198380370252,0.2928073429057615,,0,0,0,0
2017-06-20,11.3,20.0,4.4,2.2,5.8,W,26.0,W,SSW,19,9,88,60,1028.7,1025.2,6,1,11.9,19.7,Yes,No,1,0,1,2017,6,Jun,2017-06-01,Q2,171,Hiver,15.65,8.7,14.0,74.0,1026.95,Faible (1-10),270.0,1.6237931034482749,0.7617241379310347,0.7995068856635043,0.3370564984256532,,0,0,0,0
2017-06-21,8.6,19.6,0.0,2.0,7.8,SSE,37.0,W,SSE,22,20,73,52,1025.9,1025.3,2,2,10.5,17.9,No,No,0,0,1,2017,6,Jun,2017-06-01,Q2,172,Hiver,14.100000000000001,11.000000000000002,21.0,62.5,1025.6,Sec (≤1 mm),157.5,1.2237931034482763,-1.9382758620689664,0.6025589163771032,-0.8576707006114066,,0,0,0,0
2017-06-22,9.3,19.2,0.0,2.0,9.2,W,30.0,W,ESE,20,7,78,53,1028.5,1024.6,2,2,11.0,18.7,No,No,0,0,1,2017,6,Jun,2017-06-01,Q2,173,Hiver,14.25,9.899999999999999,13.5,65.5,1026.55,Sec (≤1 mm),270.0,0.8237931034482742,-1.2382758620689653,0.40561094709070056,-0.5479266119721685,,0,0,0,0
2017-06-23,9.4,17.7,0.0,2.4,2.7,W,24.0,WNW,N,15,13,85,56,1020.8,1015.0,6,6,10.2,17.3,No,No,0,0,1,2017,6,Jun,2017-06-01,Q2,174,Hiver,13.55,8.299999999999999,14.0,70.5,1017.9,Sec (≤1 mm),270.0,-0.6762068965517258,-1.1382758620689657,-0.3329439377333057,-0.5036774564522776,,0,0,0,0
2017-06-24,10.1,19.3,0.0,1.4,9.3,W,43.0,W,W,17,19,56,35,1017.3,1015.1,5,2,12.4,19.0,No,No,0,0,1,2017,6,Jun,2017-06-01,Q2,175,Hiver,14.7,9.200000000000001,18.0,45.5,1016.2,Sec (≤1 mm),270.0,0.9237931034482756,-0.4382758620689664,0.45484793941230167,-0.1939333678130403,,0,0,0,0
2017-06-25,7.6,19.3,0.0,3.4,9.4,W,35.0,W,W,13,13,73,32,1018.6,1015.4,1,1,9.4,18.8,No,No,0,0,1,2017,6,Jun,2017-06-01,Q2,176,Hiver,13.45,11.700000000000001,13.0,52.5,1017.0,Sec (≤1 mm),270.0,0.9237931034482756,-2.9382758620689664,0.45484793941230167,-1.3001622558103176,,0,0,0,0
